id,base,guard,verdict,t_req,A1,A2,A3,A4,WF,B1,B2,B3,B4,active_train,active_valid,active_valid2,active_t_trval,sharpe_train,sharpe_valid,sharpe_valid2,bench_sharpe_trval,sharpe_trval,cagr_trval,maxdd_trval,bench_maxdd_trval,maxdd_valid2,turnover_trval,active_up_months_all,active_down_months_all,wf_share,wf_folds,dsr_abs,nb,nb_active_trval,nb_sharpe_diff_trval,guard_on_checks,guard_on_share,fails_A
C_S6M_G1,S6M,G1,near,3.1020,True,False,True,True,False,False,True,False,True,0.2258,0.0910,0.4975,1.9047,1.3743,0.7105,1.4804,0.8316,1.0276,0.3202,-0.3794,-0.3976,-0.3318,8.1815,0.2055,0.2298,0.5560,108,0.5656,C_S6M_G2;C_S1W_G1,0.1242,0.1913,100,0.1960,A2;WF
C_S6M_G2,S6M,G2,near,3.1020,True,False,True,True,False,False,True,False,True,0.1638,0.0572,0.4410,1.1783,1.4282,0.6611,1.4149,0.8316,0.9992,0.2731,-0.3008,-0.3976,-0.3318,8.1688,0.0625,0.4114,0.5650,108,0.5346,C_S6M_G1;C_S1W_G2,0.1234,0.2001,100,0.1960,A2;WF
C_S6M_G3,S6M,G3,near,3.1020,True,False,True,True,True,False,True,False,True,0.2416,0.1529,0.3787,2.3614,1.4189,0.8362,1.2286,0.8316,1.1031,0.3658,-0.3793,-0.3976,-0.3318,9.3118,0.2568,0.1689,0.6020,108,0.6455,C_S6M_G4;C_S1W_G3,0.1364,0.1680,36,0.0710,A2
C_S6M_G4,S6M,G4,near,3.1020,True,False,True,True,False,False,False,False,True,0.1749,0.0842,0.3453,1.6342,1.2349,0.7027,1.2542,0.8316,0.9557,0.2847,-0.4131,-0.3976,-0.3213,10.3128,0.1831,0.1356,0.5460,108,0.4864,C_S6M_G3;C_S1W_G4,0.1407,0.1628,113,0.2220,A2;WF
C_S6M_G5a,S6M,G5a,near,3.1020,True,False,True,True,False,False,False,False,True,0.1155,0.1229,0.2785,2.0806,1.1785,0.9285,1.2823,0.8316,1.0455,0.2843,-0.3976,-0.3976,-0.2471,5.1983,0.1822,0.0375,0.5190,108,0.5846,C_S6M_G5b;C_S1W_G5a,0.1297,0.2560,268,0.5270,A2;WF
C_S6M_G5b,S6M,G5b,near,3.1020,True,False,True,True,False,True,False,False,True,0.1276,0.2062,0.5405,2.5796,1.2096,1.1112,1.6742,0.8316,1.1502,0.3399,-0.3976,-0.3976,-0.2471,5.5547,0.2819,0.0982,0.5090,108,0.6917,C_S6M_G5a;C_S6M_G5c;C_S1W_G5b,0.1407,0.2582,186,0.3650,A2;WF
C_S6M_G5c,S6M,G5c,near,3.1020,True,False,True,True,False,True,False,False,True,0.1527,0.2449,0.5729,2.7918,1.2079,1.1932,1.6594,0.8316,1.1962,0.3765,-0.4060,-0.3976,-0.2471,6.1911,0.2946,0.1685,0.5930,108,0.7328,C_S6M_G5b;C_S1W_G5c,0.1471,0.2782,121,0.2380,A2;WF
C_S6M_G6,S6M,G6,near,3.1020,True,False,True,True,True,True,False,False,True,0.3108,0.1965,0.6136,2.8778,1.5163,0.9646,1.5465,0.8316,1.2328,0.4398,-0.4059,-0.3976,-0.3318,7.5022,0.3228,0.2918,0.6110,108,0.7662,C_S1W_G6,0.1726,0.2850,8,0.0160,A2
C_S6M_G7,S6M,G7,near,3.1020,True,False,True,True,True,True,True,False,True,0.2096,0.1610,0.4497,2.8518,1.3591,1.0055,1.5449,0.8316,1.1806,0.3628,-0.3964,-0.3976,-0.2468,5.7113,0.2518,0.1657,0.6300,108,0.7193,C_S1W_G7,0.1360,0.2812,0,0.0000,A2
C_S1W_G1,S1W,G1,near,3.1020,True,False,True,True,True,True,True,False,True,0.1438,0.1293,0.4878,2.2679,1.1797,0.9197,1.5824,0.8316,1.0466,0.3010,-0.3969,-0.3976,-0.3290,9.3046,0.1759,0.2250,0.6940,108,0.5859,C_S1W_G2;C_S6M_G1,0.1234,0.2001,86,0.1690,A2
C_S1W_G2,S1W,G2,near,3.1020,True,False,True,True,True,True,True,False,True,0.0792,0.0949,0.4283,1.1228,1.2188,0.8945,1.5141,0.8316,1.0357,0.2530,-0.3136,-0.3976,-0.3290,9.2861,0.0307,0.4055,0.6300,108,0.5745,C_S1W_G1;C_S6M_G2,0.1242,0.1913,86,0.1690,A2
C_S1W_G3,S1W,G3,near,3.1020,True,False,True,True,True,False,True,False,True,0.1383,0.1462,0.3760,2.1946,1.1743,0.9293,1.3084,0.8316,1.0435,0.3056,-0.3969,-0.3976,-0.3290,10.3660,0.1966,0.1447,0.6390,108,0.5823,C_S1W_G4;C_S6M_G3,0.1407,0.1628,30,0.0590,A2
C_S1W_G4,S1W,G4,near,3.1020,True,False,True,True,False,False,False,False,True,0.0819,0.0847,0.3098,1.3481,0.9848,0.7915,1.2728,0.8316,0.8856,0.2358,-0.4228,-0.3976,-0.3365,11.0487,0.1124,0.1418,0.5830,108,0.4101,C_S1W_G3;C_S6M_G4,0.1364,0.1680,97,0.1910,A2;WF
C_S1W_G5a,S1W,G5a,near,3.1020,True,False,True,True,True,True,False,False,True,0.0599,0.1282,0.2995,2.2728,0.9967,1.0534,1.5400,0.8316,1.0248,0.2582,-0.4006,-0.3976,-0.2350,6.1487,0.1632,0.0348,0.6110,108,0.5620,C_S1W_G5b;C_S6M_G5a,0.1122,0.2050,239,0.4700,A2
C_S1W_G5b,S1W,G5b,near,3.1020,True,False,True,True,True,True,False,False,True,0.0762,0.1356,0.5724,2.2247,1.0527,1.0082,1.9846,0.8316,1.0276,0.2696,-0.4006,-0.3976,-0.2350,6.7405,0.2396,0.0505,0.6300,108,0.5649,C_S1W_G5a;C_S1W_G5c;C_S6M_G5b,0.1292,0.2499,165,0.3240,A2
C_S1W_G5c,S1W,G5c,near,3.1020,True,False,True,True,True,True,False,False,True,0.0895,0.1684,0.5593,2.4073,1.0437,1.0961,1.7859,0.8316,1.0694,0.2949,-0.4142,-0.3976,-0.2350,7.5994,0.2260,0.1280,0.6570,108,0.6090,C_S1W_G5b;C_S6M_G5c,0.1515,0.2803,106,0.2080,A2
C_S1W_G6,S1W,G6,near,3.1020,True,False,True,True,True,True,False,False,True,0.1756,0.1695,0.6068,2.7033,1.2323,1.0059,1.6919,0.8316,1.1166,0.3426,-0.4142,-0.3976,-0.3290,8.7483,0.2338,0.2577,0.6480,108,0.6576,C_S6M_G6,0.2549,0.4013,7,0.0140,A2
C_S1W_G7,S1W,G7,near,3.1020,True,False,True,True,True,True,False,False,True,0.1232,0.1494,0.4566,2.8348,1.1451,1.0798,1.7622,0.8316,1.1128,0.3066,-0.4053,-0.3976,-0.2346,7.0151,0.2048,0.1430,0.6760,108,0.6537,C_S6M_G7,0.1858,0.3490,0,0.0000,A2
S6_mom12_1rev_N20_M,S6M,PARENT,control,3.1020,True,False,False,True,True,True,False,False,False,0.3142,0.2101,0.6136,2.9816,1.5248,0.9943,1.5465,0.8316,1.2511,0.4511,-0.4059,-0.3976,-0.3318,6.8066,0.3296,0.2966,0.6300,108,0.7812,,,,0,0.0000,A2;A3
S1_mom12_1_N50_W,S1W,PARENT,control,3.1020,True,False,False,True,True,True,False,False,False,0.1903,0.1848,0.6068,2.9144,1.2660,1.0478,1.6919,0.8316,1.1549,0.3618,-0.4142,-0.3976,-0.3290,8.2392,0.2468,0.2670,0.6670,108,0.6958,,,,0,0.0000,A2;A3
