finalist,exit,tr_n,tr_exp,tr_t,va_n,va_exp,va_t,va_ex_top3_days,va_days
1,t1s1,206,0.1090,1.7232,68,0.0762,0.5782,,
1,t05s1,206,0.0562,1.3908,68,-0.1155,-1.3100,,
1,t1s05,206,0.0226,0.4538,68,0.0048,0.0549,,
1,jd,206,-0.0180,-0.6641,68,-0.1229,-2.8181,,
1,e9c1,206,-0.0708,-3.7008,68,-0.0658,-2.1089,,
1,c9,206,-0.0180,-0.6641,68,-0.1229,-2.8181,,
1,trail9,206,-0.0937,-5.0404,68,-0.1231,-3.4183,,
1,tx,206,0.1906,2.3535,68,0.3007,2.0924,0.1040,14.0000
2,t1s1,133,0.0369,0.5027,34,0.0178,0.1693,,
2,t05s1,133,-0.0279,-0.5383,34,-0.0847,-1.3734,,
2,t1s05,133,-0.0300,-0.4331,34,-0.0130,-0.1205,,
2,jd,133,-0.0815,-2.6247,34,-0.0642,-0.8959,,
2,e9c1,133,-0.0543,-2.3543,34,0.0002,0.0028,,
2,c9,133,-0.0731,-1.8675,34,-0.0845,-1.1910,,
2,trail9,133,-0.1029,-3.9667,34,-0.0672,-1.0653,,
2,tx,133,0.1623,2.0272,34,0.4506,3.2498,0.2359,13.0000
3,t1s1,135,0.1339,1.6074,47,0.0072,0.0443,,
3,t05s1,135,0.0789,1.5373,47,-0.1558,-1.4380,,
3,t1s05,135,0.0001,0.0012,47,0.0174,0.1568,,
3,jd,135,-0.0562,-1.2845,47,-0.0804,-1.1785,,
3,e9c1,135,-0.0724,-4.8023,47,-0.0415,-0.9340,,
3,c9,135,-0.0562,-1.2845,47,-0.0804,-1.1785,,
3,trail9,135,-0.0842,-3.7485,47,-0.1008,-1.8093,,
3,tx,135,0.3000,2.5487,47,0.2774,1.9328,0.0615,14.0000
4,t1s1,805,0.0232,0.4866,303,0.0422,0.5164,,
4,t05s1,805,-0.0141,-0.3726,303,-0.0026,-0.0411,,
4,t1s05,805,-0.0063,-0.1404,303,-0.0193,-0.2410,,
4,jd,805,-0.0447,-1.5236,303,-0.0326,-0.8864,,
4,e9c1,805,-0.0519,-3.7780,303,-0.0392,-1.9070,,
4,c9,805,-0.0447,-1.5236,303,-0.0326,-0.8864,,
4,trail9,805,-0.0828,-4.7522,303,-0.0807,-3.1940,,
4,tx,805,0.0977,1.8824,303,0.1325,1.8252,-0.0025,14.0000
5,t1s1,271,-0.0616,-0.8018,123,-0.0819,-1.1991,,
5,t05s1,271,-0.1136,-2.3669,123,-0.2254,-5.3479,,
5,t1s05,271,-0.0902,-1.7740,123,-0.0858,-1.1057,,
5,jd,271,-0.0577,-0.8776,123,0.0089,0.1559,,
5,e9c1,271,-0.0626,-1.8763,123,-0.0402,-1.9453,,
5,c9,271,-0.0522,-0.7742,123,-0.0136,-0.2274,,
5,trail9,271,-0.1536,-4.2319,123,-0.1203,-2.2585,,
5,tx,271,0.2649,1.8221,123,0.2355,2.0407,0.0730,14.0000
6,t1s1,137,0.0897,1.1037,82,0.0402,0.3213,,
6,t05s1,137,0.0332,0.4450,82,-0.0020,-0.0213,,
6,t1s05,137,-0.0133,-0.2309,82,-0.0078,-0.1053,,
6,jd,137,-0.0630,-2.4406,82,-0.1040,-3.9794,,
6,e9c1,137,-0.0616,-2.4118,82,-0.0855,-3.3666,,
6,c9,137,-0.0696,-2.8031,82,-0.1117,-4.6932,,
6,trail9,137,-0.0728,-2.7789,82,-0.1183,-3.8716,,
6,tx,137,0.1882,2.0125,82,0.3168,1.7820,-0.0620,14.0000
7,t1s1,75,0.1202,1.1071,30,-0.1350,-0.7292,,
7,t05s1,75,0.0589,0.8734,30,-0.2915,-2.5452,,
7,t1s05,75,-0.0615,-0.6798,30,0.0010,0.0071,,
7,jd,75,-0.0832,-2.0765,30,-0.0576,-0.5871,,
7,e9c1,75,-0.0698,-3.1585,30,-0.0927,-3.1150,,
7,c9,75,-0.0832,-2.0765,30,-0.0576,-0.5871,,
7,trail9,75,-0.1100,-3.4469,30,-0.1433,-3.0956,,
7,tx,75,0.2676,2.0742,30,0.3576,1.7802,0.0658,12.0000
8,t1s1,491,0.0220,0.3692,166,0.1931,4.0483,,
8,t05s1,491,-0.0400,-0.9353,166,0.1170,2.4412,,
8,t1s05,491,-0.0248,-0.6407,166,0.0459,1.1824,,
8,jd,491,-0.0609,-7.3835,166,-0.0455,-2.7456,,
8,e9c1,491,-0.0636,-10.3284,166,-0.0580,-3.8798,,
8,c9,491,-0.0571,-5.9608,166,-0.0388,-2.1960,,
8,trail9,491,-0.0791,-9.2534,166,-0.0665,-3.3976,,
8,tx,491,0.1985,1.7757,166,0.4347,5.8305,0.3123,13.0000
