config,setup,split,n,n_time_exit,share,mean_r_time_exit,mean_r_resolved,exit_clock
base,heat_fade_short,train,520,74,0.1423076923076923,0.0829170709108218,0.041098903751943056,15:55
base,heat_fade_short,valid,141,14,0.09929078014184398,0.21163067369418048,0.17689065956202293,15:55
base,heat_fade_long,train,484,152,0.3140495867768595,-0.096583581163219,0.20476360036702773,15:55
base,heat_fade_long,valid,108,36,0.3333333333333333,0.07165355043078589,-0.12464205467594226,15:55
base,exhaustion_short,train,333,139,0.4174174174174174,0.1258141619220135,0.37553762087906123,15:55
base,exhaustion_short,valid,51,18,0.35294117647058826,0.14783419519542965,0.14989351833219755,15:55
base,orb20_a,train,209,84,0.4019138755980861,0.12901257198465815,-0.002758258119813357,15:50
base,orb20_a,valid,101,50,0.49504950495049505,0.13550228418073673,-0.031192893993013678,15:50
base,intraday_momentum,train,80,80,1.0,-0.01386495027782545,,15:55
base,intraday_momentum,valid,36,35,0.9722222222222222,0.06458322224369555,-1.0816334272715318,15:55
orb20a_until1030,heat_fade_short,train,520,74,0.1423076923076923,0.0829170709108218,0.041098903751943056,15:55
orb20a_until1030,heat_fade_short,valid,141,14,0.09929078014184398,0.21163067369418048,0.17689065956202293,15:55
orb20a_until1030,heat_fade_long,train,484,152,0.3140495867768595,-0.096583581163219,0.20476360036702773,15:55
orb20a_until1030,heat_fade_long,valid,108,36,0.3333333333333333,0.07165355043078589,-0.12464205467594226,15:55
orb20a_until1030,exhaustion_short,train,333,139,0.4174174174174174,0.1258141619220135,0.37553762087906123,15:55
orb20a_until1030,exhaustion_short,valid,51,18,0.35294117647058826,0.14783419519542965,0.14989351833219755,15:55
orb20a_until1030,orb20_a,train,190,76,0.4,0.1231988162546616,-0.028920512823766398,15:50
orb20a_until1030,orb20_a,valid,92,43,0.4673913043478261,0.08977939424732947,0.009050133076712066,15:50
orb20a_until1030,intraday_momentum,train,80,80,1.0,-0.01386495027782545,,15:55
orb20a_until1030,intraday_momentum,valid,36,35,0.9722222222222222,0.06458322224369555,-1.0816334272715318,15:55
orb20a_until1100,heat_fade_short,train,520,74,0.1423076923076923,0.0829170709108218,0.041098903751943056,15:55
orb20a_until1100,heat_fade_short,valid,141,14,0.09929078014184398,0.21163067369418048,0.17689065956202293,15:55
orb20a_until1100,heat_fade_long,train,484,152,0.3140495867768595,-0.096583581163219,0.20476360036702773,15:55
orb20a_until1100,heat_fade_long,valid,108,36,0.3333333333333333,0.07165355043078589,-0.12464205467594226,15:55
orb20a_until1100,exhaustion_short,train,333,139,0.4174174174174174,0.1258141619220135,0.37553762087906123,15:55
orb20a_until1100,exhaustion_short,valid,51,18,0.35294117647058826,0.14783419519542965,0.14989351833219755,15:55
orb20a_until1100,orb20_a,train,200,79,0.395,0.13594593186924692,-0.005828262128407081,15:50
orb20a_until1100,orb20_a,valid,97,47,0.4845360824742268,0.1050222131673883,-0.0115762508430057,15:50
orb20a_until1100,intraday_momentum,train,80,80,1.0,-0.01386495027782545,,15:55
orb20a_until1100,intraday_momentum,valid,36,35,0.9722222222222222,0.06458322224369555,-1.0816334272715318,15:55
exh_end1400,heat_fade_short,train,520,74,0.1423076923076923,0.0829170709108218,0.041098903751943056,15:55
exh_end1400,heat_fade_short,valid,141,14,0.09929078014184398,0.21163067369418048,0.17689065956202293,15:55
exh_end1400,heat_fade_long,train,484,152,0.3140495867768595,-0.096583581163219,0.20476360036702773,15:55
exh_end1400,heat_fade_long,valid,108,36,0.3333333333333333,0.07165355043078589,-0.12464205467594226,15:55
exh_end1400,exhaustion_short,train,181,89,0.49171270718232046,0.12959697505233403,0.2691873577551333,15:55
exh_end1400,exhaustion_short,valid,40,11,0.275,0.13073126157396076,0.2505723914469108,15:55
exh_end1400,orb20_a,train,209,84,0.4019138755980861,0.12901257198465815,-0.002758258119813357,15:50
exh_end1400,orb20_a,valid,101,50,0.49504950495049505,0.13550228418073673,-0.031192893993013678,15:50
exh_end1400,intraday_momentum,train,80,80,1.0,-0.01386495027782545,,15:55
exh_end1400,intraday_momentum,valid,36,35,0.9722222222222222,0.06458322224369555,-1.0816334272715318,15:55
exh_end1430,heat_fade_short,train,520,74,0.1423076923076923,0.0829170709108218,0.041098903751943056,15:55
exh_end1430,heat_fade_short,valid,141,14,0.09929078014184398,0.21163067369418048,0.17689065956202293,15:55
exh_end1430,heat_fade_long,train,484,152,0.3140495867768595,-0.096583581163219,0.20476360036702773,15:55
exh_end1430,heat_fade_long,valid,108,36,0.3333333333333333,0.07165355043078589,-0.12464205467594226,15:55
exh_end1430,exhaustion_short,train,255,127,0.4980392156862745,0.11951689875798374,0.22225823992607013,15:55
exh_end1430,exhaustion_short,valid,46,13,0.2826086956521739,0.15648825617419856,0.14989351833219755,15:55
exh_end1430,orb20_a,train,209,84,0.4019138755980861,0.12901257198465815,-0.002758258119813357,15:50
exh_end1430,orb20_a,valid,101,50,0.49504950495049505,0.13550228418073673,-0.031192893993013678,15:50
exh_end1430,intraday_momentum,train,80,80,1.0,-0.01386495027782545,,15:55
exh_end1430,intraday_momentum,valid,36,35,0.9722222222222222,0.06458322224369555,-1.0816334272715318,15:55
