config,split,scope,n,exp,se,wr,total,ex_best_day,day_t,days,d_total,d_t,d_ex_best_day,d_best_day,d_days_nonzero
base,train,portfolio,1626,0.10915887455290141,0.021572817969350958,0.552890528905289,177.4923300230177,108.18042399061008,1.7800297200858999,30,,,,,
base,valid,portfolio,437,0.07552357130450137,0.04222609965434846,0.5354691075514875,33.0038006600671,17.683091788676705,1.1229692772961188,14,,,,,
hfs_start0955,train,portfolio,1520,0.10108412773760879,0.02217272486273076,0.5486842105263158,153.64787416116536,81.11934980516905,1.5730034479043409,30,-23.844455861852328,-1.0032839618340819,-28.71514151588738,4.870685654035055,30.0
hfs_start0955,train,heat_fade_short,412,0.003864575135565549,0.04592352704058756,0.5194174757281553,1.5922049558530063,-11.125189657783613,0.034030806679791206,30,-22.873769364914413,-0.9807663656497143,-27.744455018949466,4.870685654035055,30.0
hfs_start0955,valid,portfolio,414,0.052196094523633135,0.043061513441302074,0.5217391304347826,21.609183132784118,0.4183703054945198,0.6800669832786912,14,-11.394617527282975,-0.956864266380296,-17.26472148318218,5.870103955899204,11.0
hfs_start0955,valid,heat_fade_short,117,0.1207713190876735,0.08696140432609606,0.5811965811965812,14.1302443332578,6.174573678997651,0.898794827712446,14,-11.29769886283764,-0.9480483659694624,-17.167802818736845,5.870103955899204,11.0
hfs_start1000,train,portfolio,1477,0.09328861317513694,0.022405845698563832,0.5443466486120515,137.78728165967726,65.25875730368095,1.404347923553718,30,-39.70504836334043,-1.7744154081814343,-43.09710649051789,3.3920581271774592,30.0
hfs_start1000,train,heat_fade_short,367,-0.037836878939751364,0.04819772046291161,0.4986376021798365,-13.88613457088875,-25.356401213190445,-0.29179067772812806,30,-38.35210889165617,-1.7447787458773152,-41.744167018833636,3.39205812717746,30.0
hfs_start1000,valid,portfolio,403,0.041357594961856176,0.04361517416572197,0.5186104218362283,16.66711076962804,-1.7841254792971206,0.5360769701147088,14,-16.33668989043906,-1.441132727543141,-19.467217267973826,3.130527377534765,12.0
hfs_start1000,valid,heat_fade_short,105,0.08736657527011953,0.09289406570249628,0.5714285714285714,9.17349040336255,1.3073422980551106,0.5817496313171207,14,-16.254452792732895,-1.43066224680104,-19.38498017026766,3.130527377534765,12.0
hfs_range_k0.15,train,portfolio,1365,0.1009520272399266,0.023141066127476982,0.5465201465201465,137.7995171824998,65.20054367721725,1.4352149050837093,30,-39.69281284051787,-1.7284914846177206,-47.02140642075735,7.328593580239486,30.0
hfs_range_k0.15,train,heat_fade_short,252,-0.060960460944870155,0.058429593908610675,0.4880952380952381,-15.36203615810728,-27.373988063781,-0.3238512617505161,30,-39.8280104788747,-1.741339403916121,-47.15660405911419,7.328593580239488,30.0
hfs_range_k0.15,valid,portfolio,334,0.0534211461634034,0.04674089780580706,0.5149700598802395,17.842662818576734,4.643405236374857,0.7978111674273763,14,-15.161137841490362,-1.322569301004855,-18.7695606219822,3.6084227804918374,14.0
hfs_range_k0.15,valid,heat_fade_short,35,0.2999462492676536,0.1504557836944726,0.6857142857142857,10.498118724367878,5.1609445464517645,1.3409078243268178,14,-14.929824471727564,-1.301704947874846,-18.5382472522194,3.6084227804918374,14.0
hfs_range_k0.25,train,portfolio,1559,0.10394693084205578,0.021900958801753335,0.549711353431687,162.05326518276496,92.5984610741591,1.6121763948205494,30,-15.439064840252723,-2.0523014721799195,-17.525001145969235,2.085936305716512,23.0
hfs_range_k0.25,train,heat_fade_short,452,0.019868998795455204,0.04369553604246176,0.5243362831858407,8.980787455545752,-16.262216579550405,0.155658423361129,30,-15.48518686522166,-2.0528840673655133,-17.571123170938172,2.085936305716512,23.0
hfs_range_k0.25,valid,portfolio,405,0.06524471582462607,0.04359343281087229,0.528395061728395,26.42410990897356,13.389167466369798,0.997309241238808,14,-6.5796907510935405,-1.0924683604675633,-10.671597578832131,4.091906827738591,10.0
hfs_range_k0.25,valid,heat_fade_short,108,0.1754182510134003,0.09090957953398242,0.6111111111111112,18.945171109447234,7.881359974366534,1.3742492414080338,14,-6.4827720866482075,-1.0744735461401909,-10.574678914386798,4.091906827738591,10.0
orb20a_until1030,train,portfolio,1607,0.10769522577145488,0.021650543732111244,0.552582451773491,173.066227814728,103.75432178232037,1.7269943922951458,30,-4.426102208289704,-0.8869797597198549,-5.803450910092766,1.3773487018030623,16.0
orb20a_until1030,train,orb20_a,190,0.031927218807604796,0.07278891260875259,0.4631578947368421,6.066171573444912,1.269501099315801,0.39088498151329654,30,-4.426102208289705,-0.8869797597198549,-5.803450910092767,1.3773487018030623,16.0
orb20a_until1030,valid,portfolio,428,0.07505489373380377,0.04278131812803133,0.5373831775700935,32.123494518068014,17.674868036443083,1.1268728923583893,14,-0.880306141999081,-0.34967343870191353,-2.064459004033262,1.184152862034181,7.0
orb20a_until1030,valid,orb20_a,92,0.046782287754283274,0.10118852954582254,0.45652173913043476,4.303970473394061,1.2379146666350365,0.5891678519815534,14,-0.8803061419990792,-0.3496734387019127,-2.0644590040332607,1.1841528620341815,7.0
orb20a_until1100,train,portfolio,1617,0.10948334269722716,0.021623357153670992,0.5528756957328386,177.03456514141632,107.7226591090087,1.7720934730662499,30,-0.4577648816013664,-0.1605350159401273,-1.8351135834044288,1.3773487018030623,9.0
orb20a_until1100,train,orb20_a,200,0.050172544500666244,0.07136975047694565,0.47,10.034508900133249,5.237838426004138,0.6870430503844208,30,-0.4577648816013675,-0.16053501594012762,-1.8351135834044299,1.3773487018030623,9.0
orb20a_until1100,valid,portfolio,433,0.07431121367526772,0.04245061478108978,0.535796766743649,32.17675552139092,17.728129039765992,1.113884816197655,14,-0.8270451386761764,-0.485526374447049,-1.839070190169588,1.0120250514934117,4.0
orb20a_until1100,valid,orb20_a,97,0.044919912131102704,0.09738041031657638,0.4536082474226804,4.357231476716962,1.2911756699579375,0.6316092885158177,14,-0.827045138676175,-0.48552637444704827,-1.8390701901695872,1.0120250514934122,4.0
exh_end1400,train,portfolio,1474,0.0837511741916214,0.022866840680197294,0.5345997286295794,123.44923075844994,90.45390322699357,1.645826684871088,30,-54.04309926456776,-1.0726329023002958,-60.56355250386389,6.520453239296129,20.0
exh_end1400,train,exhaustion_short,181,0.20054899277972374,0.05556910229497003,0.6353591160220995,36.299367693129994,-0.5062376137080236,0.9410716494939811,30,-54.04309926456776,-1.0726329023002958,-60.56355250386389,6.52045323929613,20.0
exh_end1400,valid,portfolio,426,0.08004916026023669,0.042975527502729476,0.5375586854460094,34.10094227086083,18.780233399470433,1.200255936735906,14,1.0971416107937313,0.46852037430167764,-0.03409214089188195,1.1312337516856132,10.0
exh_end1400,valid,exhaustion_short,40,0.2176160807318496,0.13449626992337985,0.675,8.704643229273984,1.77614990572697,1.0870436401740453,14,1.0971416107937302,0.46852037430167726,-0.03409214089188306,1.1312337516856132,10.0
exh_end1430,train,portfolio,1548,0.08448163043806256,0.02214806931675317,0.537467700258398,130.77756391812085,97.78223638666448,1.712466344158669,30,-46.71476610489685,-0.9654455695657342,-49.83520651722452,3.120440412327671,12.0
exh_end1430,train,exhaustion_short,255,0.1710890229521604,0.046581584652216484,0.6235294117647059,43.627700852800906,6.822095545962888,1.1230845792393274,30,-46.71476610489685,-0.9654455695657342,-49.83520651722452,3.120440412327671,12.0
exh_end1430,valid,portfolio,432,0.07494706591855083,0.042688421943493496,0.5370370370370371,32.377132476813955,17.05642360542356,1.097991567974833,14,-0.6266681832531513,-0.8838061117259809,-0.7501935969671805,0.12352541371402914,5.0
exh_end1430,valid,exhaustion_short,46,0.1517572485918935,0.12753391951668078,0.6521739130434783,6.9808334352271,0.052340111680086565,0.8222026895015798,14,-0.6266681832531532,-0.8838061117259829,-0.7501935969671822,0.12352541371402898,5.0
opposite_side_block,train,portfolio,1608,0.10857885155030499,0.021706788732134257,0.5534825870646766,174.59479329289042,107.19981938752281,1.7772944053894824,30,-2.89753673012729,-0.689926528728877,-3.9757913750225695,1.0782546448952794,12.0
opposite_side_block,valid,portfolio,433,0.07433986022548345,0.04245881635670639,0.5334872979214781,32.189159477634334,17.839373789554617,1.1186460927008564,14,-0.8146411824327604,-0.4745824268077694,-1.8489603693511567,1.0343191869183963,3.0
base,train,heat_fade_short,520,0.04704995061686043,0.04107836158426267,0.5384615384615384,24.465974320767423,1.3039302010874536,0.43370530113087863,30,,,,,
base,valid,heat_fade_short,141,0.18034002266734356,0.07919497287340518,0.6099290780141844,25.42794319609544,11.507870071870348,1.4718663070116158,14,,,,,
base,train,heat_fade_long,484,0.11012564253108251,0.038630472621895784,0.5475206611570248,53.30081098504393,25.477128380047926,1.3240726104317588,30,,,,,
base,valid,heat_fade_long,108,-0.05921018630703288,0.08300160864961792,0.49074074074074076,-6.394700121159551,-11.806656610897614,-0.42815686687984694,14,,,,,
base,train,exhaustion_short,333,0.27129869957266595,0.041102259714486736,0.6786786786786787,90.34246695769775,42.82251829056545,1.4879719425568485,30,,,,,
base,valid,exhaustion_short,51,0.1491666984015736,0.11561913572260292,0.6274509803921569,7.607501618480254,0.6790082949332401,0.89679083094517,14,,,,,
base,train,orb20_a,209,0.05020226689825174,0.06959757039726595,0.47368421052631576,10.492273781734614,5.695603307605503,0.684119197497367,30,,,,,
base,valid,orb20_a,101,0.051329471439536034,0.09490900717799973,0.45544554455445546,5.18427661539314,1.246138418868652,0.7410621508056376,14,,,,,
base,train,intraday_momentum,80,-0.01386495027782545,0.04930019384212148,0.3625,-1.109196022226036,-7.141045418615744,-0.15612399624612125,30,,,,,
base,valid,intraday_momentum,36,0.03274387086827256,0.07627865745205857,0.4722222222222222,1.1787793512578122,-1.1335650570263782,0.278445584189081,14,,,,,
