finalist,variant,geom,window,tr_n,tr_days,tr_exp_r,tr_exp_r_prod,tr_se,tr_win,tr_t_day,tr_ex_best,tr_best_share,tr_green_days,tr_base_win,tr_edge_win,tr_edge_st,tr_t_st,va_n,va_days,va_exp_r,va_exp_r_prod,va_se,va_win,va_t_day,va_ex_best,va_best_share,va_green_days,va_base_win,va_edge_win,va_edge_st,va_t_st,gate
E2-g0.88-rsi3ge70+fo>0,g0.88-x70,t1s1,1300-1430,4152,30,0.0996,0.0716,0.0116,0.282,1.57,0.0131,0.84,0.67,-0.0509,0.1505,0.116,3.95,2104,14,0.1918,0.1591,0.0162,0.331,1.13,0.1245,0.32,0.71,0.0283,0.1636,0.1251,1.42,True
E2-g0.88-rsi3ge70+fo>0,g0.5-x70,t1s1,1300-1430,5910,30,0.0804,0.0503,0.0096,0.269,1.44,0.0064,0.89,0.67,-0.0509,0.1314,0.1003,4.3,3120,14,0.1551,0.1198,0.0134,0.313,1.01,0.0877,0.35,0.64,0.0283,0.1268,0.1029,1.46,True
E2-g0.88-rsi3ge70+fo>0,g1.66-x70,t1s1,1300-1430,2048,30,0.1313,0.1069,0.0165,0.295,1.26,0.0207,0.84,0.63,-0.0509,0.1822,0.1407,2.69,958,14,0.2482,0.2231,0.0233,0.352,1.23,0.176,0.36,0.57,0.0283,0.2199,0.1521,1.45,True
E2-g0.88-rsi3ge70+fo>0,g0.88-x50,t1s1,1300-1430,4453,30,0.1029,0.0747,0.0113,0.289,1.46,0.0293,0.66,0.67,-0.0509,0.1538,0.1103,3.76,2321,14,0.2061,0.1733,0.0156,0.349,1.29,0.1389,0.32,0.71,0.0283,0.1778,0.1253,1.88,True
E2-g0.88-rsi3ge70+fo>0,g0.88-x85,t1s1,1300-1430,2693,30,0.0676,0.0403,0.0144,0.27,1.17,-0.0366,1.78,0.7,-0.0509,0.1185,0.0978,3.21,1309,14,0.1562,0.1244,0.0206,0.306,1.29,0.0888,0.38,0.79,0.0283,0.1279,0.0963,1.51,True
E2-g0.88-rsi3ge70+fo>0,no-rsi3,t1s1,1300-1430,4512,30,0.0946,0.0658,0.0114,0.29,1.26,0.0273,0.64,0.63,-0.0509,0.1455,0.0955,3.18,2365,14,0.2287,0.1957,0.0156,0.375,1.2,0.157,0.32,0.71,0.0283,0.2004,0.1297,1.86,True
E2-g0.88-rsi3ge70+fo>0,no-add,t1s1,1300-1430,6689,30,0.0701,0.042,0.0091,0.265,0.96,0.005,0.89,0.67,-0.0509,0.1211,0.098,3.4,3386,14,0.1658,0.1336,0.0127,0.306,0.75,0.1058,0.31,0.64,0.0283,0.1375,0.1039,0.99,False
E2-g0.88-rsi3ge70+fo>0,geom-t05s1,t05s1,1300-1430,4152,30,0.0514,0.0246,0.0091,0.589,0.51,-0.0104,1.37,0.63,-0.0536,0.105,0.0769,3.58,2104,14,0.0883,0.0564,0.0125,0.624,0.13,0.0305,0.53,0.71,0.0019,0.0864,0.0636,0.78,False
E2-g0.88-rsi3ge70+fo>0,geom-t1s05,t1s05,1300-1430,4152,30,0.0803,0.0425,0.01,0.247,1.06,0.0088,0.82,0.6,-0.0453,0.1256,0.1004,4.46,2104,14,0.1392,0.0959,0.0147,0.298,0.51,0.0614,0.45,0.64,0.0035,0.1356,0.1,1.34,False
E2-g0.88-rsi3ge70+fo>0,win1230-1430,t1s1,1230-1430,4444,30,0.0934,0.0647,0.0115,0.298,1.39,0.031,0.58,0.67,-0.0458,0.1392,0.1043,3.14,2269,14,0.1905,0.1562,0.0161,0.347,1.62,0.1248,0.32,0.64,0.0229,0.1676,0.1237,3.33,True
E2-g0.88-rsi3ge70+fo>0,win1300-1500,t1s1,1300-1500,4371,30,0.1016,0.0738,0.0112,0.278,1.72,0.0181,0.79,0.67,-0.0494,0.151,0.1139,3.99,2225,14,0.185,0.1522,0.0157,0.321,1.05,0.1207,0.32,0.71,0.0158,0.1692,0.1213,1.34,True
E2-g0.88-rsi3ge70+fo>0,win1330-1430,t1s1,1330-1430,3520,30,0.0608,0.0337,0.0121,0.242,0.94,-0.0339,1.9,0.63,-0.0513,0.1121,0.0985,3.5,1802,14,0.1648,0.1335,0.0167,0.286,1.16,0.0987,0.37,0.64,0.0327,0.1321,0.124,1.42,False
E2-g0.88-rsi3ge70+fo>0,win1300-1400,t1s1,1300-1400,3765,30,0.1016,0.0735,0.0123,0.288,1.27,0.0084,0.9,0.67,-0.0575,0.1591,0.1181,3.82,1880,14,0.2025,0.1697,0.0175,0.349,1.24,0.1312,0.34,0.64,0.0227,0.1798,0.1324,1.6,True
E2-g0.88-rsi3ge70+vwap>0,g0.88-x70,t1s1,1300-1430,4889,30,0.0752,0.0467,0.0109,0.28,1.45,-0.0023,1.04,0.73,-0.0509,0.1261,0.1043,3.83,2362,14,0.1976,0.1654,0.0152,0.326,1.12,0.1385,0.28,0.71,0.0283,0.1693,0.1313,1.37,True
E2-g0.88-rsi3ge70+vwap>0,g0.5-x70,t1s1,1300-1430,6979,30,0.063,0.0324,0.009,0.27,1.38,-0.0034,1.1,0.73,-0.0509,0.1139,0.0942,4.09,3600,14,0.167,0.1318,0.0124,0.314,0.97,0.1061,0.27,0.64,0.0283,0.1387,0.113,1.31,False
E2-g0.88-rsi3ge70+vwap>0,g1.66-x70,t1s1,1300-1430,2417,30,0.1103,0.0857,0.0153,0.293,1.36,0.0141,0.86,0.67,-0.0509,0.1612,0.131,3.0,1049,14,0.2329,0.2078,0.0221,0.329,0.92,0.1688,0.37,0.64,0.0283,0.2047,0.1392,1.07,False
E2-g0.88-rsi3ge70+vwap>0,g0.88-x50,t1s1,1300-1430,5201,30,0.0797,0.051,0.0106,0.286,1.39,0.0128,0.78,0.77,-0.0509,0.1306,0.0998,3.72,2534,14,0.2022,0.1699,0.0148,0.335,1.11,0.1393,0.3,0.71,0.0283,0.1739,0.1221,1.43,True
E2-g0.88-rsi3ge70+vwap>0,g0.88-x85,t1s1,1300-1430,3345,30,0.0522,0.0247,0.013,0.264,1.38,-0.0374,2.34,0.6,-0.0509,0.1031,0.0994,3.4,1539,14,0.1646,0.133,0.0189,0.308,1.31,0.1085,0.28,0.79,0.0283,0.1364,0.1011,1.46,True
E2-g0.88-rsi3ge70+vwap>0,no-rsi3,t1s1,1300-1430,5285,30,0.0731,0.044,0.0106,0.289,1.25,0.0107,0.78,0.7,-0.0509,0.124,0.0895,3.38,2594,14,0.2101,0.1776,0.0147,0.347,0.98,0.1424,0.32,0.71,0.0283,0.1818,0.1167,1.33,False
E2-g0.88-rsi3ge70+vwap>0,no-add,t1s1,1300-1430,6689,30,0.0701,0.042,0.0091,0.265,0.96,0.005,0.89,0.67,-0.0509,0.1211,0.098,3.4,3386,14,0.1658,0.1336,0.0127,0.306,0.75,0.1058,0.31,0.64,0.0283,0.1375,0.1039,0.99,False
E2-g0.88-rsi3ge70+vwap>0,geom-t05s1,t05s1,1300-1430,4889,30,0.0351,0.0077,0.0086,0.585,0.49,-0.0218,3.51,0.6,-0.0536,0.0887,0.0695,3.7,2362,14,0.0978,0.0665,0.0116,0.618,0.22,0.0472,0.36,0.64,0.0019,0.0959,0.0733,0.86,False
E2-g0.88-rsi3ge70+vwap>0,geom-t1s05,t1s05,1300-1430,4889,30,0.0676,0.0294,0.0093,0.249,1.11,0.0019,0.94,0.67,-0.0453,0.113,0.0953,4.66,2362,14,0.1381,0.0946,0.0138,0.292,0.32,0.0673,0.37,0.64,0.0035,0.1345,0.1024,1.05,False
E2-g0.88-rsi3ge70+vwap>0,win1230-1430,t1s1,1230-1430,5323,30,0.0721,0.0429,0.0107,0.293,1.39,0.0173,0.64,0.67,-0.0458,0.1179,0.0982,3.47,2563,14,0.1869,0.1528,0.0151,0.338,1.72,0.1275,0.29,0.79,0.0229,0.164,0.1195,3.66,True
E2-g0.88-rsi3ge70+vwap>0,win1300-1500,t1s1,1300-1500,5145,30,0.0736,0.0454,0.0105,0.275,1.49,-0.0013,1.03,0.73,-0.0494,0.1231,0.101,3.79,2497,14,0.1952,0.1631,0.0146,0.319,1.1,0.1352,0.29,0.71,0.0158,0.1794,0.1318,1.41,True
E2-g0.88-rsi3ge70+vwap>0,win1330-1430,t1s1,1330-1430,4113,30,0.0257,-0.0017,0.0114,0.236,0.75,-0.06,,0.57,-0.0513,0.077,0.0818,3.32,2011,14,0.176,0.1448,0.0159,0.291,1.13,0.1147,0.32,0.64,0.0327,0.1433,0.1287,1.37,False
E2-g0.88-rsi3ge70+vwap>0,win1300-1400,t1s1,1300-1400,4363,30,0.0747,0.0458,0.0116,0.287,1.15,-0.0103,1.2,0.73,-0.0575,0.1322,0.1022,3.5,2040,14,0.2069,0.1746,0.0166,0.34,1.22,0.1398,0.31,0.64,0.0227,0.1842,0.1376,1.5,True
hfl-rsi3le50+belowPDL,rsi3le50-pdl0.0,t1s1,1105-1330,871,30,0.1633,0.141,0.0294,0.454,1.37,0.0951,0.45,0.63,-0.0519,0.2152,0.212,2.74,285,14,0.0867,0.0589,0.053,0.428,1.64,0.0054,0.92,0.57,-0.1071,0.1938,0.1494,3.28,True
hfl-rsi3le50+belowPDL,rsi3le40-pdl0.0,t1s1,1105-1330,860,30,0.1663,0.144,0.0297,0.457,1.41,0.098,0.45,0.6,-0.0519,0.2181,0.2136,2.75,282,14,0.0892,0.0614,0.0534,0.429,1.7,0.0075,0.89,0.57,-0.1071,0.1963,0.1507,3.35,True
hfl-rsi3le50+belowPDL,rsi3le60-pdl0.0,t1s1,1105-1330,873,30,0.1652,0.1429,0.0294,0.455,1.39,0.0976,0.44,0.63,-0.0519,0.2171,0.2147,2.75,285,14,0.0818,0.0541,0.0529,0.421,1.61,0.0,1.0,0.57,-0.1071,0.1889,0.144,3.22,False
hfl-rsi3le50+belowPDL,rsi2le50-pdl0.0,t1s1,1105-1330,859,30,0.163,0.1407,0.0297,0.455,1.35,0.0939,0.46,0.6,-0.0519,0.2149,0.2118,2.65,283,14,0.0896,0.0619,0.0532,0.428,1.7,0.0083,0.88,0.57,-0.1071,0.1967,0.1513,3.37,True
hfl-rsi3le50+belowPDL,rsi4le50-pdl0.0,t1s1,1105-1330,875,30,0.1663,0.1441,0.0293,0.455,1.4,0.0991,0.44,0.63,-0.0519,0.2182,0.216,2.76,285,14,0.0818,0.0541,0.0529,0.421,1.61,0.0,1.0,0.57,-0.1071,0.1889,0.144,3.22,False
hfl-rsi3le50+belowPDL,rsiNoneleNone-pdl0.0,t1s1,1105-1330,875,30,0.1661,0.1439,0.0293,0.455,1.39,0.0989,0.44,0.63,-0.0519,0.218,0.2158,2.75,285,14,0.0818,0.0541,0.0529,0.421,1.61,0.0,1.0,0.57,-0.1071,0.1889,0.144,3.22,False
hfl-rsi3le50+belowPDL,rsi3le50-pdl-0.25,t1s1,1105-1330,565,30,0.2023,0.1797,0.0372,0.499,0.48,0.1076,0.53,0.57,-0.0519,0.2542,0.2473,1.35,194,14,0.058,0.0285,0.0656,0.423,1.01,-0.0059,1.19,0.71,-0.1071,0.1651,0.1245,1.89,False
hfl-rsi3le50+belowPDL,rsi3le50-pdl0.25,t1s1,1105-1330,1124,30,0.129,0.1069,0.0259,0.428,1.12,0.0747,0.41,0.6,-0.0519,0.1809,0.1783,2.8,365,14,0.1048,0.0787,0.0458,0.414,2.09,0.0533,0.37,0.64,-0.1071,0.2119,0.1573,3.76,True
hfl-rsi3le50+belowPDL,rsi3le50-pdlNone,t1s1,1105-1330,1589,30,0.0888,0.0665,0.0217,0.405,0.58,0.0438,0.43,0.5,-0.0519,0.1407,0.1308,2.16,460,14,0.0908,0.0653,0.0402,0.402,1.89,0.0433,0.38,0.71,-0.1071,0.1979,0.1398,3.64,False
