id,family,bench,verdict,A1,A2,A3,A4,B1,B2,B3,B4,active_train,active_valid,active_valid2,active_t_trval,sharpe_train,sharpe_valid,sharpe_valid2,bench_sharpe_train,bench_sharpe_valid,bench_sharpe_valid2,cagr_trval,maxdd_trval,bench_maxdd_trval,turnover_trval,cost_drag_trval,dsr_abs,dsr_active,neighbours,nb_active_trval,nb_sharpe_diff_trval,active_up_months_all,active_down_months_all
S1_mom12_1_N10_M,S1,BENCH_EW,near,True,False,True,True,False,False,False,True,0.3421,0.2398,0.7941,2.1660,1.2856,0.7943,1.6099,0.8618,0.8001,1.3525,0.4318,-0.4825,-0.3976,4.5068,0.0046,0.5985,0.0292,S1_mom12_1_N10_W;S1_mom12_1_N20_M;S1_mom6_1_N10_M,0.2816,0.2417,0.4480,0.2000
S1_mom12_1_N10_W,S1,BENCH_EW,near,True,False,True,True,True,False,False,True,0.2913,0.3589,0.8768,2.6171,1.1873,1.0558,1.6868,0.8618,0.8001,1.3525,0.4846,-0.4922,-0.3976,9.7967,0.0097,0.6945,0.0563,S1_mom12_1_N10_M;S1_mom12_1_N20_W;S1_mom6_1_N10_W,0.2882,0.2602,0.4666,0.2648
S1_mom12_1_N20_M,S1,BENCH_EW,near,True,False,True,True,True,False,False,True,0.2840,0.2629,0.6042,2.7368,1.3402,1.0152,1.4409,0.8618,0.8001,1.3525,0.4483,-0.4342,-0.3976,4.1916,0.0038,0.7423,0.0792,S1_mom12_1_N10_M;S1_mom12_1_N20_W;S1_mom12_1_N50_M;S1_mom6_1_N20_M,0.2379,0.2563,0.3604,0.2482
S1_mom12_1_N20_W,S1,BENCH_EW,near,True,False,True,True,True,False,False,True,0.2775,0.2474,0.5490,2.8649,1.3174,1.0094,1.3597,0.8618,0.8001,1.3525,0.4362,-0.4415,-0.3976,9.0785,0.0080,0.7341,0.0726,S1_mom12_1_N10_W;S1_mom12_1_N20_M;S1_mom12_1_N50_W;S1_mom6_1_N20_W,0.2563,0.3096,0.3053,0.3002
S1_mom12_1_N50_M,S1,BENCH_EW,near,True,False,True,True,True,False,False,True,0.1792,0.1764,0.5239,2.8608,1.2285,1.0162,1.5261,0.8618,0.8001,1.3525,0.3482,-0.4121,-0.3976,3.6731,0.0030,0.6982,0.0534,S1_mom12_1_N20_M;S1_mom12_1_N50_W;S1_mom6_1_N50_M,0.1988,0.2874,0.2371,0.2083
S1_mom12_1_N50_W,S1,BENCH_EW,near,True,False,True,True,True,False,False,True,0.1903,0.1848,0.6068,2.9144,1.2660,1.0478,1.6919,0.8618,0.8001,1.3525,0.3618,-0.4142,-0.3976,8.2392,0.0065,0.7306,0.0682,S1_mom12_1_N20_W;S1_mom12_1_N50_M;S1_mom6_1_N50_W,0.1898,0.2699,0.2468,0.2670
S1_mom6_1_N10_M,S1,BENCH_EW,near,True,False,True,False,False,False,False,True,0.2750,0.2169,0.5097,2.1763,1.1673,0.7563,1.0961,0.8618,0.8001,1.3525,0.3741,-0.5907,-0.3976,6.3685,0.0063,0.5112,0.0155,S1_mom12_1_N10_M;S1_mom6_1_N10_W;S1_mom6_1_N20_M,0.2735,0.2264,0.4040,-0.0328
S1_mom6_1_N10_W,S1,BENCH_EW,near,True,False,True,True,False,False,False,True,0.2337,0.3891,0.5254,2.2016,1.1119,1.1042,1.1681,0.8618,0.8001,1.3525,0.4683,-0.5766,-0.3976,14.1559,0.0138,0.6814,0.0442,S1_mom12_1_N10_W;S1_mom6_1_N10_M;S1_mom6_1_N20_W,0.2702,0.2297,0.4137,0.2055
S1_mom6_1_N20_M,S1,BENCH_EW,near,True,False,True,True,False,False,False,True,0.2234,0.2141,0.5114,2.5453,1.2153,0.9186,1.2884,0.8618,0.8001,1.3525,0.3772,-0.5154,-0.3976,5.8656,0.0054,0.6344,0.0340,S1_mom12_1_N20_M;S1_mom6_1_N10_M;S1_mom6_1_N20_W;S1_mom6_1_N50_M,0.2238,0.2367,0.3603,0.0383
S1_mom6_1_N20_W,S1,BENCH_EW,near,True,False,True,True,False,False,False,True,0.2206,0.2598,0.5218,2.5756,1.2277,1.0509,1.3305,0.8618,0.8001,1.3525,0.4093,-0.5438,-0.3976,12.6787,0.0116,0.7088,0.0582,S1_mom12_1_N20_W;S1_mom6_1_N10_W;S1_mom6_1_N20_M;S1_mom6_1_N50_W,0.2300,0.2530,0.3736,0.0844
S1_mom6_1_N50_M,S1,BENCH_EW,near,True,False,True,True,False,False,False,True,0.1486,0.1214,0.3458,2.5138,1.1789,0.8958,1.2101,0.8618,0.8001,1.3525,0.2983,-0.4403,-0.3976,5.4986,0.0044,0.6132,0.0222,S1_mom12_1_N50_M;S1_mom6_1_N20_M;S1_mom6_1_N50_W,0.1751,0.2360,0.2036,0.0764
S1_mom6_1_N50_W,S1,BENCH_EW,near,True,False,True,True,True,False,False,True,0.1417,0.1150,0.4445,2.2046,1.1759,0.8844,1.4494,0.8618,0.8001,1.3525,0.2913,-0.4443,-0.3976,11.7985,0.0094,0.6050,0.0175,S1_mom12_1_N50_W;S1_mom6_1_N20_W;S1_mom6_1_N50_M,0.1875,0.2754,0.2005,0.1275
S2_res12_1_N10_M,S2,BENCH_EW,near,True,False,True,True,False,True,False,True,0.0749,0.1189,0.1265,1.3913,0.9287,0.9722,1.1176,0.8618,0.8001,1.3525,0.2541,-0.3971,-0.3976,6.1187,0.0037,0.5209,0.0026,S2_res12_1_N10_W;S2_res12_1_N20_M;S2_res6_1_N10_M,0.0777,0.0575,0.0671,0.1674
S2_res12_1_N10_W,S2,BENCH_EW,near,True,False,True,True,False,False,False,True,0.0432,0.0985,0.2333,1.0531,0.8285,0.9291,1.4806,0.8618,0.8001,1.3525,0.2239,-0.4201,-0.3976,14.1135,0.0082,0.4407,0.0008,S2_res12_1_N10_M;S2_res12_1_N20_W;S2_res6_1_N10_W,0.0703,0.0458,0.0482,0.1989
S2_res12_1_N20_M,S2,BENCH_EW,near,True,False,True,True,False,True,False,True,0.0605,0.0924,0.0843,1.3811,0.9305,0.9390,1.1677,0.8618,0.8001,1.3525,0.2346,-0.3937,-0.3976,5.4948,0.0033,0.5042,0.0016,S2_res12_1_N10_M;S2_res12_1_N20_W;S2_res12_1_N50_M;S2_res6_1_N20_M,0.0692,0.0908,0.0441,0.1358
S2_res12_1_N20_W,S2,BENCH_EW,near,True,False,True,True,False,True,False,True,0.0695,0.0121,0.1875,0.6912,0.9940,0.6425,1.4776,0.8618,0.8001,1.3525,0.1947,-0.3897,-0.3976,12.3288,0.0074,0.3847,0.0003,S2_res12_1_N10_W;S2_res12_1_N20_M;S2_res12_1_N50_W;S2_res6_1_N20_W,0.0743,0.1222,0.0147,0.1726
S2_res12_1_N50_M,S2,BENCH_EW,near,True,False,True,True,True,True,False,True,0.0892,0.0915,0.1386,2.2283,1.1318,1.0400,1.4982,0.8618,0.8001,1.3525,0.2598,-0.3785,-0.3976,4.5963,0.0028,0.6659,0.0079,S2_res12_1_N20_M;S2_res12_1_N50_W;S2_res6_1_N50_M,0.0699,0.1535,0.0518,0.1938
S2_res12_1_N50_W,S2,BENCH_EW,near,True,False,True,True,True,True,False,True,0.0846,0.0878,0.2025,2.0757,1.1107,1.0464,1.7558,0.8618,0.8001,1.3525,0.2552,-0.3619,-0.3976,10.1451,0.0062,0.6576,0.0063,S2_res12_1_N20_W;S2_res12_1_N50_M;S2_res6_1_N50_W,0.0559,0.1095,0.0501,0.2233
S2_res6_1_N10_M,S2,BENCH_EW,near,True,False,True,False,False,False,False,True,0.0727,0.1018,0.0549,1.4140,0.8888,0.8240,0.7717,0.8618,0.8001,1.3525,0.2349,-0.5155,-0.3976,7.4257,0.0045,0.4194,0.0011,S2_res12_1_N10_M;S2_res6_1_N10_W;S2_res6_1_N20_M,0.0727,0.0471,0.1147,-0.0121
S2_res6_1_N10_W,S2,BENCH_EW,near,True,False,True,True,False,False,False,True,0.0936,0.0513,0.2970,1.0933,1.0145,0.7011,1.4197,0.8618,0.8001,1.3525,0.2241,-0.4290,-0.3976,17.3279,0.0103,0.4210,0.0008,S2_res12_1_N10_W;S2_res6_1_N10_M;S2_res6_1_N20_W,0.0740,0.0542,0.1256,0.0587
S2_res6_1_N20_M,S2,BENCH_EW,near,True,False,True,True,False,False,False,True,0.0507,0.0467,0.2214,0.9854,0.8956,0.7563,1.3357,0.8618,0.8001,1.3525,0.2009,-0.4576,-0.3976,7.1381,0.0043,0.3902,0.0004,S2_res12_1_N20_M;S2_res6_1_N10_M;S2_res6_1_N20_W;S2_res6_1_N50_M,0.0688,0.0825,0.0783,0.0637
S2_res6_1_N20_W,S2,BENCH_EW,near,True,False,True,True,False,False,False,True,0.0799,0.0490,0.3305,1.2944,1.0522,0.7901,1.6794,0.8618,0.8001,1.3525,0.2236,-0.4004,-0.3976,16.2103,0.0098,0.4934,0.0010,S2_res12_1_N20_W;S2_res6_1_N10_W;S2_res6_1_N20_M;S2_res6_1_N50_W,0.0498,0.0239,0.0954,0.1307
S2_res6_1_N50_M,S2,BENCH_EW,near,True,False,True,True,True,False,False,True,0.0578,0.0367,0.2003,1.3451,1.0306,0.8418,1.4718,0.8618,0.8001,1.3525,0.2094,-0.4162,-0.3976,6.1468,0.0038,0.5112,0.0009,S2_res12_1_N50_M;S2_res6_1_N20_M;S2_res6_1_N50_W,0.0584,0.1108,0.0588,0.0947
S2_res6_1_N50_W,S2,BENCH_EW,near,True,False,True,True,True,True,False,True,0.0337,0.0385,0.2310,0.8823,0.9487,0.8707,1.6095,0.8618,0.8001,1.3525,0.1970,-0.3857,-0.3976,13.8130,0.0087,0.4791,0.0004,S2_res12_1_N50_W;S2_res6_1_N20_W;S2_res6_1_N50_M,0.0661,0.1502,0.0374,0.1369
S3_h52_N10_M,S3,BENCH_EW,fail,False,False,False,False,False,True,False,False,-0.0220,-0.0108,-0.1008,-0.3852,0.8308,0.8504,0.7562,0.8618,0.8001,1.3525,0.1457,-0.3368,-0.3976,11.1055,0.0063,0.3985,0.0000,S3_h52_N10_W;S3_h52_N20_M,-0.0719,-0.2663,-0.1420,0.2256
S3_h52_N10_W,S3,BENCH_EW,fail,False,False,False,False,False,True,False,False,-0.1541,-0.0898,0.0364,-2.6446,0.1745,0.3554,1.4431,0.8618,0.8001,1.3525,0.0305,-0.3773,-0.3976,46.1635,0.0265,0.0307,0.0000,S3_h52_N10_M;S3_h52_N20_W,-0.0736,-0.2980,-0.2164,0.1957
S3_h52_N20_M,S3,BENCH_EW,fail,False,False,False,False,False,True,False,False,-0.0091,-0.0339,-0.0314,-0.4748,0.9598,0.7746,1.3060,0.8618,0.8001,1.3525,0.1431,-0.2880,-0.3976,10.7237,0.0061,0.4389,0.0000,S3_h52_N10_M;S3_h52_N20_W;S3_h52_N50_M,-0.0574,-0.1833,-0.1333,0.2371
S3_h52_N20_W,S3,BENCH_EW,fail,False,False,False,False,False,True,False,False,-0.1371,-0.1240,0.0027,-3.2223,0.2858,0.1685,1.5178,0.8618,0.8001,1.3525,0.0250,-0.3443,-0.3976,42.0686,0.0238,0.0261,0.0000,S3_h52_N10_W;S3_h52_N20_M;S3_h52_N50_W,-0.0777,-0.2906,-0.2122,0.1437
S3_h52_N50_M,S3,BENCH_EW,near,False,False,False,False,False,True,False,False,-0.0278,-0.0219,-0.1029,-0.6564,0.8760,0.8944,0.9775,0.8618,0.8001,1.3525,0.1398,-0.3130,-0.3976,9.3661,0.0053,0.4427,0.0000,S3_h52_N20_M;S3_h52_N50_W,-0.0553,-0.1483,-0.1411,0.2061
S3_h52_N50_W,S3,BENCH_EW,fail,False,False,False,False,False,True,False,False,-0.0869,-0.0918,-0.0346,-2.5739,0.5741,0.3952,1.3995,0.8618,0.8001,1.3525,0.0691,-0.3428,-0.3976,32.4867,0.0184,0.1138,0.0000,S3_h52_N20_W;S3_h52_N50_M,-0.0778,-0.2769,-0.1608,0.1183
S4_lowvol63_N10_M,S4,BENCH_EW,fail,False,False,False,False,False,True,False,False,-0.1059,-0.0488,-0.2359,-1.7130,0.5078,0.9822,0.1243,0.8618,0.8001,1.3525,0.0857,-0.3390,-0.3976,4.9363,0.0032,0.2406,0.0000,S4_lowvol63_N10_W;S4_lowvol63_N20_M;S4_lowvol252_N10_M,-0.0945,-0.2904,-0.2285,0.1944
S4_lowvol63_N10_W,S4,BENCH_EW,fail,False,False,False,False,False,True,False,False,-0.1445,-0.0372,-0.2151,-1.9639,0.2629,1.0994,0.2987,0.8618,0.8001,1.3525,0.0701,-0.3577,-0.3976,10.0737,0.0065,0.1614,0.0000,S4_lowvol63_N10_M;S4_lowvol63_N20_W;S4_lowvol252_N10_W,-0.0926,-0.2794,-0.2332,0.1831
S4_lowvol63_N20_M,S4,BENCH_EW,fail,False,False,False,False,False,True,False,False,-0.0891,-0.0352,-0.2072,-1.3893,0.6292,1.0833,0.3512,0.8618,0.8001,1.3525,0.1025,-0.3213,-0.3976,4.7275,0.0028,0.3554,0.0000,S4_lowvol63_N10_M;S4_lowvol63_N20_W;S4_lowvol63_N50_M;S4_lowvol252_N20_M,-0.0697,-0.1195,-0.2111,0.2128
S4_lowvol63_N20_W,S4,BENCH_EW,fail,False,False,False,False,False,True,False,False,-0.0951,-0.0315,-0.1989,-1.4128,0.5606,1.1104,0.4242,0.8618,0.8001,1.3525,0.1003,-0.3243,-0.3976,9.3054,0.0056,0.3186,0.0000,S4_lowvol63_N10_W;S4_lowvol63_N20_M;S4_lowvol63_N50_W;S4_lowvol252_N20_W,-0.0754,-0.1580,-0.2127,0.2181
S4_lowvol63_N50_M,S4,BENCH_EW,fail,False,False,False,False,False,True,False,False,-0.0606,-0.0441,-0.2132,-1.2042,0.7844,0.9516,0.3206,0.8618,0.8001,1.3525,0.1130,-0.3254,-0.3976,3.8735,0.0023,0.3996,0.0000,S4_lowvol63_N20_M;S4_lowvol63_N50_W;S4_lowvol252_N50_M,-0.0630,-0.0781,-0.2030,0.2179
S4_lowvol63_N50_W,S4,BENCH_EW,fail,False,False,False,False,False,True,False,False,-0.0674,-0.0354,-0.2197,-1.2108,0.7283,1.0290,0.2731,0.8618,0.8001,1.3525,0.1136,-0.3458,-0.3976,7.4469,0.0044,0.3958,0.0000,S4_lowvol63_N20_W;S4_lowvol63_N50_M;S4_lowvol252_N50_W,-0.0640,-0.0863,-0.1922,0.1945
S4_lowvol252_N10_M,S4,BENCH_EW,fail,False,False,False,False,False,False,False,False,-0.1429,-0.1140,-0.1720,-2.8222,0.2501,0.3219,0.6078,0.8618,0.8001,1.3525,0.0297,-0.4075,-0.3976,2.2398,0.0015,0.0336,0.0000,S4_lowvol63_N10_M;S4_lowvol252_N10_W;S4_lowvol252_N20_M,-0.0994,-0.3354,-0.2721,0.1895
S4_lowvol252_N10_W,S4,BENCH_EW,fail,False,False,False,False,False,True,False,False,-0.1600,-0.1107,-0.1953,-2.9522,0.1621,0.3545,0.4312,0.8618,0.8001,1.3525,0.0231,-0.3927,-0.3976,4.4229,0.0028,0.0272,0.0000,S4_lowvol63_N10_W;S4_lowvol252_N10_M;S4_lowvol252_N20_W,-0.1053,-0.3848,-0.2718,0.1640
S4_lowvol252_N20_M,S4,BENCH_EW,fail,False,False,False,False,False,True,False,False,-0.0910,-0.0774,-0.1909,-1.8708,0.5710,0.6362,0.4809,0.8618,0.8001,1.3525,0.0774,-0.3682,-0.3976,1.9967,0.0013,0.1730,0.0000,S4_lowvol63_N20_M;S4_lowvol252_N10_M;S4_lowvol252_N20_W;S4_lowvol252_N50_M,-0.0903,-0.2792,-0.2338,0.2131
S4_lowvol252_N20_W,S4,BENCH_EW,fail,False,False,False,False,False,True,False,False,-0.1140,-0.0756,-0.1928,-2.1553,0.4342,0.6520,0.4731,0.8618,0.8001,1.3525,0.0655,-0.3957,-0.3976,3.7837,0.0025,0.1292,0.0000,S4_lowvol63_N20_W;S4_lowvol252_N10_W;S4_lowvol252_N20_M;S4_lowvol252_N50_W,-0.0899,-0.2777,-0.2312,0.1819
S4_lowvol252_N50_M,S4,BENCH_EW,fail,False,False,False,False,False,True,False,False,-0.0743,-0.0747,-0.1969,-1.7358,0.6477,0.6528,0.4612,0.8618,0.8001,1.3525,0.0874,-0.3680,-0.3976,1.5807,0.0010,0.2126,0.0000,S4_lowvol63_N50_M;S4_lowvol252_N20_M;S4_lowvol252_N50_W,-0.0708,-0.1423,-0.2273,0.2202
S4_lowvol252_N50_W,S4,BENCH_EW,fail,False,False,False,False,False,True,False,False,-0.0807,-0.0701,-0.2077,-1.7720,0.6324,0.6947,0.3744,0.8618,0.8001,1.3525,0.0868,-0.3575,-0.3976,2.8978,0.0018,0.2226,0.0000,S4_lowvol63_N50_W;S4_lowvol252_N20_W;S4_lowvol252_N50_M,-0.0738,-0.1725,-0.2261,0.2116
S5_lowbeta_N10_M,S5,BENCH_EW,fail,False,False,False,False,False,True,False,False,0.0254,-0.1695,-0.1890,-0.9850,0.7500,-0.1223,0.3289,0.8618,0.8001,1.3525,0.0755,-0.3948,-0.3976,2.7771,0.0030,0.0810,0.0000,S5_lowbeta_N10_W;S5_lowbeta_N20_M,-0.0756,-0.3555,-0.2248,0.2266
S5_lowbeta_N10_W,S5,BENCH_EW,fail,False,False,False,False,False,False,False,False,0.0385,-0.1919,-0.1181,-0.9691,0.8433,-0.2641,0.6962,0.8618,0.8001,1.3525,0.0732,-0.4246,-0.3976,5.4142,0.0058,0.0824,0.0000,S5_lowbeta_N10_M;S5_lowbeta_N20_W,-0.0755,-0.3602,-0.2162,0.2452
S5_lowbeta_N20_M,S5,BENCH_EW,fail,False,False,False,False,False,True,False,False,-0.0177,-0.1388,-0.1355,-1.2859,0.8088,0.0851,0.7260,0.8618,0.8001,1.3525,0.0799,-0.3165,-0.3976,2.2060,0.0021,0.1258,0.0000,S5_lowbeta_N10_M;S5_lowbeta_N20_W;S5_lowbeta_N50_M,-0.0660,-0.2575,-0.2399,0.2791
S5_lowbeta_N20_W,S5,BENCH_EW,fail,False,False,False,False,False,True,False,False,-0.0382,-0.1257,-0.1357,-1.2668,0.7388,0.1825,0.7079,0.8618,0.8001,1.3525,0.0763,-0.3526,-0.3976,4.1496,0.0039,0.1234,0.0000,S5_lowbeta_N10_W;S5_lowbeta_N20_M;S5_lowbeta_N50_W,-0.0664,-0.2438,-0.2310,0.2574
S5_lowbeta_N50_M,S5,BENCH_EW,fail,False,False,False,False,False,True,False,False,-0.0331,-0.0617,-0.1940,-0.9396,0.8406,0.7236,0.4108,0.8618,0.8001,1.3525,0.1163,-0.3361,-0.3976,1.7701,0.0015,0.3376,0.0000,S5_lowbeta_N20_M;S5_lowbeta_N50_W,-0.0625,-0.1650,-0.2156,0.2725
S5_lowbeta_N50_W,S5,BENCH_EW,fail,False,False,False,False,False,True,False,False,-0.0208,-0.0766,-0.1837,-0.9476,0.9677,0.6094,0.4837,0.8618,0.8001,1.3525,0.1164,-0.3178,-0.3976,3.2842,0.0029,0.3719,0.0000,S5_lowbeta_N20_W;S5_lowbeta_N50_M,-0.0640,-0.1857,-0.2116,0.2707
S6_mom12_1rev_N10_M,S6,BENCH_EW,near,True,False,True,True,True,True,False,True,0.3567,0.2355,0.6688,2.4922,1.4407,0.9161,1.5100,0.8618,0.8001,1.3525,0.4721,-0.3893,-0.3976,7.5396,0.0068,0.7455,0.0737,S6_mom12_1rev_N10_W;S6_mom12_1rev_N20_M,0.2788,0.3767,0.3860,0.3049
S6_mom12_1rev_N10_W,S6,BENCH_EW,near,True,False,True,True,True,False,False,True,0.2752,0.3144,0.8722,2.8472,1.2534,1.0915,1.8166,0.8618,0.8001,1.3525,0.4686,-0.4543,-0.3976,17.4817,0.0154,0.7433,0.0716,S6_mom12_1rev_N10_M;S6_mom12_1rev_N20_W,0.2780,0.3671,0.3990,0.3598
S6_mom12_1rev_N20_M,S6,BENCH_EW,near,True,False,True,True,True,False,False,True,0.3142,0.2101,0.6136,2.9816,1.5248,0.9943,1.5465,0.8618,0.8001,1.3525,0.4511,-0.4059,-0.3976,6.8066,0.0056,0.8102,0.1369,S6_mom12_1rev_N10_M;S6_mom12_1rev_N20_W;S6_mom12_1rev_N50_M,0.2313,0.3239,0.3296,0.2966
S6_mom12_1rev_N20_W,S6,BENCH_EW,A_edge,True,True,True,True,True,False,False,True,0.2684,0.2483,0.6086,3.2515,1.3672,1.0988,1.5287,0.8618,0.8001,1.3525,0.4431,-0.4400,-0.3976,15.7458,0.0128,0.7935,0.1215,S6_mom12_1rev_N10_W;S6_mom12_1rev_N20_M;S6_mom12_1rev_N50_W,0.2367,0.3437,0.3168,0.2914
S6_mom12_1rev_N50_M,S6,BENCH_EW,near,True,False,True,True,True,False,False,True,0.1597,0.1151,0.4181,2.6723,1.2281,0.9082,1.4832,0.8618,0.8001,1.3525,0.3041,-0.4195,-0.3976,5.9175,0.0044,0.6470,0.0330,S6_mom12_1rev_N20_M;S6_mom12_1rev_N50_W,0.2078,0.3486,0.1689,0.1945
S6_mom12_1rev_N50_W,S6,BENCH_EW,near,True,False,True,True,True,False,False,True,0.1840,0.1194,0.4093,2.9614,1.3095,0.9095,1.4103,0.8618,0.8001,1.3525,0.3223,-0.4107,-0.3976,13.3715,0.0098,0.6877,0.0485,S6_mom12_1rev_N20_W;S6_mom12_1rev_N50_M,0.1982,0.3175,0.1547,0.2531
L1_mom12_1_N20_M_LS,L1,CASH,near,True,False,True,True,True,False,False,True,0.3649,0.2681,0.4790,2.0622,0.7575,0.5347,0.7676,0.0000,0.0000,0.0000,0.2162,-0.5933,0.0000,9.0572,0.0098,0.2145,0.0108,L1_mom12_1_N50_M_LS;L1_mom6_1_N20_M_LS,0.2172,0.5330,0.0996,0.7391
L1_mom12_1_N50_M_LS,L1,CASH,near,True,False,True,True,True,False,False,True,0.1921,0.1971,0.5043,1.7425,0.5334,0.5246,0.9710,0.0000,0.0000,0.0000,0.1343,-0.4529,0.0000,8.0479,0.0074,0.1336,0.0046,L1_mom12_1_N20_M_LS;L1_mom6_1_N50_M_LS,0.2465,0.5873,0.0506,0.5943
L1_mom6_1_N20_M_LS,L1,CASH,near,True,False,True,True,True,False,False,True,0.1766,0.3059,0.4735,1.8453,0.4036,0.6712,0.8080,0.0000,0.0000,0.0000,0.1502,-0.6035,0.0000,12.3727,0.0129,0.1355,0.0044,L1_mom12_1_N20_M_LS;L1_mom6_1_N50_M_LS,0.2465,0.5873,0.1449,0.4092
L1_mom6_1_N50_M_LS,L1,CASH,near,True,False,True,True,True,False,False,True,0.1390,0.2136,0.1826,1.9990,0.4253,0.6331,0.3616,0.0000,0.0000,0.0000,0.1277,-0.4817,0.0000,11.2229,0.0099,0.1313,0.0043,L1_mom12_1_N50_M_LS;L1_mom6_1_N20_M_LS,0.2172,0.5330,0.0638,0.3462
L2_res12_1_N20_M_LS,L2,CASH,near,True,False,True,False,True,False,False,True,0.1086,0.2026,0.1601,1.2758,0.2967,0.5546,0.3957,0.0000,0.0000,0.0000,0.0907,-0.4125,0.0000,11.5069,0.0088,0.0798,0.0018,L2_res12_1_N50_M_LS;L2_res6_1_N20_M_LS,0.1374,0.4360,-0.0571,0.5422
L2_res12_1_N50_M_LS,L2,CASH,near,True,False,True,False,True,False,False,True,0.1357,0.1553,0.2353,1.6040,0.4348,0.5176,0.6712,0.0000,0.0000,0.0000,0.1028,-0.3870,0.0000,9.5357,0.0071,0.1035,0.0029,L2_res12_1_N20_M_LS;L2_res6_1_N50_M_LS,0.1269,0.3997,-0.0282,0.5176
L2_res6_1_N20_M_LS,L2,CASH,near,True,False,True,True,True,False,False,True,0.1080,0.1520,0.4220,1.2705,0.3231,0.4804,1.0008,0.0000,0.0000,0.0000,0.0792,-0.4723,0.0000,14.5904,0.0103,0.0688,0.0014,L2_res12_1_N20_M_LS;L2_res6_1_N50_M_LS,0.1269,0.3997,0.0617,0.3714
L2_res6_1_N50_M_LS,L2,CASH,near,True,False,True,True,True,False,False,True,0.1064,0.0917,0.3375,1.2636,0.3885,0.3643,0.9583,0.0000,0.0000,0.0000,0.0665,-0.3959,0.0000,12.6703,0.0090,0.0616,0.0011,L2_res12_1_N50_M_LS;L2_res6_1_N20_M_LS,0.1374,0.4360,0.0401,0.3062
L3_h52_N20_M_LS,L3,CASH,fail,False,False,False,False,False,False,False,False,-0.0070,-0.0053,-0.2645,-0.3001,-0.0139,-0.0099,-0.5892,0.0000,0.0000,0.0000,-0.1341,-0.7675,0.0000,15.6702,0.0123,0.0042,0.0000,L3_h52_N50_M_LS,-0.0382,-0.0988,-0.4636,0.7991
L3_h52_N50_M_LS,L3,CASH,fail,False,False,False,False,False,False,False,False,-0.0758,0.0011,-0.3342,-0.5159,-0.2100,0.0027,-0.8449,0.0000,0.0000,0.0000,-0.1076,-0.6746,0.0000,13.6390,0.0100,0.0020,0.0000,L3_h52_N20_M_LS,-0.0062,-0.0119,-0.4168,0.6238
L4_lowvol252_N20_M_LS,L4,CASH,fail,False,False,False,False,False,False,False,False,-0.4927,-0.3273,-0.7509,-2.2888,-1.2523,-0.5378,-1.0597,0.0000,0.0000,0.0000,-0.4197,-0.9902,0.0000,6.3141,0.0068,0.0000,0.0000,L4_lowvol252_N50_M_LS,-0.2375,-0.6144,-0.8204,0.4024
L4_lowvol252_N50_M_LS,L4,CASH,fail,False,False,False,False,False,False,False,False,-0.3254,-0.1457,-0.9110,-1.9159,-1.0610,-0.3201,-1.4337,0.0000,0.0000,0.0000,-0.2686,-0.9299,0.0000,4.7438,0.0049,0.0000,0.0000,L4_lowvol252_N20_M_LS,-0.4118,-0.8072,-0.6688,0.4050
L5_lowbeta_N20_M_LS,L5,CASH,fail,False,False,False,False,False,False,False,False,-0.1843,-0.1684,-0.7866,-1.2588,-0.3856,-0.2769,-1.0123,0.0000,0.0000,0.0000,-0.2787,-0.9494,0.0000,6.1652,0.0067,0.0002,0.0000,L5_lowbeta_N50_M_LS,-0.1333,-0.3170,-0.7262,0.7015
L5_lowbeta_N50_M_LS,L5,CASH,fail,False,False,False,False,False,False,False,False,-0.1700,-0.0950,-0.8114,-1.1897,-0.4504,-0.2059,-1.2118,0.0000,0.0000,0.0000,-0.1994,-0.8613,0.0000,5.1266,0.0049,0.0002,0.0000,L5_lowbeta_N20_M_LS,-0.1765,-0.3236,-0.6069,0.5688
E1_faber6_SPY,E1,BH_SPY,near,False,False,False,False,False,True,False,False,-0.0341,-0.0284,-0.0964,-0.6656,1.0496,0.9898,0.8453,0.8258,0.8271,1.1320,0.1175,-0.1485,-0.3379,1.8542,0.0007,0.5959,0.0000,E1_faber10_SPY,-0.0630,-0.1422,-0.1449,0.2089
E1_faber10_SPY,E1,BH_SPY,fail,False,False,False,False,False,True,False,True,-0.0758,-0.0496,-0.0964,-1.5062,0.6538,0.7128,0.8453,0.8258,0.8271,1.1320,0.0813,-0.2480,-0.3379,2.1100,0.0008,0.2474,0.0000,E1_faber6_SPY;E1_faber12_SPY,-0.0374,0.1037,-0.1447,0.1214
E1_faber12_SPY,E1,BH_SPY,near,False,False,False,False,False,True,False,False,-0.0758,-0.0098,-0.0364,-1.0267,0.6538,1.0335,1.3162,0.8258,0.8271,1.1320,0.1025,-0.2217,-0.3379,1.5985,0.0006,0.3964,0.0000,E1_faber10_SPY,-0.0630,-0.1422,-0.1167,0.1453
E1_faber6_Erisk,E1,ERISK,near,False,False,False,False,False,True,False,True,-0.0467,0.0054,-0.0463,-0.6617,1.1095,0.7112,1.1802,1.0041,0.3853,1.2081,0.0647,-0.1009,-0.2612,2.4713,0.0011,0.4728,0.0000,E1_faber10_Erisk,-0.0206,0.2111,-0.1194,0.1964
E1_faber10_Erisk,E1,ERISK,near,False,False,False,False,True,True,False,True,-0.0429,0.0028,-0.0258,-0.6596,1.1622,0.6713,1.3070,1.0041,0.3853,1.2081,0.0653,-0.1034,-0.2612,1.9839,0.0009,0.4777,0.0000,E1_faber6_Erisk;E1_faber12_Erisk,-0.0213,0.2105,-0.1090,0.1854
E1_faber12_Erisk,E1,ERISK,near,False,False,False,False,True,True,False,True,-0.0481,0.0063,-0.0251,-0.6834,1.0917,0.7398,1.2519,1.0041,0.3853,1.2081,0.0645,-0.0930,-0.2612,1.7612,0.0008,0.4814,0.0000,E1_faber10_Erisk,-0.0206,0.2111,-0.1128,0.1920
E1_faber6_Esector,E1,ESECTOR,near,False,False,False,False,False,True,False,True,-0.0484,-0.0406,-0.0710,-1.0762,0.8503,0.9809,0.7114,0.6468,0.8779,0.9534,0.0834,-0.1118,-0.3616,2.4331,0.0015,0.4817,0.0000,E1_faber10_Esector,-0.0445,0.1451,-0.1522,0.2030
E1_faber10_Esector,E1,ESECTOR,near,False,False,False,False,False,True,False,True,-0.0583,-0.0300,-0.0551,-1.1600,0.7376,1.0261,0.8140,0.6468,0.8779,0.9534,0.0832,-0.1397,-0.3616,1.9510,0.0012,0.4471,0.0000,E1_faber6_Esector;E1_faber12_Esector,-0.0458,0.1267,-0.1394,0.1820
E1_faber12_Esector,E1,ESECTOR,fail,False,False,False,False,False,True,False,True,-0.0623,-0.0311,-0.0645,-1.2508,0.6361,1.0042,0.6439,0.6468,0.8779,0.9534,0.0799,-0.1779,-0.3616,1.7679,0.0011,0.3740,0.0000,E1_faber10_Esector,-0.0445,0.1451,-0.1428,0.1759
E2_gem6_SPY_EFA,E2,BH_SPY,fail,False,False,False,False,False,False,False,False,-0.1222,-0.0547,-0.0703,-2.6443,0.2186,0.6510,0.8554,0.8258,0.8271,1.1320,0.0492,-0.3400,-0.3379,2.4936,0.0009,0.0683,0.0000,E2_gem12_SPY_EFA,-0.0646,-0.2945,-0.1518,0.0725
E2_gem12_SPY_EFA,E2,BH_SPY,fail,False,False,False,False,False,False,False,False,-0.0916,-0.0364,-0.0264,-2.0296,0.3836,0.7428,0.9218,0.8258,0.8271,1.1320,0.0743,-0.3379,-0.3379,1.4706,0.0006,0.1356,0.0000,E2_gem6_SPY_EFA,-0.0892,-0.4334,-0.1082,0.0593
E2_gem6_SPY_QQQ_IWM_EFA,E2,BH_SPY,fail,False,False,False,False,False,True,False,False,0.0119,-0.0693,-0.0736,-0.8709,0.7587,0.3925,0.6700,0.8258,0.8271,1.1320,0.1059,-0.3239,-0.3379,3.6444,0.0012,0.1793,0.0000,E2_gem12_SPY_QQQ_IWM_EFA,-0.0196,-0.1897,-0.0873,0.0769
E2_gem12_SPY_QQQ_IWM_EFA,E2,BH_SPY,near,False,False,False,False,False,True,False,False,0.0316,-0.0731,0.0111,-0.7405,0.8357,0.3700,1.0441,0.8258,0.8271,1.1320,0.1146,-0.2856,-0.3379,2.1099,0.0007,0.2064,0.0000,E2_gem6_SPY_QQQ_IWM_EFA,-0.0278,-0.2251,-0.0628,0.0861
E3_relmom3_top3_Erisk,E3,ERISK,near,True,False,True,False,True,True,False,True,0.0112,0.0348,0.0925,0.5901,1.0377,0.6973,1.4591,1.0041,0.3853,1.2081,0.1068,-0.1578,-0.2612,4.4492,0.0018,0.4421,0.0002,E3_relmom6_top3_Erisk,0.0185,0.1337,-0.0225,0.1671
E3_relmom6_top3_Erisk,E3,ERISK,near,True,False,True,False,False,True,False,True,0.0083,0.0291,0.0326,0.5320,1.0002,0.6432,1.0794,1.0041,0.3853,1.2081,0.1019,-0.1833,-0.2612,3.2172,0.0013,0.3938,0.0002,E3_relmom3_top3_Erisk;E3_relmom12_top3_Erisk,0.0086,0.0368,-0.0183,0.1097
E3_relmom12_top3_Erisk,E3,ERISK,near,False,False,True,False,False,True,False,True,-0.0354,0.0256,0.0873,-0.2198,0.6426,0.5432,1.3176,1.0041,0.3853,1.2081,0.0742,-0.2158,-0.2612,2.3387,0.0009,0.1759,0.0000,E3_relmom6_top3_Erisk,0.0185,0.1337,-0.0227,0.0807
E3_relmom3_top3_Esector,E3,ESECTOR,fail,False,False,False,False,False,True,False,False,-0.0243,-0.0125,-0.0499,-0.4290,0.7146,0.7478,0.5249,0.6468,0.8779,0.9534,0.1040,-0.2040,-0.3616,5.7609,0.0040,0.2908,0.0000,E3_relmom6_top3_Esector,-0.0285,-0.1671,-0.0544,0.0543
E3_relmom6_top3_Esector,E3,ESECTOR,fail,False,False,False,False,False,True,False,False,-0.0420,-0.0143,-0.0693,-0.8900,0.4459,0.7303,0.3521,0.6468,0.8779,0.9534,0.0886,-0.2966,-0.3616,4.2055,0.0029,0.1597,0.0000,E3_relmom3_top3_Esector;E3_relmom12_top3_Esector,-0.0129,-0.0422,-0.0723,0.0432
E3_relmom12_top3_Esector,E3,ESECTOR,near,False,False,False,False,False,True,False,False,-0.0276,0.0140,0.1431,-0.4002,0.4960,0.8705,1.7962,0.6468,0.8779,0.9534,0.1102,-0.3187,-0.3616,3.1187,0.0021,0.2269,0.0000,E3_relmom6_top3_Esector,-0.0285,-0.1671,-0.0364,0.1356
E4_tsmom3_eq_Erisk,E4,ERISK,near,False,False,False,False,True,True,False,True,-0.0464,-0.0057,-0.0139,-0.8157,1.1226,0.5873,1.5965,1.0041,0.3853,1.2081,0.0592,-0.0930,-0.2612,2.7584,0.0012,0.4165,0.0000,E4_tsmom3_iv_Erisk;E4_tsmom6_eq_Erisk,-0.0297,0.1649,-0.1212,0.2050
E4_tsmom3_iv_Erisk,E4,ERISK,near,False,False,False,False,True,True,False,True,-0.0562,-0.0098,-0.0448,-0.9858,1.2127,0.6235,1.6292,1.0041,0.3853,1.2081,0.0526,-0.0840,-0.2612,2.9606,0.0013,0.4758,0.0000,E4_tsmom3_eq_Erisk;E4_tsmom6_iv_Erisk,-0.0298,0.1685,-0.1486,0.2331
E4_tsmom6_eq_Erisk,E4,ERISK,near,False,False,False,False,False,True,False,True,-0.0533,0.0027,-0.0413,-0.8932,0.9187,0.7103,1.2268,1.0041,0.3853,1.2081,0.0595,-0.1401,-0.2612,2.1181,0.0009,0.3809,0.0000,E4_tsmom3_eq_Erisk;E4_tsmom6_iv_Erisk;E4_tsmom12_eq_Erisk,-0.0312,0.1164,-0.1188,0.1845
E4_tsmom6_iv_Erisk,E4,ERISK,near,False,False,False,False,True,True,False,True,-0.0609,-0.0040,-0.0641,-1.0612,1.0388,0.7200,1.3483,1.0041,0.3853,1.2081,0.0529,-0.1194,-0.2612,2.2617,0.0010,0.4466,0.0000,E4_tsmom3_iv_Erisk;E4_tsmom6_eq_Erisk;E4_tsmom12_iv_Erisk,-0.0325,0.1455,-0.1476,0.2209
E4_tsmom12_eq_Erisk,E4,ERISK,near,False,False,False,False,False,True,False,True,-0.0612,-0.0057,-0.0085,-1.1385,0.8396,0.5766,1.2808,1.0041,0.3853,1.2081,0.0510,-0.1360,-0.2612,1.4152,0.0006,0.2738,0.0000,E4_tsmom6_eq_Erisk;E4_tsmom12_iv_Erisk,-0.0320,0.1137,-0.1176,0.1766
E4_tsmom12_iv_Erisk,E4,ERISK,near,False,False,False,False,False,True,False,True,-0.0660,-0.0088,-0.0388,-1.1775,0.9737,0.6381,1.3720,1.0041,0.3853,1.2081,0.0478,-0.1194,-0.2612,1.5010,0.0007,0.3665,0.0000,E4_tsmom6_iv_Erisk;E4_tsmom12_eq_Erisk,-0.0336,0.0974,-0.1479,0.2213
E5_rp_Erisk,E5,ERISK,fail,False,False,True,False,False,True,False,True,-0.0259,-0.0092,-0.0433,-1.6316,1.1001,0.3607,1.1205,1.0041,0.3853,1.2081,0.0660,-0.2441,-0.2612,0.5073,0.0002,0.2622,0.0000,,,,-0.0596,0.0689
E5_rp_SPY_TLT_GLD,E5,ERISK,near,False,False,True,False,False,True,False,True,-0.0054,0.0073,-0.0469,0.0648,1.4066,0.5328,1.0469,1.0041,0.3853,1.2081,0.0864,-0.2238,-0.2612,0.5136,0.0002,0.4966,0.0000,,,,-0.0827,0.1731
V_SPY_vt10,V,BH_SPY,fail,False,False,False,False,False,True,False,True,-0.0769,-0.0281,-0.0906,-1.7845,0.7678,1.0545,0.9208,0.8258,0.8271,1.1320,0.0946,-0.1979,-0.3379,0.6543,0.0003,0.4712,0.0000,V_SPY_vt15,-0.0274,0.0657,-0.1433,0.1495
V_SPY_vt15,V,BH_SPY,fail,False,False,False,False,False,True,False,True,-0.0533,-0.0003,-0.0598,-1.3187,0.7751,1.0118,0.9029,0.8258,0.8271,1.1320,0.1188,-0.2354,-0.3379,0.4004,0.0002,0.4551,0.0000,V_SPY_vt10,-0.0530,0.0802,-0.0706,0.0640
V_EW_vt10,V,BENCH_EW,fail,False,False,False,False,False,True,False,True,-0.1038,-0.0563,-0.1245,-2.2033,0.7447,0.9101,1.1512,0.8618,0.8001,1.3525,0.0865,-0.2288,-0.3976,0.9855,0.0006,0.3825,0.0000,V_EW_vt15,-0.0471,0.0057,-0.1922,0.1692
V_EW_vt15,V,BENCH_EW,fail,False,False,False,False,False,True,False,False,-0.0744,-0.0186,-0.0807,-1.8207,0.7777,0.8993,1.0810,0.8618,0.8001,1.3525,0.1181,-0.2785,-0.3976,0.9579,0.0007,0.3992,0.0000,V_EW_vt10,-0.0806,-0.0105,-0.1010,0.0703
V_S1mom_vt10,V,S1_mom12_1_N20_M,near,False,False,False,False,False,True,False,False,-0.3485,-0.2880,-0.6775,-3.1211,1.0337,1.2109,1.6309,1.3402,1.0152,1.4409,0.1252,-0.1461,-0.4342,1.7235,0.0015,0.6897,0.0000,V_S1mom_vt15,-0.2646,-0.0714,-0.6017,0.1620
V_S1mom_vt15,V,S1_mom12_1_N20_M,near,False,False,False,False,False,True,False,False,-0.2892,-0.2390,-0.6072,-3.0794,1.0724,1.1236,1.5136,1.3402,1.0152,1.4409,0.1796,-0.2141,-0.4342,2.5052,0.0021,0.6740,0.0000,V_S1mom_vt10,-0.3189,-0.0552,-0.4996,0.1105
V_S3h52_vt10,V,S3_h52_N20_M,near,False,False,False,False,False,True,False,False,-0.0942,-0.0233,-0.0491,-2.4267,0.7595,0.9299,1.4808,0.9598,0.7746,1.3060,0.0866,-0.1821,-0.2880,8.5211,0.0048,0.3994,0.0000,V_S3h52_vt15,-0.0354,-0.0533,-0.1011,0.0551
V_S3h52_vt15,V,S3_h52_N20_M,near,False,False,False,False,False,True,False,False,-0.0608,-0.0088,0.0020,-2.3062,0.8368,0.8038,1.4868,0.9598,0.7746,1.3060,0.1089,-0.2167,-0.2880,10.0442,0.0057,0.3818,0.0000,V_S3h52_vt10,-0.0595,-0.0370,-0.0478,0.0220
V_S4lv_vt10,V,S4_lowvol252_N50_M,near,False,False,False,False,True,True,False,True,-0.0272,-0.0065,-0.0020,-0.7987,0.8409,0.7266,0.5106,0.6477,0.6528,0.4612,0.0757,-0.1913,-0.3680,1.7699,0.0010,0.3470,0.0000,V_S4lv_vt15,-0.0115,0.0682,-0.0416,0.0585
V_S4lv_vt15,V,S4_lowvol252_N50_M,fail,False,False,False,False,False,True,False,True,-0.0132,-0.0097,-0.0018,-0.7659,0.8038,0.5911,0.4559,0.6477,0.6528,0.4612,0.0794,-0.2354,-0.3680,1.6346,0.0010,0.2689,0.0000,V_S4lv_vt10,-0.0171,0.1501,-0.0190,0.0191
