strategy,side,configs,positive_exp,base_geom,base_n,base_per_day,base_win,base_exp,base_t,base_up,base_flat,base_down,best_cfg,best_n,best_per_day,best_win,best_exp,best_t,best_up,best_down,best_ex_best_day,best_maxday
R12-rsi-div,short,48,0,t1s1,251773,591.016,0.472,-0.091,-7.23,-0.278,-0.053,0.109,trend+inplay|t1s1,3952,9.277,0.469,-0.084,-2.88,-0.204,0.036,-0.103,0.03
R20-sma-macd,long,64,0,t1s1,229309,538.284,0.476,-0.09,-7.3,0.087,-0.117,-0.296,rvol+inplay|S,9463,22.214,0.277,-0.049,-2.75,0.008,-0.127,-0.059,0.014
R11-rsi-os,short,64,0,t1s1,118472,278.103,0.47,-0.089,-5.0,-0.309,-0.099,0.11,trend+spy|t1s1,15470,36.315,0.482,-0.065,-2.66,-0.328,0.07,-0.071,0.014
R02-vwap-reclaim,short,64,0,t1s1,226200,530.986,0.48,-0.077,-5.45,-0.305,-0.068,0.143,rvol+spy|t1s1,22203,52.12,0.485,-0.054,-2.4,-0.415,0.108,-0.06,0.016
R09-ema20-pullback,short,64,0,t1s1,288104,676.3,0.479,-0.083,-6.62,-0.291,-0.105,0.11,rvol+inplay|t1s1,4705,11.045,0.475,-0.061,-2.39,-0.189,0.056,-0.075,0.016
R12-rsi-div,long,48,0,t1s1,241733,567.448,0.474,-0.097,-7.62,0.104,-0.069,-0.27,trend+inplay|t1s1,3947,9.265,0.469,-0.072,-2.31,0.094,-0.228,-0.095,0.023
R17-pd-retest,short,64,0,t1s1,118326,277.761,0.488,-0.08,-5.33,-0.316,-0.112,0.113,spy+inplay|t1s1,13071,30.683,0.488,-0.061,-2.29,-0.384,0.057,-0.073,0.022
R14-ict-fvg,short,64,0,S,102671,241.012,0.327,-0.086,-4.42,-0.26,-0.123,0.076,spy+inplay|t1s1,18132,42.563,0.498,-0.051,-2.14,-0.264,0.051,-0.061,0.029
R08-bull-flag,short,64,0,S,36220,85.023,0.323,-0.147,-4.15,-0.367,-0.136,-0.039,rvol+inplay|S,3146,7.385,0.331,-0.115,-1.99,-0.302,0.018,-0.158,0.058
R18-orb-fvg,short,64,0,S,61706,144.85,0.329,-0.089,-3.58,-0.28,-0.158,0.068,rvol+inplay|t1s1,5984,14.047,0.489,-0.053,-1.89,-0.18,0.063,-0.071,0.026
R11-rsi-os,long,64,0,t1s1,120891,283.782,0.475,-0.086,-5.75,0.085,-0.092,-0.276,rvol+inplay|t1s1,2904,6.817,0.472,-0.067,-1.82,0.071,-0.201,-0.086,0.029
R07-hod-break,short,64,0,S,107344,251.981,0.369,-0.086,-3.3,-0.296,-0.199,0.088,spy+inplay|S,21008,49.315,0.391,-0.075,-1.74,-0.378,0.03,-0.103,0.022
R14-ict-fvg,long,64,0,S,101808,238.986,0.34,-0.072,-3.81,0.122,-0.118,-0.26,spy+inplay|t1s1,19166,44.991,0.503,-0.045,-1.74,0.052,-0.254,-0.059,0.034
R20-sma-macd,short,64,0,t1s1,223125,523.768,0.478,-0.078,-5.68,-0.298,-0.114,0.11,spy+inplay|t1s1,28630,67.207,0.483,-0.053,-1.71,-0.358,0.058,-0.066,0.02
R16-rel-strength,long,64,0,t1s1,41791,98.101,0.48,-0.113,-5.78,0.079,-0.072,-0.211,rvol+spy|S,2647,6.214,0.364,-0.067,-1.63,0.046,-0.211,-0.08,0.023
R02-vwap-reclaim,long,64,0,t1s1,222794,522.991,0.483,-0.079,-5.6,0.145,-0.073,-0.283,rvol+inplay|S,4795,11.256,0.259,-0.036,-1.63,0.093,-0.097,-0.051,0.018
R01-orb30,short,64,0,t1s1,191181,448.782,0.487,-0.081,-5.29,-0.32,-0.148,0.101,spy+inplay|t1s1,22824,53.577,0.495,-0.047,-1.5,-0.417,0.09,-0.058,0.017
R18-orb-fvg,long,64,0,t1s1,59775,140.317,0.5,-0.063,-3.69,0.121,-0.142,-0.278,spy+inplay|t1s1,13766,32.315,0.497,-0.057,-1.49,0.032,-0.292,-0.078,0.046
R10-ema-cross,short,64,0,t1s1,295623,693.951,0.478,-0.076,-5.98,-0.273,-0.087,0.122,rvol+inplay|S,7230,16.972,0.362,-0.036,-1.43,-0.105,0.023,-0.047,0.01
R10-ema-cross,long,64,0,S,295267,693.115,0.324,-0.081,-6.0,0.079,-0.114,-0.209,rvol+inplay|S,8007,18.796,0.372,-0.035,-1.18,0.058,-0.117,-0.046,0.02
R19-orb-fib,short,64,0,t1s1,100419,235.725,0.475,-0.094,-5.62,-0.334,-0.129,0.12,rvol+inplay|t1s1,1141,2.678,0.493,-0.041,-0.93,-0.258,0.088,-0.069,0.047
R16-rel-strength,short,64,0,S,35999,84.505,0.331,-0.099,-5.2,-0.166,-0.114,0.107,rvol+spy|S,2102,4.934,0.353,-0.039,-0.86,-0.086,0.111,-0.055,0.02
R06-red-green,short,64,0,S,37785,88.697,0.187,-0.076,-3.68,-0.207,-0.124,0.033,trend+inplay|S,4124,9.681,0.218,-0.036,-0.75,-0.148,0.037,-0.078,0.103
R17-pd-retest,long,64,0,t1s1,124403,292.026,0.488,-0.085,-6.35,0.109,-0.138,-0.288,rvol+inplay|t1s1,4395,10.317,0.51,-0.024,-0.57,0.089,-0.229,-0.064,0.063
R15-sweep,long,64,1,S,63038,147.977,0.301,-0.101,-4.89,0.222,-0.071,-0.283,trend+inplay|t1s1,1563,3.669,0.51,-0.029,-0.54,0.07,-0.06,-0.04,0.061
R08-bull-flag,long,64,0,S,37191,87.303,0.343,-0.123,-3.9,0.043,-0.156,-0.379,rvol+inplay|t1s1,3091,7.256,0.52,-0.023,-0.51,0.1,-0.285,-0.059,0.079
R04-gap-go,long,64,0,t1s1,12615,29.613,0.485,-0.079,-3.09,0.055,-0.079,-0.277,rvol+inplay|S,2085,4.894,0.33,-0.011,-0.23,0.09,-0.239,-0.03,0.014
R13-macd-zero,long,64,0,S,249934,586.7,0.346,-0.079,-5.28,0.09,-0.119,-0.219,rvol+inplay|S,5837,13.702,0.393,-0.005,-0.1,0.138,-0.115,-0.037,0.023
R01-orb30,long,64,1,t1s1,197074,462.615,0.49,-0.08,-5.45,0.128,-0.172,-0.318,rvol+inplay|S,8144,19.117,0.247,0.001,0.01,0.186,-0.243,-0.092,0.043
R07-hod-break,long,64,1,S,111182,260.991,0.376,-0.099,-5.02,0.061,-0.181,-0.308,rvol+inplay|S,11412,26.789,0.415,0.001,0.01,0.161,-0.213,-0.084,0.037
R06-red-green,long,64,1,t1s1,35803,84.045,0.486,-0.074,-3.25,0.102,-0.159,-0.31,spy+inplay|t1s1,6165,14.472,0.518,0.004,0.07,0.147,-0.329,-0.057,0.095
R13-macd-zero,short,64,1,S,250257,587.458,0.336,-0.083,-5.65,-0.23,-0.129,0.096,rvol+inplay|S,5226,12.268,0.383,0.005,0.17,-0.061,0.074,-0.012,0.009
R04-gap-go,short,64,3,t1s1,12059,28.308,0.517,-0.01,-0.22,-0.31,-0.064,0.186,rvol|t1s1,3895,9.143,0.52,0.01,0.23,-0.244,0.213,-0.015,0.036
R05-gap-fill,short,64,7,S,12566,29.498,0.438,0.024,0.3,-0.27,-0.058,0.333,-|S,12566,29.498,0.438,0.024,0.3,-0.27,0.333,-0.048,0.034
R03-vwap-fade,long,64,5,S,2390,5.61,0.329,-0.074,-1.02,0.003,0.256,-0.283,trend+inplay|S,151,0.354,0.311,0.054,0.31,-0.064,0.056,-0.003,0.066
R09-ema20-pullback,long,64,1,t1s1,293632,689.277,0.48,-0.088,-7.22,0.111,-0.117,-0.293,rvol+inplay|S,4973,11.674,0.281,0.078,0.5,0.33,-0.15,-0.085,0.043
R05-gap-fill,long,64,24,S,11831,27.772,0.431,0.01,0.13,0.387,-0.136,-0.367,vwap+spy|S,6377,14.969,0.444,0.059,0.54,0.437,-0.515,-0.023,0.047
R15-sweep,short,64,3,S,55503,130.289,0.287,-0.106,-4.68,-0.286,-0.067,0.159,trend+inplay|S,1638,3.845,0.313,0.195,0.87,0.271,0.252,-0.078,0.206
R19-orb-fib,long,64,3,t1s1,100552,236.038,0.489,-0.081,-5.14,0.154,-0.099,-0.322,vwap+inplay|t1s1,1327,3.115,0.561,0.072,1.37,0.17,-0.122,0.025,0.254
R03-vwap-fade,short,64,6,S,2602,6.108,0.349,0.022,0.11,0.03,0.018,-0.01,trend+inplay|S,250,0.587,0.436,0.573,2.08,0.881,-0.548,-0.17,0.644
