config,split,n,per_day,exp,tot,t_day,ex_best,pnl
n1|cd0|any,train,1626,54.2,0.1104,179.5,1.78,108.2,8780.0
n1|cd0|any,valid,437,31.2,0.0752,32.9,1.12,17.6,1208.0
n2|cd15|any,train,1707,56.9,0.1202,205.1,1.83,122.5,9765.0
n2|cd15|any,valid,459,32.8,0.0692,31.8,0.96,15.6,1192.0
n2|cd30|any,train,1668,55.6,0.1187,197.9,1.81,117.9,9398.0
n2|cd30|any,valid,448,32.0,0.0773,34.7,1.16,19.4,1268.0
n3|cd15|any,train,1704,56.8,0.1205,205.3,1.83,122.6,9742.0
n3|cd15|any,valid,460,32.9,0.0668,30.7,0.93,14.5,1183.0
n3|cd30|any,train,1668,55.6,0.1187,197.9,1.81,117.9,9398.0
n3|cd30|any,valid,448,32.0,0.0773,34.7,1.16,19.4,1268.0
n2|cd15|fresh,train,1670,55.7,0.1147,191.6,1.8,112.7,9128.0
n2|cd15|fresh,valid,448,32.0,0.0699,31.3,0.99,16.1,1155.0
n2|cd30|fresh,train,1648,54.9,0.114,187.8,1.77,110.4,9056.0
n2|cd30|fresh,valid,442,31.6,0.0717,31.7,1.03,16.4,1178.0
n3|cd15|fresh,train,1670,55.7,0.1147,191.6,1.8,112.7,9128.0
n3|cd15|fresh,valid,448,32.0,0.0699,31.3,0.99,16.1,1155.0
n3|cd30|fresh,train,1648,54.9,0.114,187.8,1.77,110.4,9056.0
n3|cd30|fresh,valid,442,31.6,0.0717,31.7,1.03,16.4,1178.0
