symbol,variant,legs,r,detail
CAI,base,1,-1.11,long 11:05->11:29 stop -1.11
CAI,a_sar_t1,2,-2.23,long 11:05->11:29 stop -1.11; rev_short 11:29->11:51 stop -1.11
CAI,a_sar_t2,2,-2.23,long 11:05->11:29 stop -1.11; rev_short 11:29->11:51 stop -1.11
CAI,a_sar_tNone,2,-2.23,long 11:05->11:29 stop -1.11; rev_short 11:29->11:51 stop -1.11
CAI,b_stop05_re_None,1,-0.61,long 11:05->11:24 stop -0.61
CAI,b_stop05_re_vwap,1,-0.61,long 11:05->11:24 stop -0.61
CAI,b_stop05_re_hl,2,-1.22,long 11:05->11:24 stop -0.61; re_long 11:45->12:21 stop -0.60
CAI,b_stop05_re_either,2,-1.22,long 11:05->11:24 stop -0.61; re_long 11:45->12:21 stop -0.60
CAI,c_conf_prevhigh_30m,0,0.0,
CAI,c_conf_prevhigh_60m,1,-1.1,conf_long 11:45->12:25 stop -1.10
CAI,c_conf_vwap_30m,0,0.0,
CAI,c_conf_vwap_60m,0,0.0,
CAI,c_conf_either_30m,0,0.0,
CAI,c_conf_either_60m,1,-1.1,conf_long 11:45->12:25 stop -1.10
CAI,d_cont_ll1_t1,0,0.0,
CAI,d_cont_ll1_trail05,0,0.0,
CAI,d_cont_ll1_trail1,0,0.0,
CAI,d_cont_ll2_t1,0,0.0,
CAI,d_cont_ll2_trail05,0,0.0,
CAI,d_cont_ll2_trail1,0,0.0,
CAI,d_cont_ll3_t1,0,0.0,
CAI,d_cont_ll3_trail05,0,0.0,
CAI,d_cont_ll3_trail1,0,0.0,
DHR,base,1,0.98,long 11:05->11:39 target +0.98
DHR,a_sar_t1,1,0.98,long 11:05->11:39 target +0.98
DHR,a_sar_t2,1,0.98,long 11:05->11:39 target +0.98
DHR,a_sar_tNone,1,0.98,long 11:05->11:39 target +0.98
DHR,b_stop05_re_None,1,0.98,long 11:05->11:39 target +0.98
DHR,b_stop05_re_vwap,1,0.98,long 11:05->11:39 target +0.98
DHR,b_stop05_re_hl,1,0.98,long 11:05->11:39 target +0.98
DHR,b_stop05_re_either,1,0.98,long 11:05->11:39 target +0.98
DHR,c_conf_prevhigh_30m,1,-1.05,conf_long 11:10->15:49 stop -1.05
DHR,c_conf_prevhigh_60m,1,-1.05,conf_long 11:10->15:49 stop -1.05
DHR,c_conf_vwap_30m,0,0.0,
DHR,c_conf_vwap_60m,0,0.0,
DHR,c_conf_either_30m,1,-1.05,conf_long 11:10->15:49 stop -1.05
DHR,c_conf_either_60m,1,-1.05,conf_long 11:10->15:49 stop -1.05
DHR,d_cont_ll1_t1,0,0.0,
DHR,d_cont_ll1_trail05,0,0.0,
DHR,d_cont_ll1_trail1,0,0.0,
DHR,d_cont_ll2_t1,0,0.0,
DHR,d_cont_ll2_trail05,0,0.0,
DHR,d_cont_ll2_trail1,0,0.0,
DHR,d_cont_ll3_t1,0,0.0,
DHR,d_cont_ll3_trail05,0,0.0,
DHR,d_cont_ll3_trail1,0,0.0,
GRML,base,1,-0.39,long 11:05->15:55 time -0.39
GRML,a_sar_t1,1,-0.39,long 11:05->15:55 time -0.39
GRML,a_sar_t2,1,-0.39,long 11:05->15:55 time -0.39
GRML,a_sar_tNone,1,-0.39,long 11:05->15:55 time -0.39
GRML,b_stop05_re_None,1,-0.55,long 11:05->12:10 stop -0.55
GRML,b_stop05_re_vwap,1,-0.55,long 11:05->12:10 stop -0.55
GRML,b_stop05_re_hl,2,-0.44,long 11:05->12:10 stop -0.55; re_long 12:35->15:55 time +0.11
GRML,b_stop05_re_either,2,-0.44,long 11:05->12:10 stop -0.55; re_long 12:35->15:55 time +0.11
GRML,c_conf_prevhigh_30m,0,0.0,
GRML,c_conf_prevhigh_60m,0,0.0,
GRML,c_conf_vwap_30m,0,0.0,
GRML,c_conf_vwap_60m,0,0.0,
GRML,c_conf_either_30m,0,0.0,
GRML,c_conf_either_60m,0,0.0,
GRML,d_cont_ll1_t1,1,0.27,cont_short 11:10->15:55 time +0.27
GRML,d_cont_ll1_trail05,1,0.27,cont_short 11:10->15:55 time +0.27
GRML,d_cont_ll1_trail1,1,0.27,cont_short 11:10->15:55 time +0.27
GRML,d_cont_ll2_t1,0,0.0,
GRML,d_cont_ll2_trail05,0,0.0,
GRML,d_cont_ll2_trail1,0,0.0,
GRML,d_cont_ll3_t1,0,0.0,
GRML,d_cont_ll3_trail05,0,0.0,
GRML,d_cont_ll3_trail1,0,0.0,
GH,base,1,-1.06,long 11:05->11:14 stop -1.06
GH,a_sar_t1,2,-2.11,long 11:05->11:14 stop -1.06; rev_short 11:14->11:43 stop -1.05
GH,a_sar_t2,2,-2.11,long 11:05->11:14 stop -1.06; rev_short 11:14->11:43 stop -1.05
GH,a_sar_tNone,2,-2.11,long 11:05->11:14 stop -1.06; rev_short 11:14->11:43 stop -1.05
GH,b_stop05_re_None,1,-0.56,long 11:05->11:07 stop -0.56
GH,b_stop05_re_vwap,1,-0.56,long 11:05->11:07 stop -0.56
GH,b_stop05_re_hl,2,0.63,long 11:05->11:07 stop -0.56; re_long 11:35->11:54 target +1.19
GH,b_stop05_re_either,2,0.63,long 11:05->11:07 stop -0.56; re_long 11:35->11:54 target +1.19
GH,c_conf_prevhigh_30m,1,1.19,conf_long 11:35->11:54 target +1.19
GH,c_conf_prevhigh_60m,1,1.19,conf_long 11:35->11:54 target +1.19
GH,c_conf_vwap_30m,0,0.0,
GH,c_conf_vwap_60m,0,0.0,
GH,c_conf_either_30m,1,1.19,conf_long 11:35->11:54 target +1.19
GH,c_conf_either_60m,1,1.19,conf_long 11:35->11:54 target +1.19
GH,d_cont_ll1_t1,1,-1.04,cont_short 11:10->11:54 stop -1.04
GH,d_cont_ll1_trail05,1,0.29,cont_short 11:10->11:15 trail +0.29
GH,d_cont_ll1_trail1,1,-1.04,cont_short 11:10->11:54 stop -1.04
GH,d_cont_ll2_t1,1,-1.05,cont_short 11:15->11:50 stop -1.05
GH,d_cont_ll2_trail05,1,-1.05,cont_short 11:15->11:50 stop -1.05
GH,d_cont_ll2_trail1,1,-1.05,cont_short 11:15->11:50 stop -1.05
GH,d_cont_ll3_t1,0,0.0,
GH,d_cont_ll3_trail05,0,0.0,
GH,d_cont_ll3_trail1,0,0.0,
KLAC,base,1,0.97,long 11:05->12:04 target +0.97
KLAC,a_sar_t1,1,0.97,long 11:05->12:04 target +0.97
KLAC,a_sar_t2,1,0.97,long 11:05->12:04 target +0.97
KLAC,a_sar_tNone,1,0.97,long 11:05->12:04 target +0.97
KLAC,b_stop05_re_None,1,0.97,long 11:05->12:04 target +0.97
KLAC,b_stop05_re_vwap,1,0.97,long 11:05->12:04 target +0.97
KLAC,b_stop05_re_hl,1,0.97,long 11:05->12:04 target +0.97
KLAC,b_stop05_re_either,1,0.97,long 11:05->12:04 target +0.97
KLAC,c_conf_prevhigh_30m,1,-1.06,conf_long 11:10->14:26 stop -1.06
KLAC,c_conf_prevhigh_60m,1,-1.06,conf_long 11:10->14:26 stop -1.06
KLAC,c_conf_vwap_30m,0,0.0,
KLAC,c_conf_vwap_60m,0,0.0,
KLAC,c_conf_either_30m,1,-1.06,conf_long 11:10->14:26 stop -1.06
KLAC,c_conf_either_60m,1,-1.06,conf_long 11:10->14:26 stop -1.06
KLAC,d_cont_ll1_t1,0,0.0,
KLAC,d_cont_ll1_trail05,0,0.0,
KLAC,d_cont_ll1_trail1,0,0.0,
KLAC,d_cont_ll2_t1,0,0.0,
KLAC,d_cont_ll2_trail05,0,0.0,
KLAC,d_cont_ll2_trail1,0,0.0,
KLAC,d_cont_ll3_t1,0,0.0,
KLAC,d_cont_ll3_trail05,0,0.0,
KLAC,d_cont_ll3_trail1,0,0.0,
NET,base,1,-0.21,long 11:05->15:55 time -0.21
NET,a_sar_t1,1,-0.21,long 11:05->15:55 time -0.21
NET,a_sar_t2,1,-0.21,long 11:05->15:55 time -0.21
NET,a_sar_tNone,1,-0.21,long 11:05->15:55 time -0.21
NET,b_stop05_re_None,1,-0.52,long 11:05->12:07 stop -0.52
NET,b_stop05_re_vwap,1,-0.52,long 11:05->12:07 stop -0.52
NET,b_stop05_re_hl,2,-0.32,long 11:05->12:07 stop -0.52; re_long 12:35->15:55 time +0.20
NET,b_stop05_re_either,2,-0.32,long 11:05->12:07 stop -0.52; re_long 12:35->15:55 time +0.20
NET,c_conf_prevhigh_30m,1,-0.53,conf_long 11:10->15:55 time -0.53
NET,c_conf_prevhigh_60m,1,-0.53,conf_long 11:10->15:55 time -0.53
NET,c_conf_vwap_30m,0,0.0,
NET,c_conf_vwap_60m,0,0.0,
NET,c_conf_either_30m,1,-0.53,conf_long 11:10->15:55 time -0.53
NET,c_conf_either_60m,1,-0.53,conf_long 11:10->15:55 time -0.53
NET,d_cont_ll1_t1,0,0.0,
NET,d_cont_ll1_trail05,0,0.0,
NET,d_cont_ll1_trail1,0,0.0,
NET,d_cont_ll2_t1,0,0.0,
NET,d_cont_ll2_trail05,0,0.0,
NET,d_cont_ll2_trail1,0,0.0,
NET,d_cont_ll3_t1,0,0.0,
NET,d_cont_ll3_trail05,0,0.0,
NET,d_cont_ll3_trail1,0,0.0,
TEM,base,1,-1.04,long 11:05->12:23 stop -1.04
TEM,a_sar_t1,2,-0.05,long 11:05->12:23 stop -1.04; rev_short 12:23->14:46 target +0.99
TEM,a_sar_t2,2,0.95,long 11:05->12:23 stop -1.04; rev_short 12:23->15:54 target +1.99
TEM,a_sar_tNone,2,0.75,long 11:05->12:23 stop -1.04; rev_short 12:23->15:55 time +1.79
TEM,b_stop05_re_None,1,-0.54,long 11:05->12:04 stop -0.54
TEM,b_stop05_re_vwap,1,-0.54,long 11:05->12:04 stop -0.54
TEM,b_stop05_re_hl,2,-1.1,long 11:05->12:04 stop -0.54; re_long 12:40->13:20 stop -0.57
TEM,b_stop05_re_either,2,-1.1,long 11:05->12:04 stop -0.54; re_long 12:40->13:20 stop -0.57
TEM,c_conf_prevhigh_30m,0,0.0,
TEM,c_conf_prevhigh_60m,0,0.0,
TEM,c_conf_vwap_30m,0,0.0,
TEM,c_conf_vwap_60m,0,0.0,
TEM,c_conf_either_30m,0,0.0,
TEM,c_conf_either_60m,0,0.0,
TEM,d_cont_ll1_t1,1,0.97,cont_short 11:10->12:07 target +0.97
TEM,d_cont_ll1_trail05,1,0.07,cont_short 11:10->11:29 trail +0.07
TEM,d_cont_ll1_trail1,1,3.3,cont_short 11:10->15:55 time +3.30
TEM,d_cont_ll2_t1,0,0.0,
TEM,d_cont_ll2_trail05,0,0.0,
TEM,d_cont_ll2_trail1,0,0.0,
TEM,d_cont_ll3_t1,0,0.0,
TEM,d_cont_ll3_trail05,0,0.0,
TEM,d_cont_ll3_trail1,0,0.0,
TWLO,base,1,-0.86,long 11:05->12:18 stop -0.86
TWLO,a_sar_t1,2,0.13,long 11:05->12:18 stop -0.86; rev_short 12:18->15:14 target +0.99
TWLO,a_sar_t2,2,0.55,long 11:05->12:18 stop -0.86; rev_short 12:18->15:55 time +1.41
TWLO,a_sar_tNone,2,0.55,long 11:05->12:18 stop -0.86; rev_short 12:18->15:55 time +1.41
TWLO,b_stop05_re_None,1,-0.36,long 11:05->11:27 stop -0.36
TWLO,b_stop05_re_vwap,1,-0.36,long 11:05->11:27 stop -0.36
TWLO,b_stop05_re_hl,2,-0.95,long 11:05->11:27 stop -0.36; re_long 11:35->12:18 stop -0.59
TWLO,b_stop05_re_either,2,-0.95,long 11:05->11:27 stop -0.36; re_long 11:35->12:18 stop -0.59
TWLO,c_conf_prevhigh_30m,1,-1.03,conf_long 11:10->12:18 stop -1.03
TWLO,c_conf_prevhigh_60m,1,-1.03,conf_long 11:10->12:18 stop -1.03
TWLO,c_conf_vwap_30m,0,0.0,
TWLO,c_conf_vwap_60m,0,0.0,
TWLO,c_conf_either_30m,1,-1.03,conf_long 11:10->12:18 stop -1.03
TWLO,c_conf_either_60m,1,-1.03,conf_long 11:10->12:18 stop -1.03
TWLO,d_cont_ll1_t1,0,0.0,
TWLO,d_cont_ll1_trail05,0,0.0,
TWLO,d_cont_ll1_trail1,0,0.0,
TWLO,d_cont_ll2_t1,0,0.0,
TWLO,d_cont_ll2_trail05,0,0.0,
TWLO,d_cont_ll2_trail1,0,0.0,
TWLO,d_cont_ll3_t1,0,0.0,
TWLO,d_cont_ll3_trail05,0,0.0,
TWLO,d_cont_ll3_trail1,0,0.0,
TWST,base,1,-0.96,long 11:05->11:26 stop -0.96
TWST,a_sar_t1,2,0.03,long 11:05->11:26 stop -0.96; rev_short 11:26->12:04 target +0.99
TWST,a_sar_t2,2,1.03,long 11:05->11:26 stop -0.96; rev_short 11:26->12:22 target +1.99
TWST,a_sar_tNone,2,3.29,long 11:05->11:26 stop -0.96; rev_short 11:26->15:55 time +4.25
TWST,b_stop05_re_None,1,-0.46,long 11:05->11:06 stop -0.46
TWST,b_stop05_re_vwap,1,-0.46,long 11:05->11:06 stop -0.46
TWST,b_stop05_re_hl,2,-1.02,long 11:05->11:06 stop -0.46; re_long 11:55->12:00 stop -0.56
TWST,b_stop05_re_either,2,-1.02,long 11:05->11:06 stop -0.46; re_long 11:55->12:00 stop -0.56
TWST,c_conf_prevhigh_30m,0,0.0,
TWST,c_conf_prevhigh_60m,1,-1.06,conf_long 11:55->12:04 stop -1.06
TWST,c_conf_vwap_30m,0,0.0,
TWST,c_conf_vwap_60m,0,0.0,
TWST,c_conf_either_30m,0,0.0,
TWST,c_conf_either_60m,1,-1.06,conf_long 11:55->12:04 stop -1.06
TWST,d_cont_ll1_t1,0,0.0,
TWST,d_cont_ll1_trail05,0,0.0,
TWST,d_cont_ll1_trail1,0,0.0,
TWST,d_cont_ll2_t1,0,0.0,
TWST,d_cont_ll2_trail05,0,0.0,
TWST,d_cont_ll2_trail1,0,0.0,
TWST,d_cont_ll3_t1,0,0.0,
TWST,d_cont_ll3_trail05,0,0.0,
TWST,d_cont_ll3_trail1,0,0.0,
