setup,split,subset,per_day,n,win,exp,tot,t_day,ex_best
heat_fade_short,train,all bars,44.9,1348,0.482,-0.0679,-91.58,-0.47,-154.17
heat_fade_short,train,first bar,17.4,521,0.539,0.0489,25.47,0.45,2.31
heat_fade_short,train,bars 2+,27.6,827,0.446,-0.1415,-117.05,-0.82,-156.48
heat_fade_short,valid,all bars,24.4,341,0.551,0.0623,21.26,0.42,2.45
heat_fade_short,valid,first bar,10.1,141,0.61,0.1803,25.43,1.47,11.51
heat_fade_short,valid,bars 2+,14.3,200,0.51,-0.0208,-4.17,-0.11,-13.07
heat_fade_long,train,all bars,69.2,2075,0.634,0.2569,533.15,1.97,307.76
heat_fade_long,train,first bar,16.6,497,0.549,0.109,54.18,1.34,26.36
heat_fade_long,train,bars 2+,52.6,1578,0.661,0.3035,478.97,2.04,281.41
heat_fade_long,valid,all bars,29.1,408,0.488,-0.0724,-29.53,-0.74,-44.35
heat_fade_long,valid,first bar,8.3,116,0.5,-0.0251,-2.91,-0.21,-8.32
heat_fade_long,valid,bars 2+,20.9,292,0.483,-0.0911,-26.62,-0.95,-36.03
exhaustion_short,train,all bars,19.9,596,0.716,0.3566,212.53,1.53,96.33
exhaustion_short,train,first bar,11.6,348,0.687,0.2817,98.03,1.5,44.36
exhaustion_short,train,bars 2+,8.3,248,0.758,0.4617,114.5,1.55,51.97
exhaustion_short,valid,all bars,5.9,83,0.627,0.1361,11.3,0.85,0.96
exhaustion_short,valid,first bar,3.8,53,0.642,0.1775,9.41,1.08,2.48
exhaustion_short,valid,bars 2+,2.1,30,0.6,0.0629,1.89,0.29,-1.52
