config,split,n,days,win,exp,tot,t_day,ex_best,best_day,per_sig,trades_per_day,reentry_n,reentry_exp,reentry_t,reentry_ex_best,diff_tot,diff_t,diff_ex_best,diff_best_day
heat_fade_short|n1|cd0|any,train,521,30,0.539,0.0489,25.47,0.45,2.31,2026-08-12,,17.37,0,,,,,,,
heat_fade_short|n1|cd0|any,valid,141,14,0.61,0.1803,25.43,1.47,11.51,2026-09-11,,10.07,0,,,,,,,
heat_fade_short|n2|cd15|any,train,536,30,0.537,0.0441,23.65,0.41,0.49,2026-08-12,,17.87,15,-0.1209,-0.58,-2.91,-1.81,-0.59,-2.91,2026-07-29
heat_fade_short|n2|cd15|any,valid,149,14,0.611,0.1758,26.2,1.4,12.05,2026-09-11,,10.64,8,0.0965,0.22,-0.97,0.77,0.23,-0.97,2026-09-08
heat_fade_short|n2|cd15|fresh,train,531,30,0.537,0.0436,23.14,0.4,-0.02,2026-08-12,,17.7,10,-0.2323,-0.78,-3.4,-2.32,-0.8,-3.4,2026-07-28
heat_fade_short|n2|cd15|fresh,valid,146,14,0.603,0.165,24.09,1.29,10.17,2026-09-11,,10.43,5,-0.2684,-0.4,-3.08,-1.34,-0.45,-3.08,2026-09-08
heat_fade_short|n2|cd30|any,train,524,30,0.536,0.0428,22.42,0.4,-0.75,2026-08-12,,17.47,3,-1.0174,,-2.04,-3.05,-1.36,-3.05,2026-07-15
heat_fade_short|n2|cd30|any,valid,144,14,0.611,0.181,26.07,1.49,12.15,2026-09-11,,10.29,3,0.2141,,-0.24,0.64,0.69,-0.24,2026-09-08
heat_fade_short|n2|cd30|fresh,train,523,30,0.537,0.0448,23.43,0.41,0.27,2026-08-12,,17.43,2,-1.0175,,-1.03,-2.04,-1.44,-2.04,2026-07-15
heat_fade_short|n2|cd30|fresh,valid,143,14,0.608,0.1768,25.29,1.41,11.37,2026-09-11,,10.21,2,-0.0713,,-1.02,-0.14,-0.1,-1.02,2026-09-08
heat_fade_short|n3|cd15|any,train,536,30,0.537,0.0441,23.65,0.41,0.49,2026-08-12,,17.87,15,-0.1209,-0.58,-2.91,-1.81,-0.59,-2.91,2026-07-29
heat_fade_short|n3|cd15|any,valid,149,14,0.611,0.1758,26.2,1.4,12.05,2026-09-11,,10.64,8,0.0965,0.22,-0.97,0.77,0.23,-0.97,2026-09-08
heat_fade_short|n3|cd15|fresh,train,531,30,0.537,0.0436,23.14,0.4,-0.02,2026-08-12,,17.7,10,-0.2323,-0.78,-3.4,-2.32,-0.8,-3.4,2026-07-28
heat_fade_short|n3|cd15|fresh,valid,146,14,0.603,0.165,24.09,1.29,10.17,2026-09-11,,10.43,5,-0.2684,-0.4,-3.08,-1.34,-0.45,-3.08,2026-09-08
heat_fade_short|n3|cd30|any,train,524,30,0.536,0.0428,22.42,0.4,-0.75,2026-08-12,,17.47,3,-1.0174,,-2.04,-3.05,-1.36,-3.05,2026-07-15
heat_fade_short|n3|cd30|any,valid,144,14,0.611,0.181,26.07,1.49,12.15,2026-09-11,,10.29,3,0.2141,,-0.24,0.64,0.69,-0.24,2026-09-08
heat_fade_short|n3|cd30|fresh,train,523,30,0.537,0.0448,23.43,0.41,0.27,2026-08-12,,17.43,2,-1.0175,,-1.03,-2.04,-1.44,-2.04,2026-07-15
heat_fade_short|n3|cd30|fresh,valid,143,14,0.608,0.1768,25.29,1.41,11.37,2026-09-11,,10.21,2,-0.0713,,-1.02,-0.14,-0.1,-1.02,2026-09-08
heat_fade_long|n1|cd0|any,train,497,30,0.549,0.109,54.18,1.34,26.36,2026-07-15,,16.57,0,,,,,,,
heat_fade_long|n1|cd0|any,valid,116,13,0.5,-0.0251,-2.91,-0.21,-8.32,2026-08-27,,8.29,0,,,,,,,
heat_fade_long|n2|cd15|any,train,553,30,0.566,0.138,76.34,1.57,38.96,2026-07-15,,18.43,56,0.3956,2.05,12.61,22.15,2.01,12.61,2026-07-15
heat_fade_long|n2|cd15|any,valid,128,13,0.5,-0.0373,-4.77,-0.32,-10.18,2026-08-27,,9.14,12,-0.1548,-0.52,-2.88,-1.86,-0.54,-2.88,2026-08-26
heat_fade_long|n2|cd15|fresh,train,521,30,0.559,0.1217,63.38,1.48,33.62,2026-07-15,,17.37,24,0.3833,2.2,7.04,9.2,2.09,7.04,2026-07-29
heat_fade_long|n2|cd15|fresh,valid,120,13,0.5,-0.026,-3.12,-0.23,-8.53,2026-08-27,,8.57,4,-0.0506,-0.11,-1.23,-0.2,-0.13,-1.23,2026-08-26
heat_fade_long|n2|cd30|any,train,528,30,0.562,0.1327,70.04,1.5,34.26,2026-07-15,,17.6,31,0.5116,1.86,7.9,15.86,1.82,7.9,2026-07-15
heat_fade_long|n2|cd30|any,valid,122,13,0.508,-0.0145,-1.77,-0.13,-7.18,2026-08-27,,8.71,6,0.1908,0.51,0.11,1.14,0.54,0.11,2026-08-26
heat_fade_long|n2|cd30|fresh,train,511,30,0.556,0.1187,60.65,1.41,29.87,2026-07-15,,17.03,14,0.4619,1.75,3.52,6.47,1.66,3.52,2026-07-15
heat_fade_long|n2|cd30|fresh,valid,117,13,0.496,-0.0337,-3.94,-0.29,-9.35,2026-08-27,,8.36,1,-1.0307,,0.0,-1.03,-1.0,-1.03,2026-08-26
heat_fade_long|n3|cd15|any,train,554,30,0.565,0.1359,75.31,1.55,37.94,2026-07-15,,18.47,57,0.3707,1.93,11.58,21.13,1.9,11.58,2026-07-15
heat_fade_long|n3|cd15|any,valid,129,13,0.496,-0.045,-5.81,-0.39,-11.22,2026-08-27,,9.21,13,-0.2228,-0.73,-3.92,-2.9,-0.75,-3.92,2026-08-26
heat_fade_long|n3|cd15|fresh,train,521,30,0.559,0.1217,63.38,1.48,33.62,2026-07-15,,17.37,24,0.3833,2.2,7.04,9.2,2.09,7.04,2026-07-29
heat_fade_long|n3|cd15|fresh,valid,120,13,0.5,-0.026,-3.12,-0.23,-8.53,2026-08-27,,8.57,4,-0.0506,-0.11,-1.23,-0.2,-0.13,-1.23,2026-08-26
heat_fade_long|n3|cd30|any,train,528,30,0.562,0.1327,70.04,1.5,34.26,2026-07-15,,17.6,31,0.5116,1.86,7.9,15.86,1.82,7.9,2026-07-15
heat_fade_long|n3|cd30|any,valid,122,13,0.508,-0.0145,-1.77,-0.13,-7.18,2026-08-27,,8.71,6,0.1908,0.51,0.11,1.14,0.54,0.11,2026-08-26
heat_fade_long|n3|cd30|fresh,train,511,30,0.556,0.1187,60.65,1.41,29.87,2026-07-15,,17.03,14,0.4619,1.75,3.52,6.47,1.66,3.52,2026-07-15
heat_fade_long|n3|cd30|fresh,valid,117,13,0.496,-0.0337,-3.94,-0.29,-9.35,2026-08-27,,8.36,1,-1.0307,,0.0,-1.03,-1.0,-1.03,2026-08-26
exhaustion_short|n1|cd0|any,train,348,28,0.687,0.2817,98.03,1.5,44.36,2026-07-29,,11.6,0,,,,,,,
exhaustion_short|n1|cd0|any,valid,53,14,0.642,0.1775,9.41,1.08,2.48,2026-09-14,,3.79,0,,,,,,,
exhaustion_short|n2|cd15|any,train,360,28,0.689,0.2866,103.18,1.47,44.09,2026-07-29,,12.0,12,0.429,0.87,-0.27,5.15,0.89,-0.27,2026-07-29
exhaustion_short|n2|cd15|any,valid,55,14,0.636,0.1709,9.4,0.97,1.42,2026-09-14,,3.93,2,-0.0064,,-1.06,-0.01,-0.01,-1.06,2026-09-14
exhaustion_short|n2|cd15|fresh,train,360,28,0.689,0.2866,103.18,1.47,44.09,2026-07-29,,12.0,12,0.429,0.87,-0.27,5.15,0.89,-0.27,2026-07-29
exhaustion_short|n2|cd15|fresh,valid,55,14,0.636,0.1709,9.4,0.97,1.42,2026-09-14,,3.93,2,-0.0064,,-1.06,-0.01,-0.01,-1.06,2026-09-14
exhaustion_short|n2|cd30|any,train,358,28,0.69,0.2892,103.54,1.46,43.16,2026-07-29,,11.93,10,0.5508,0.75,-1.2,5.51,0.79,-1.2,2026-07-29
exhaustion_short|n2|cd30|any,valid,55,14,0.636,0.1709,9.4,0.97,1.42,2026-09-14,,3.93,2,-0.0062,,-1.06,-0.01,-0.01,-1.06,2026-09-14
exhaustion_short|n2|cd30|fresh,train,356,28,0.688,0.2859,101.78,1.46,43.16,2026-07-29,,11.87,8,0.4687,0.66,-1.2,3.75,0.71,-1.2,2026-07-29
exhaustion_short|n2|cd30|fresh,valid,55,14,0.636,0.1709,9.4,0.97,1.42,2026-09-14,,3.93,2,-0.0062,,-1.06,-0.01,-0.01,-1.06,2026-09-14
exhaustion_short|n3|cd15|any,train,360,28,0.689,0.2866,103.18,1.47,44.09,2026-07-29,,12.0,12,0.429,0.87,-0.27,5.15,0.89,-0.27,2026-07-29
exhaustion_short|n3|cd15|any,valid,55,14,0.636,0.1709,9.4,0.97,1.42,2026-09-14,,3.93,2,-0.0064,,-1.06,-0.01,-0.01,-1.06,2026-09-14
exhaustion_short|n3|cd15|fresh,train,360,28,0.689,0.2866,103.18,1.47,44.09,2026-07-29,,12.0,12,0.429,0.87,-0.27,5.15,0.89,-0.27,2026-07-29
exhaustion_short|n3|cd15|fresh,valid,55,14,0.636,0.1709,9.4,0.97,1.42,2026-09-14,,3.93,2,-0.0064,,-1.06,-0.01,-0.01,-1.06,2026-09-14
exhaustion_short|n3|cd30|any,train,358,28,0.69,0.2892,103.54,1.46,43.16,2026-07-29,,11.93,10,0.5508,0.75,-1.2,5.51,0.79,-1.2,2026-07-29
exhaustion_short|n3|cd30|any,valid,55,14,0.636,0.1709,9.4,0.97,1.42,2026-09-14,,3.93,2,-0.0062,,-1.06,-0.01,-0.01,-1.06,2026-09-14
exhaustion_short|n3|cd30|fresh,train,356,28,0.688,0.2859,101.78,1.46,43.16,2026-07-29,,11.87,8,0.4687,0.66,-1.2,3.75,0.71,-1.2,2026-07-29
exhaustion_short|n3|cd30|fresh,valid,55,14,0.636,0.1709,9.4,0.97,1.42,2026-09-14,,3.93,2,-0.0062,,-1.06,-0.01,-0.01,-1.06,2026-09-14
