side,dim,val,bucket,n,exp
long,half,H1,B1,1584747,-0.0845
long,half,H1,B2,2111363,-0.0696
long,half,H1,B3,3161529,-0.0779
long,half,H1,B4,2093321,-0.061
long,half,H1,B5,2093842,-0.0746
short,half,H1,B1,1584747,-0.0915
short,half,H1,B2,2111363,-0.1052
short,half,H1,B3,3161529,-0.0958
short,half,H1,B4,2093321,-0.1114
short,half,H1,B5,2093842,-0.0952
long,half,H2,B1,1883279,-0.0951
long,half,H2,B2,2510511,-0.0913
long,half,H2,B3,3760271,-0.1012
long,half,H2,B4,2499792,-0.0835
long,half,H2,B5,2500802,-0.0996
short,half,H2,B1,1883279,-0.0564
short,half,H2,B2,2510511,-0.0592
short,half,H2,B3,3760271,-0.0481
short,half,H2,B4,2499792,-0.0646
short,half,H2,B5,2500802,-0.0467
long,regime,up,B1,1155913,0.1458
long,regime,up,B2,1540597,0.1455
long,regime,up,B3,2308554,0.0995
long,regime,up,B4,1517276,0.0808
long,regime,up,B5,1514303,0.0172
short,regime,up,B1,1155913,-0.3065
short,regime,up,B2,1540597,-0.3052
short,regime,up,B3,2308554,-0.2581
short,regime,up,B4,1517276,-0.2382
short,regime,up,B5,1514303,-0.1722
long,regime,flat,B1,1157239,-0.1141
long,regime,flat,B2,1542093,-0.0916
long,regime,flat,B3,2310237,-0.0851
long,regime,flat,B4,1539639,-0.0649
long,regime,flat,B5,1541431,-0.0759
short,regime,flat,B1,1157239,-0.051
short,regime,flat,B2,1542093,-0.0724
short,regime,flat,B3,2310237,-0.0776
short,regime,flat,B4,1539639,-0.0963
short,regime,flat,B5,1541431,-0.0836
long,regime,down,B1,1154874,-0.3026
long,regime,down,B2,1539184,-0.2983
long,regime,down,B3,2303009,-0.2865
long,regime,down,B4,1536198,-0.2336
long,regime,down,B5,1538910,-0.2044
short,regime,down,B1,1154874,0.1404
short,regime,down,B2,1539184,0.1372
short,regime,down,B3,2303009,0.1266
short,regime,down,B4,1536198,0.075
short,regime,down,B5,1538910,0.0479
long,all,all,B1,3468026,-0.0903
long,all,all,B2,4621874,-0.0814
long,all,all,B3,6921800,-0.0906
long,all,all,B4,4593113,-0.0732
long,all,all,B5,4594644,-0.0882
short,all,all,B1,3468026,-0.0724
short,all,all,B2,4621874,-0.0802
short,all,all,B3,6921800,-0.0699
short,all,all,B4,4593113,-0.0859
short,all,all,B5,4594644,-0.0688
