setup,side,set,label,n,per_day,exp_r,t,win_rate,ex_best_day,up_n,up_exp,down_n,down_exp,h1_n,h1_exp,h1_t,h2_n,h2_exp,h2_t,rowperm_p,perm_p,wald_p,bh_q,recommendation
heat_fade_short,short,current,current,14433,33.88,0.0168,0.68,0.5226,0.0059,4544,-0.1989,4702,0.1537,5917,0.0014,0.04,8516,0.0276,0.85,0.0035,0.3033,0.274,0.6999,widen to full day
heat_fade_short,short,full,full,75136,176.38,-0.0319,-2.22,0.4925,-0.0343,21079,-0.2349,28085,0.131,31355,-0.0538,-2.26,43781,-0.0161,-0.91,0.0035,0.3033,0.274,0.6999,widen to full day
heat_fade_short,short,B1,09:50-10:30,14433,33.88,0.0168,0.68,0.5226,0.0059,4544,-0.1989,4702,0.1537,5917,0.0014,0.04,8516,0.0276,0.85,0.0035,0.3033,0.274,0.6999,widen to full day
heat_fade_short,short,B2,10:35-11:30,18449,43.31,-0.0311,-1.26,0.4954,-0.0369,6279,-0.2638,5907,0.2279,7044,-0.033,-0.79,11405,-0.0299,-0.99,0.0035,0.3033,0.274,0.6999,widen to full day
heat_fade_short,short,B3,11:35-13:00,37267,87.48,-0.038,-1.87,0.4915,-0.0411,10813,-0.2428,13580,0.1233,15394,-0.0891,-2.48,21873,-0.0021,-0.09,0.0035,0.3033,0.274,0.6999,widen to full day
heat_fade_short,short,B4,13:05-14:00,30809,72.32,-0.0421,-2.06,0.4831,-0.0455,8261,-0.198,11762,0.0896,12626,-0.0615,-1.98,18183,-0.0287,-1.06,0.0035,0.3033,0.274,0.6999,widen to full day
heat_fade_short,short,B5,14:05-15:00,32833,77.07,-0.0105,-0.52,0.4971,-0.0207,8270,-0.1282,12641,0.1263,13372,-0.0085,-0.22,19461,-0.0118,-0.54,0.0035,0.3033,0.274,0.6999,widen to full day
heat_fade_long,long,current,current,14460,33.94,-0.0457,-1.16,0.4924,-0.0552,2717,0.0761,6958,-0.149,6211,-0.0682,-0.93,8249,-0.0288,-0.73,1.0,0.7211,0.4671,0.9995,widen to full day
heat_fade_long,long,full,full,23506,55.18,-0.0306,-1.22,0.4987,-0.0362,4710,0.1168,10609,-0.1399,9502,-0.0389,-0.78,14004,-0.025,-1.02,1.0,0.7211,0.4671,0.9995,widen to full day
heat_fade_long,long,B1,09:50-10:30,7394,17.36,-0.0508,-1.78,0.4895,-0.056,1667,0.1596,2856,-0.16,2352,-0.0558,-1.59,5042,-0.0484,-1.26,1.0,0.7211,0.4671,0.9995,widen to full day
heat_fade_long,long,B2,10:35-11:30,10025,23.53,-0.037,-0.92,0.496,-0.0463,1707,0.1562,4680,-0.1702,3992,-0.0738,-1.11,6033,-0.0125,-0.25,1.0,0.7211,0.4671,0.9995,widen to full day
heat_fade_long,long,B3,11:35-13:00,9416,22.1,-0.0421,-0.81,0.4937,-0.0585,1715,0.0644,4703,-0.1238,4093,-0.0679,-0.66,5323,-0.0222,-0.51,1.0,0.7211,0.4671,0.9995,widen to full day
heat_fade_long,long,B4,13:05-14:00,5613,13.18,-0.0033,-0.07,0.5147,-0.0173,1133,0.1049,2714,-0.1395,2565,-0.0349,-0.39,3048,0.0232,0.56,1.0,0.7211,0.4671,0.9995,widen to full day
heat_fade_long,long,B5,14:05-15:00,4522,10.62,0.0317,0.91,0.5219,0.0148,834,0.09,2125,-0.0699,1882,-0.0043,-0.08,2640,0.0574,1.34,1.0,0.7211,0.4671,0.9995,widen to full day
exhaustion_short,short,current,current,5973,14.02,-0.0103,-0.32,0.5146,-0.0272,2678,-0.075,1626,0.1113,2676,-0.0562,-1.39,3297,0.0269,0.57,0.3518,0.5347,0.5858,0.9303,widen to full day
exhaustion_short,short,full,full,28458,66.8,-0.0591,-3.59,0.4963,-0.0631,12780,-0.1724,7059,0.1157,11801,-0.1063,-4.4,16657,-0.0257,-1.19,0.3518,0.5347,0.5858,0.9303,widen to full day
exhaustion_short,short,B1,09:50-10:30,8461,19.86,-0.081,-2.85,0.4917,-0.0904,3745,-0.2262,2090,0.129,3571,-0.118,-2.48,4890,-0.054,-1.59,0.3518,0.5347,0.5858,0.9303,widen to full day
exhaustion_short,short,B2,10:35-11:30,11558,27.13,-0.0712,-2.71,0.4893,-0.0812,5271,-0.1829,2743,0.0932,4478,-0.1365,-3.83,7080,-0.0299,-0.85,0.3518,0.5347,0.5858,0.9303,widen to full day
exhaustion_short,short,B3,11:35-13:00,7104,16.68,-0.0551,-2.1,0.497,-0.0659,3362,-0.1392,1565,0.0932,2964,-0.0974,-2.11,4140,-0.0249,-0.81,0.3518,0.5347,0.5858,0.9303,widen to full day
exhaustion_short,short,B4,13:05-14:00,3236,7.6,-0.0135,-0.33,0.5229,-0.0289,1543,-0.0646,845,0.0369,1460,-0.0972,-1.46,1776,0.0553,1.08,0.3518,0.5347,0.5858,0.9303,widen to full day
exhaustion_short,short,B5,14:05-15:00,2942,6.91,-0.0099,-0.21,0.5024,-0.0469,1222,-0.0834,870,0.1472,1352,-0.0424,-0.92,1590,0.0177,0.23,0.3518,0.5347,0.5858,0.9303,widen to full day
MF1-945-flowsell-vwapup,short,current,current,2389,5.61,-0.058,-2.1,0.3784,-0.065,924,-0.2282,621,0.0683,1249,-0.1285,-3.3,1140,0.0192,0.52,0.2904,0.5387,0.125,0.9303,widen to full day
MF1-945-flowsell-vwapup,short,full,full,10540,24.74,-0.0744,-5.41,0.368,-0.0773,4380,-0.2118,2623,0.0691,5382,-0.0934,-4.59,5158,-0.0545,-2.99,0.2904,0.5387,0.125,0.9303,widen to full day
MF1-945-flowsell-vwapup,short,B1,09:50-10:30,2679,6.29,-0.0614,-2.34,0.3766,-0.0677,1058,-0.2191,683,0.0649,1391,-0.1292,-3.48,1288,0.0119,0.34,0.2904,0.5387,0.125,0.9303,widen to full day
MF1-945-flowsell-vwapup,short,B2,10:35-11:30,5508,12.93,-0.0669,-3.2,0.3635,-0.0727,2555,-0.2096,1224,0.1252,2815,-0.0601,-1.88,2693,-0.074,-2.77,0.2904,0.5387,0.125,0.9303,widen to full day
MF1-945-flowsell-vwapup,short,B3,11:35-13:00,1819,4.27,-0.1041,-4.5,0.3507,-0.1088,635,-0.2705,524,0.0231,909,-0.1375,-4.29,910,-0.0708,-2.14,0.2904,0.5387,0.125,0.9303,widen to full day
MF1-945-flowsell-vwapup,short,B4,13:05-14:00,987,2.32,-0.0534,-1.84,0.4073,-0.0608,371,-0.1501,279,0.0555,526,-0.0869,-2.09,461,-0.0152,-0.39,0.2904,0.5387,0.125,0.9303,widen to full day
MF1-945-flowsell-vwapup,short,B5,14:05-15:00,733,1.72,-0.1324,-4.81,0.3847,-0.1396,295,-0.1852,177,-0.0137,368,-0.1285,-3.12,365,-0.1362,-3.73,0.2904,0.5387,0.125,0.9303,widen to full day
MF2-open-rsimidhi-flowsell,short,current,current,610,1.43,-0.0304,-0.83,0.3639,-0.0396,200,-0.1001,221,-0.009,210,-0.0598,-1.03,400,-0.015,-0.32,0.973,0.9085,0.8525,0.9995,widen to full day
MF2-open-rsimidhi-flowsell,short,full,full,4517,10.6,-0.0465,-2.23,0.3759,-0.0552,957,-0.1261,2118,0.0497,1753,-0.0285,-0.84,2764,-0.0579,-2.22,0.973,0.9085,0.8525,0.9995,widen to full day
MF2-open-rsimidhi-flowsell,short,B1,09:50-10:30,185,0.43,-0.0374,-0.56,0.3568,-0.0598,55,-0.1616,80,0.0136,52,-0.0293,-0.31,133,-0.0406,-0.48,0.973,0.9085,0.8525,0.9995,widen to full day
MF2-open-rsimidhi-flowsell,short,B2,10:35-11:30,883,2.07,-0.012,-0.34,0.376,-0.0233,268,-0.0716,340,0.067,291,-0.0558,-0.93,592,0.0095,0.22,0.973,0.9085,0.8525,0.9995,widen to full day
MF2-open-rsimidhi-flowsell,short,B3,11:35-13:00,1865,4.38,-0.0516,-1.53,0.3646,-0.0662,354,-0.1042,932,0.0382,740,-0.0525,-0.97,1125,-0.051,-1.19,0.973,0.9085,0.8525,0.9995,widen to full day
MF2-open-rsimidhi-flowsell,short,B4,13:05-14:00,1026,2.41,-0.0453,-1.28,0.3967,-0.0601,172,-0.1997,514,0.0668,406,0.0069,0.13,620,-0.0795,-1.74,0.973,0.9085,0.8525,0.9995,widen to full day
MF2-open-rsimidhi-flowsell,short,B5,14:05-15:00,804,1.89,-0.0674,-1.92,0.3856,-0.0867,162,-0.1595,374,0.0377,355,0.001,0.02,449,-0.1215,-3.01,0.973,0.9085,0.8525,0.9995,widen to full day
MF3-open-flowsell-rsi5hi,short,current,current,4136,9.71,-0.074,-2.5,0.5017,-0.0789,1723,-0.29,1011,0.1481,2161,-0.1115,-2.55,1975,-0.033,-0.84,0.8451,0.965,0.9369,0.9995,widen to full day
MF3-open-flowsell-rsi5hi,short,full,full,10564,24.8,-0.0708,-4.07,0.4859,-0.074,3512,-0.2786,3472,0.0982,5179,-0.0937,-3.61,5385,-0.0487,-2.1,0.8451,0.965,0.9369,0.9995,widen to full day
MF3-open-flowsell-rsi5hi,short,B1,09:50-10:30,2248,5.28,-0.0794,-2.03,0.5053,-0.0879,828,-0.297,593,0.1407,1191,-0.1442,-2.54,1057,-0.0063,-0.12,0.8451,0.965,0.9369,0.9995,widen to full day
MF3-open-flowsell-rsi5hi,short,B2,10:35-11:30,3229,7.58,-0.0624,-2.08,0.5005,-0.0688,1426,-0.3083,775,0.1984,1648,-0.0765,-1.7,1581,-0.0476,-1.21,0.8451,0.965,0.9369,0.9995,widen to full day
MF3-open-flowsell-rsi5hi,short,B3,11:35-13:00,2680,6.29,-0.0793,-2.64,0.4728,-0.0858,665,-0.3228,1116,0.0465,1278,-0.1199,-2.46,1402,-0.0424,-1.18,0.8451,0.965,0.9369,0.9995,widen to full day
MF3-open-flowsell-rsi5hi,short,B4,13:05-14:00,1805,4.24,-0.0741,-2.33,0.4776,-0.0794,518,-0.2324,705,0.0698,828,-0.0818,-1.92,977,-0.0676,-1.46,0.8451,0.965,0.9369,0.9995,widen to full day
MF3-open-flowsell-rsi5hi,short,B5,14:05-15:00,1398,3.28,-0.0969,-3.33,0.4399,-0.1053,401,-0.1875,508,0.0382,663,-0.0732,-1.77,735,-0.1182,-2.92,0.8451,0.965,0.9369,0.9995,widen to full day
MF4-h40-open-flowsell,short,current,current,3318,7.79,-0.0887,-3.02,0.6401,-0.0938,1266,-0.2454,981,0.0299,1515,-0.1451,-2.74,1803,-0.0414,-1.53,0.8891,0.902,0.7923,0.9995,widen to full day
MF4-h40-open-flowsell,short,full,full,7273,17.07,-0.0789,-4.51,0.6207,-0.0821,2365,-0.2264,2474,0.0169,3314,-0.116,-3.85,3959,-0.0478,-2.55,0.8891,0.902,0.7923,0.9995,widen to full day
MF4-h40-open-flowsell,short,B1,09:50-10:30,1503,3.53,-0.0685,-2.46,0.6653,-0.0743,497,-0.2472,479,0.0681,629,-0.1161,-2.57,874,-0.0343,-0.98,0.8891,0.902,0.7923,0.9995,widen to full day
MF4-h40-open-flowsell,short,B2,10:35-11:30,3238,7.6,-0.0904,-2.93,0.6282,-0.0954,1223,-0.2399,957,-0.022,1484,-0.1452,-2.62,1754,-0.044,-1.56,0.8891,0.902,0.7923,0.9995,widen to full day
MF4-h40-open-flowsell,short,B3,11:35-13:00,1823,4.28,-0.061,-2.16,0.6204,-0.069,435,-0.1575,744,0.0019,787,-0.0964,-2.51,1036,-0.0341,-0.85,0.8891,0.902,0.7923,0.9995,widen to full day
MF4-h40-open-flowsell,short,B4,13:05-14:00,909,2.13,-0.1087,-2.89,0.5666,-0.1153,247,-0.2813,373,0.0085,427,-0.1223,-1.97,482,-0.0966,-2.17,0.8891,0.902,0.7923,0.9995,widen to full day
MF4-h40-open-flowsell,short,B5,14:05-15:00,724,1.7,-0.0907,-3.35,0.5331,-0.0958,227,-0.142,245,0.0153,367,-0.0458,-1.31,357,-0.1369,-3.36,0.8891,0.902,0.7923,0.9995,widen to full day
MF5-flowsell-vwapup-rsi5hi,short,current,current,6827,16.03,-0.052,-2.39,0.4986,-0.0548,2743,-0.2784,1737,0.1628,3579,-0.0933,-2.96,3248,-0.0064,-0.22,0.6912,0.8031,0.3463,0.9995,widen to full day
MF5-flowsell-vwapup-rsi5hi,short,full,full,6827,16.03,-0.052,-2.39,0.4986,-0.0548,2743,-0.2784,1737,0.1628,3579,-0.0933,-2.96,3248,-0.0064,-0.22,0.6912,0.8031,0.3463,0.9995,widen to full day
MF5-flowsell-vwapup-rsi5hi,short,B1,09:50-10:30,1920,4.51,-0.0415,-1.01,0.5198,-0.051,730,-0.275,482,0.1868,1049,-0.1333,-2.27,871,0.069,1.3,0.6912,0.8031,0.3463,0.9995,widen to full day
MF5-flowsell-vwapup-rsi5hi,short,B2,10:35-11:30,2954,6.93,-0.061,-1.89,0.5017,-0.068,1351,-0.3096,658,0.2266,1563,-0.077,-1.62,1391,-0.0429,-0.99,0.6912,0.8031,0.3463,0.9995,widen to full day
MF5-flowsell-vwapup-rsi5hi,short,B3,11:35-13:00,1257,2.95,-0.0772,-2.22,0.4718,-0.0837,416,-0.3341,388,0.0739,620,-0.1148,-2.19,637,-0.0406,-0.89,0.6912,0.8031,0.3463,0.9995,widen to full day
MF5-flowsell-vwapup-rsi5hi,short,B4,13:05-14:00,731,1.72,-0.0236,-0.62,0.5007,-0.0328,285,-0.1867,207,0.1424,399,-0.0866,-1.72,332,0.052,0.94,0.6912,0.8031,0.3463,0.9995,widen to full day
MF5-flowsell-vwapup-rsi5hi,short,B5,14:05-15:00,535,1.26,-0.114,-3.23,0.4299,-0.1218,220,-0.2353,130,0.0872,264,-0.1157,-2.26,271,-0.1123,-2.3,0.6912,0.8031,0.3463,0.9995,widen to full day
NS1-rsidip-rsi5pop-long,long,current,current,444,1.04,0.0344,0.87,0.7027,0.0188,194,0.0968,115,-0.0092,154,-0.0222,-0.32,290,0.0645,1.33,0.007,0.0285,0.0174,0.255,widen to full day
NS1-rsidip-rsi5pop-long,long,full,full,2438,5.72,-0.0675,-3.34,0.603,-0.0733,1176,0.0402,536,-0.194,890,-0.0664,-2.54,1548,-0.0681,-2.43,0.007,0.0285,0.0174,0.255,widen to full day
NS1-rsidip-rsi5pop-long,long,B1,09:50-10:30,134,0.31,-0.0076,-0.08,0.6866,-0.0689,76,0.1428,28,-0.2166,68,-0.0293,-0.25,66,0.0147,0.11,0.007,0.0285,0.0174,0.255,widen to full day
NS1-rsidip-rsi5pop-long,long,B2,10:35-11:30,314,0.74,0.0503,1.21,0.707,0.0418,119,0.0706,87,0.0575,87,-0.0284,-0.34,227,0.0805,1.68,0.007,0.0285,0.0174,0.255,widen to full day
NS1-rsidip-rsi5pop-long,long,B3,11:35-13:00,856,2.01,-0.0938,-2.89,0.6016,-0.0986,392,0.0488,194,-0.2401,285,-0.0774,-1.71,571,-0.102,-2.37,0.007,0.0285,0.0174,0.255,widen to full day
NS1-rsidip-rsi5pop-long,long,B4,13:05-14:00,629,1.48,-0.1217,-3.38,0.566,-0.1392,306,-0.0206,133,-0.2746,263,-0.1133,-2.6,366,-0.1277,-2.38,0.007,0.0285,0.0174,0.255,widen to full day
NS1-rsidip-rsi5pop-long,long,B5,14:05-15:00,565,1.33,-0.0419,-1.45,0.5699,-0.0542,319,0.0461,102,-0.1993,206,-0.0284,-0.78,359,-0.0496,-1.23,0.007,0.0285,0.0174,0.255,widen to full day
NS2-sma50break-overbought-short,short,current,current,3124,7.33,0.0064,0.11,0.5202,-0.0417,1789,-0.0572,653,0.1596,1424,0.0419,0.41,1700,-0.0233,-0.41,0.0005,0.1599,0.077,0.4797,widen to full day
NS2-sma50break-overbought-short,short,full,full,8151,19.13,-0.0541,-1.79,0.4896,-0.0743,4007,-0.1562,1929,0.1032,3327,-0.0375,-0.66,4824,-0.0656,-2.08,0.0005,0.1599,0.077,0.4797,widen to full day
NS2-sma50break-overbought-short,short,B1,09:50-10:30,853,2.0,0.0119,0.15,0.5275,-0.0455,436,-0.0683,187,0.1736,356,-0.0495,-0.28,497,0.0559,0.8,0.0005,0.1599,0.077,0.4797,widen to full day
NS2-sma50break-overbought-short,short,B2,10:35-11:30,2351,5.52,0.0098,0.13,0.5202,-0.0653,1397,-0.0476,490,0.1536,1113,0.0844,0.69,1238,-0.0573,-0.81,0.0005,0.1599,0.077,0.4797,widen to full day
NS2-sma50break-overbought-short,short,B3,11:35-13:00,1981,4.65,-0.0461,-0.72,0.4922,-0.0869,1004,-0.1624,529,0.1262,908,0.029,0.25,1073,-0.1096,-1.87,0.0005,0.1599,0.077,0.4797,widen to full day
NS2-sma50break-overbought-short,short,B4,13:05-14:00,1226,2.88,-0.2239,-4.1,0.416,-0.2302,551,-0.4355,306,0.0137,454,-0.3629,-3.96,772,-0.1422,-2.78,0.0005,0.1599,0.077,0.4797,widen to full day
NS2-sma50break-overbought-short,short,B5,14:05-15:00,2667,6.26,-0.059,-2.06,0.4796,-0.0718,1141,-0.1552,623,0.0411,925,-0.0554,-0.91,1742,-0.0609,-2.05,0.0005,0.1599,0.077,0.4797,widen to full day
NS3-failed-vwap-reclaim-short,short,current,current,1510,3.54,0.0564,1.26,0.551,0.0411,360,-0.0887,554,0.2425,539,0.0553,0.75,971,0.057,1.02,0.049,0.2924,0.0953,0.6999,widen to full day
NS3-failed-vwap-reclaim-short,short,full,full,10201,23.95,-0.0277,-1.37,0.4963,-0.0347,2191,-0.1703,4466,0.0853,3699,-0.0268,-0.75,6502,-0.0281,-1.15,0.049,0.2924,0.0953,0.6999,widen to full day
NS3-failed-vwap-reclaim-short,short,B1,09:50-10:30,788,1.85,0.1039,1.89,0.5749,0.0841,185,0.0027,293,0.2215,325,0.1926,2.32,463,0.0417,0.63,0.049,0.2924,0.0953,0.6999,widen to full day
NS3-failed-vwap-reclaim-short,short,B2,10:35-11:30,1009,2.37,0.0061,0.13,0.5253,-0.0077,256,-0.2137,352,0.2757,341,-0.1544,-2.0,668,0.088,1.51,0.049,0.2924,0.0953,0.6999,widen to full day
NS3-failed-vwap-reclaim-short,short,B3,11:35-13:00,1391,3.27,0.0211,0.62,0.5198,0.0109,320,-0.13,498,0.145,511,-0.0446,-0.87,880,0.0593,1.3,0.049,0.2924,0.0953,0.6999,widen to full day
NS3-failed-vwap-reclaim-short,short,B4,13:05-14:00,4405,10.34,-0.0586,-2.15,0.4808,-0.0645,964,-0.2194,1970,0.0049,1647,-0.0989,-2.28,2758,-0.0346,-0.98,0.049,0.2924,0.0953,0.6999,widen to full day
NS3-failed-vwap-reclaim-short,short,B5,14:05-15:00,6087,14.29,-0.0095,-0.28,0.5039,-0.0356,1192,-0.1301,2824,0.12,2138,0.0263,0.35,3949,-0.0289,-0.98,0.049,0.2924,0.0953,0.6999,widen to full day
NS4-pm-vwap-reclaim-oversold-short,short,current,current,1469,3.45,-0.0647,-2.03,0.3901,-0.0688,709,-0.1752,309,0.1255,591,-0.1168,-1.97,878,-0.0296,-1.0,0.6707,0.7281,0.6527,0.9995,widen to full day
NS4-pm-vwap-reclaim-oversold-short,short,full,full,1692,3.97,-0.0542,-1.88,0.3895,-0.0591,779,-0.1624,386,0.1132,673,-0.0949,-1.71,1019,-0.0272,-1.02,0.6707,0.7281,0.6527,0.9995,widen to full day
NS4-pm-vwap-reclaim-oversold-short,short,B1,09:50-10:30,175,0.41,0.0186,0.31,0.3886,-0.001,55,-0.066,63,0.0887,73,0.0642,0.65,102,-0.014,-0.18,0.6707,0.7281,0.6527,0.9995,widen to full day
NS4-pm-vwap-reclaim-oversold-short,short,B2,10:35-11:30,89,0.21,-0.0053,-0.07,0.382,-0.028,28,-0.0121,23,-0.0587,16,0.0667,0.41,73,-0.021,-0.24,0.6707,0.7281,0.6527,0.9995,widen to full day
NS4-pm-vwap-reclaim-oversold-short,short,B3,11:35-13:00,473,1.11,-0.0236,-0.63,0.4017,-0.031,199,-0.1347,119,0.1171,152,-0.0381,-0.64,321,-0.0167,-0.35,0.6707,0.7281,0.6527,0.9995,widen to full day
NS4-pm-vwap-reclaim-oversold-short,short,B4,13:05-14:00,458,1.08,-0.0726,-1.55,0.3734,-0.0794,244,-0.2128,85,0.2068,211,-0.1189,-1.55,247,-0.0331,-0.64,0.6707,0.7281,0.6527,0.9995,widen to full day
NS4-pm-vwap-reclaim-oversold-short,short,B5,14:05-15:00,565,1.33,-0.0927,-1.63,0.3947,-0.1027,280,-0.172,110,0.0972,240,-0.1606,-1.6,325,-0.0425,-1.03,0.6707,0.7281,0.6527,0.9995,widen to full day
NS5-sma50-flush-oversold-long,long,current,current,1305,3.06,-0.0385,-0.47,0.5011,-0.0626,204,0.1014,652,-0.2011,643,-0.1663,-1.2,662,0.0855,1.55,1.0,0.978,0.9234,0.9995,widen to full day
NS5-sma50-flush-oversold-long,long,full,full,3139,7.37,-0.0425,-0.81,0.4957,-0.0617,616,0.0492,1494,-0.139,1396,-0.0763,-0.7,1743,-0.0155,-0.46,1.0,0.978,0.9234,0.9995,widen to full day
NS5-sma50-flush-oversold-long,long,B1,09:50-10:30,171,0.4,0.026,0.21,0.538,-0.0193,14,0.6831,99,-0.1574,79,-0.2094,-2.29,92,0.2282,1.46,1.0,0.978,0.9234,0.9995,widen to full day
NS5-sma50-flush-oversold-long,long,B2,10:35-11:30,1142,2.68,-0.0499,-0.55,0.4947,-0.0779,191,0.0527,557,-0.2112,569,-0.1644,-1.05,573,0.0638,1.07,1.0,0.978,0.9234,0.9995,widen to full day
NS5-sma50-flush-oversold-long,long,B3,11:35-13:00,817,1.92,-0.0822,-0.75,0.4933,-0.1733,149,-0.0664,439,-0.1681,415,-0.0555,-0.27,402,-0.1098,-1.84,1.0,0.978,0.9234,0.9995,widen to full day
NS5-sma50-flush-oversold-long,long,B4,13:05-14:00,358,0.84,-0.0647,-1.13,0.4721,-0.0785,97,-0.0171,125,-0.0752,146,0.0543,0.59,212,-0.1467,-2.12,1.0,0.978,0.9234,0.9995,widen to full day
NS5-sma50-flush-oversold-long,long,B5,14:05-15:00,754,1.77,-0.014,-0.27,0.4934,-0.0366,184,0.1104,322,-0.0435,240,0.0095,0.12,514,-0.0249,-0.38,1.0,0.978,0.9234,0.9995,widen to full day
RW6G1-ns2-up3-vwap2sd-short,short,current,current,424,1.0,0.2637,2.39,0.6557,0.0475,312,0.3184,71,0.0817,316,0.3279,3.23,108,0.0757,0.7,0.0015,0.003,0.0,0.09,keep window
RW6G1-ns2-up3-vwap2sd-short,short,full,full,1969,4.62,-0.0114,-0.18,0.5063,-0.0778,976,-0.0096,461,-0.0065,856,0.0342,0.28,1113,-0.0464,-1.39,0.0015,0.003,0.0,0.09,keep window
RW6G1-ns2-up3-vwap2sd-short,short,B1,09:50-10:30,65,0.15,0.0569,0.33,0.5538,-0.0027,33,0.0943,21,-0.0065,23,-0.157,-0.45,42,0.174,1.06,0.0015,0.003,0.0,0.09,keep window
RW6G1-ns2-up3-vwap2sd-short,short,B2,10:35-11:30,362,0.85,0.3013,2.94,0.674,0.0489,280,0.3472,51,0.0959,295,0.3633,4.64,67,0.0278,0.21,0.0015,0.003,0.0,0.09,keep window
RW6G1-ns2-up3-vwap2sd-short,short,B3,11:35-13:00,330,0.77,0.0692,0.44,0.5515,-0.1065,182,0.1107,70,-0.1351,165,0.1399,0.5,165,-0.0015,-0.02,0.0015,0.003,0.0,0.09,keep window
RW6G1-ns2-up3-vwap2sd-short,short,B4,13:05-14:00,462,1.08,-0.2084,-2.87,0.4286,-0.2314,197,-0.3341,114,-0.1153,168,-0.3638,-2.71,294,-0.1196,-2.14,0.0015,0.003,0.0,0.09,keep window
RW6G1-ns2-up3-vwap2sd-short,short,B5,14:05-15:00,941,2.21,-0.0597,-1.84,0.4644,-0.0706,398,-0.1365,234,0.0358,309,-0.0883,-1.39,632,-0.0457,-1.24,0.0015,0.003,0.0,0.09,keep window
ST1-ordn-long-pm-t05s1,long,current,current,395,0.93,0.0913,2.53,0.6987,0.0812,71,0.1691,202,0.1094,177,0.0934,1.53,218,0.0895,2.09,0.0175,0.034,0.0026,0.255,widen to full day
ST1-ordn-long-pm-t05s1,long,full,full,1621,3.81,-0.0526,-1.99,0.6329,-0.0588,401,0.0179,731,-0.0735,655,-0.0215,-0.48,966,-0.0737,-2.27,0.0175,0.034,0.0026,0.255,widen to full day
ST1-ordn-long-pm-t05s1,long,B1,09:50-10:30,584,1.37,-0.1007,-2.11,0.6216,-0.1163,162,-0.0433,218,-0.083,197,-0.0587,-0.74,387,-0.1221,-2.04,0.0175,0.034,0.0026,0.255,widen to full day
ST1-ordn-long-pm-t05s1,long,B2,10:35-11:30,173,0.41,-0.1244,-1.66,0.5838,-0.1384,31,-0.0002,90,-0.2633,79,-0.0185,-0.17,94,-0.2133,-2.06,0.0175,0.034,0.0026,0.255,widen to full day
ST1-ordn-long-pm-t05s1,long,B3,11:35-13:00,387,0.91,-0.0914,-1.87,0.5969,-0.1091,98,-0.0043,195,-0.1464,164,-0.0971,-1.31,223,-0.0871,-1.33,0.0175,0.034,0.0026,0.255,widen to full day
ST1-ordn-long-pm-t05s1,long,B4,13:05-14:00,264,0.62,-0.0015,-0.02,0.6591,-0.0199,75,0.053,116,-0.0482,126,-0.0183,-0.17,138,0.0139,0.21,0.0175,0.034,0.0026,0.255,widen to full day
ST1-ordn-long-pm-t05s1,long,B5,14:05-15:00,309,0.73,0.0998,2.4,0.6926,0.0833,58,0.1939,157,0.1269,131,0.1175,1.64,178,0.0867,1.75,0.0175,0.034,0.0026,0.255,widen to full day
ST2-slope20up-long-am-t05s1,long,current,current,164,0.38,0.1281,2.43,0.7683,0.1099,52,0.0861,50,0.0725,53,0.055,0.61,111,0.1631,2.58,0.3793,0.4198,0.0003,0.8396,widen to full day
ST2-slope20up-long-am-t05s1,long,full,full,10956,25.72,-0.0155,-0.82,0.6281,-0.0225,2131,0.0348,5195,-0.072,3862,-0.0432,-1.3,7094,-0.0005,-0.02,0.3793,0.4198,0.0003,0.8396,widen to full day
ST2-slope20up-long-am-t05s1,long,B1,09:50-10:30,31,0.07,0.33,3.6,0.9032,0.2838,3,-0.082,12,0.4826,8,0.2659,1.32,23,0.3523,3.57,0.3793,0.4198,0.0003,0.8396,widen to full day
ST2-slope20up-long-am-t05s1,long,B2,10:35-11:30,137,0.32,0.0816,1.4,0.7372,0.0629,50,0.104,39,-0.0437,46,0.0276,0.28,91,0.1088,1.52,0.3793,0.4198,0.0003,0.8396,widen to full day
ST2-slope20up-long-am-t05s1,long,B3,11:35-13:00,4871,11.43,-0.041,-1.9,0.6309,-0.0465,1023,-0.002,2167,-0.0756,1634,-0.0482,-1.25,3237,-0.0374,-1.44,0.3793,0.4198,0.0003,0.8396,widen to full day
ST2-slope20up-long-am-t05s1,long,B4,13:05-14:00,3763,8.83,0.0155,0.47,0.65,-0.0027,688,0.0645,1922,-0.0262,1323,-0.0008,-0.01,2440,0.0244,0.59,0.3793,0.4198,0.0003,0.8396,widen to full day
ST2-slope20up-long-am-t05s1,long,B5,14:05-15:00,3747,8.8,-0.0347,-1.09,0.5695,-0.0507,707,0.0802,1775,-0.1443,1313,-0.1076,-1.84,2434,0.0047,0.14,0.3793,0.4198,0.0003,0.8396,widen to full day
ST3-rsi5up-short-pm-t1s1,short,current,current,358,0.84,0.1059,2.35,0.5866,0.0865,93,0.0556,117,0.0871,105,0.1181,1.32,253,0.1009,1.94,0.0445,0.1254,0.1379,0.418,widen to full day
ST3-rsi5up-short-pm-t1s1,short,full,full,657,1.54,0.0168,0.41,0.5342,0.0066,173,-0.0887,216,0.0286,189,0.0069,0.09,468,0.0208,0.43,0.0445,0.1254,0.1379,0.418,widen to full day
ST3-rsi5up-short-pm-t1s1,short,B1,09:50-10:30,67,0.16,-0.0027,-0.02,0.5224,-0.0624,25,-0.0228,19,-0.0802,23,-0.0616,-0.3,44,0.0282,0.16,0.0445,0.1254,0.1379,0.418,widen to full day
ST3-rsi5up-short-pm-t1s1,short,B2,10:35-11:30,67,0.16,-0.1963,-1.73,0.4478,-0.2327,18,-0.368,23,0.0192,14,0.0975,0.34,53,-0.2739,-2.34,0.0445,0.1254,0.1379,0.418,widen to full day
ST3-rsi5up-short-pm-t1s1,short,B3,11:35-13:00,215,0.5,-0.0646,-0.95,0.4791,-0.0894,49,-0.1995,62,-0.048,58,-0.1522,-1.22,157,-0.0322,-0.4,0.0445,0.1254,0.1379,0.418,widen to full day
ST3-rsi5up-short-pm-t1s1,short,B4,13:05-14:00,216,0.51,0.0367,0.52,0.5324,0.0093,48,-0.1129,73,-0.0018,65,-0.0714,-0.59,151,0.0832,1.0,0.0445,0.1254,0.1379,0.418,widen to full day
ST3-rsi5up-short-pm-t1s1,short,B5,14:05-15:00,278,0.65,0.0904,1.87,0.5935,0.0724,72,0.0239,98,0.0807,73,0.1882,1.91,205,0.0555,1.01,0.0445,0.1254,0.1379,0.418,widen to full day
ST4-emadn-long-am-t1s05,long,current,current,168,0.39,0.1572,2.29,0.4881,0.129,37,0.3858,73,0.0633,53,0.0928,0.77,115,0.1869,2.24,0.0245,0.007,0.0021,0.105,widen to full day
ST4-emadn-long-am-t1s05,long,full,full,1300,3.05,0.0184,0.6,0.4323,0.001,224,0.1441,651,-0.0443,463,-0.0266,-0.74,837,0.0433,1.03,0.0245,0.007,0.0021,0.105,widen to full day
ST4-emadn-long-am-t1s05,long,B1,09:50-10:30,64,0.15,0.3315,3.18,0.5781,0.2876,16,0.3097,28,0.2093,18,0.3816,1.97,46,0.3119,2.53,0.0245,0.007,0.0021,0.105,widen to full day
ST4-emadn-long-am-t1s05,long,B2,10:35-11:30,104,0.24,0.05,0.65,0.4327,0.0314,21,0.4438,45,-0.0275,35,-0.0557,-0.44,69,0.1036,1.1,0.0245,0.007,0.0021,0.105,widen to full day
ST4-emadn-long-am-t1s05,long,B3,11:35-13:00,316,0.74,0.0492,0.98,0.4272,0.033,63,0.0482,136,-0.0248,96,-0.0669,-0.8,220,0.0999,1.64,0.0245,0.007,0.0021,0.105,widen to full day
ST4-emadn-long-am-t1s05,long,B4,13:05-14:00,369,0.87,0.0278,0.49,0.4417,-0.0088,51,0.0912,185,-0.0228,123,-0.0404,-0.57,246,0.0619,0.83,0.0245,0.007,0.0021,0.105,widen to full day
ST4-emadn-long-am-t1s05,long,B5,14:05-15:00,472,1.11,-0.0727,-1.96,0.3962,-0.0886,76,0.1194,267,-0.1135,198,-0.042,-1.02,274,-0.0949,-1.7,0.0245,0.007,0.0021,0.105,widen to full day
ST5-pdbrkup-short-mid-t05s1,short,current,current,162,0.38,0.1073,2.17,0.7099,0.0871,34,0.125,64,0.1531,58,-0.0301,-0.36,104,0.1839,3.25,0.089,0.0835,0.0306,0.3579,widen to full day
ST5-pdbrkup-short-mid-t05s1,short,full,full,426,1.0,-0.035,-0.82,0.6385,-0.0506,103,-0.0554,164,0.0141,159,-0.07,-1.08,267,-0.0141,-0.25,0.089,0.0835,0.0306,0.3579,widen to full day
ST5-pdbrkup-short-mid-t05s1,short,B1,09:50-10:30,187,0.44,-0.0812,-1.06,0.631,-0.0949,49,-0.0514,68,-0.0775,75,-0.0081,-0.07,112,-0.1302,-1.33,0.089,0.0835,0.0306,0.3579,widen to full day
ST5-pdbrkup-short-mid-t05s1,short,B2,10:35-11:30,212,0.5,-0.0857,-1.44,0.6132,-0.1112,61,-0.1985,74,-0.0044,78,-0.231,-2.59,134,-0.0011,-0.02,0.089,0.0835,0.0306,0.3579,widen to full day
ST5-pdbrkup-short-mid-t05s1,short,B3,11:35-13:00,145,0.34,0.095,1.73,0.7034,0.071,31,0.1633,55,0.141,52,-0.0429,-0.46,93,0.1721,2.81,0.089,0.0835,0.0306,0.3579,widen to full day
ST5-pdbrkup-short-mid-t05s1,short,B4,13:05-14:00,50,0.12,0.201,2.64,0.78,0.1755,9,-0.0015,21,0.1458,19,0.2693,2.29,31,0.1592,1.66,0.089,0.0835,0.0306,0.3579,widen to full day
ST5-pdbrkup-short-mid-t05s1,short,B5,14:05-15:00,73,0.17,0.0275,0.34,0.6027,0.0075,14,0.1683,32,-0.0569,24,-0.037,-0.27,49,0.0591,0.6,0.089,0.0835,0.0306,0.3579,widen to full day
ST6-volspikeup-short-mid-t1s1,short,current,current,222,0.52,0.1262,2.15,0.5856,0.1023,60,0.0147,76,0.1537,61,0.178,1.33,161,0.1066,1.71,0.099,0.043,0.0284,0.258,widen to full day
ST6-volspikeup-short-mid-t1s1,short,full,full,607,1.42,0.0242,0.68,0.5404,0.0164,149,-0.0751,228,0.0999,162,-0.0573,-0.7,445,0.0539,1.41,0.099,0.043,0.0284,0.258,widen to full day
ST6-volspikeup-short-mid-t1s1,short,B1,09:50-10:30,22,0.05,0.0352,0.17,0.5455,-0.0107,8,0.2166,9,0.504,5,-0.2657,-0.58,17,0.1237,0.53,0.099,0.043,0.0284,0.258,widen to full day
ST6-volspikeup-short-mid-t1s1,short,B2,10:35-11:30,24,0.06,-0.3611,-2.09,0.2917,-0.4201,11,-0.517,7,-0.3279,8,-0.9511,-8.91,16,-0.0661,-0.3,0.099,0.043,0.0284,0.258,widen to full day
ST6-volspikeup-short-mid-t1s1,short,B3,11:35-13:00,143,0.34,0.1634,2.58,0.5944,0.1489,34,-0.0878,51,0.204,35,0.2345,1.79,108,0.1404,1.93,0.099,0.043,0.0284,0.258,widen to full day
ST6-volspikeup-short-mid-t1s1,short,B4,13:05-14:00,194,0.46,0.0244,0.36,0.5515,-0.0063,56,-0.1048,62,0.1131,51,-0.0556,-0.31,143,0.0529,0.79,0.099,0.043,0.0284,0.258,widen to full day
ST6-volspikeup-short-mid-t1s1,short,B5,14:05-15:00,311,0.73,-0.0105,-0.23,0.5273,-0.0246,71,-0.0391,122,0.0398,81,-0.139,-1.53,230,0.0348,0.68,0.099,0.043,0.0284,0.258,widen to full day
ST7-rsi50dn-long-pm-t1s1,long,current,current,166,0.39,0.162,2.02,0.5904,0.1036,34,0.1923,81,0.1915,69,0.0414,0.47,97,0.2478,2.15,0.5602,0.8051,0.4443,0.9995,widen to full day
ST7-rsi50dn-long-pm-t1s1,long,full,full,1035,2.43,0.0328,0.71,0.5324,0.0238,209,0.2307,460,-0.0686,343,-0.0503,-0.51,692,0.074,1.57,0.5602,0.8051,0.4443,0.9995,widen to full day
ST7-rsi50dn-long-pm-t1s1,long,B1,09:50-10:30,7,0.02,-0.0369,-0.1,0.5714,-0.2073,1,-1.0419,3,0.2636,2,-0.536,-1.2,5,0.1627,0.36,0.5602,0.8051,0.4443,0.9995,widen to full day
ST7-rsi50dn-long-pm-t1s1,long,B2,10:35-11:30,675,1.58,0.0103,0.16,0.5289,-0.003,120,0.2556,296,-0.1243,203,-0.1095,-0.72,472,0.0618,1.02,0.5602,0.8051,0.4443,0.9995,widen to full day
ST7-rsi50dn-long-pm-t1s1,long,B3,11:35-13:00,141,0.33,-0.0328,-0.41,0.4681,-0.0539,41,0.138,60,-0.0835,51,0.0299,0.23,90,-0.0683,-0.66,0.5602,0.8051,0.4443,0.9995,widen to full day
ST7-rsi50dn-long-pm-t1s1,long,B4,13:05-14:00,100,0.23,0.1559,1.87,0.6,0.1303,26,0.3167,44,-0.0619,43,0.2055,1.44,57,0.1184,1.21,0.5602,0.8051,0.4443,0.9995,widen to full day
ST7-rsi50dn-long-pm-t1s1,long,B5,14:05-15:00,115,0.27,0.1373,1.3,0.5652,0.0477,21,0.2232,57,0.2138,44,-0.0982,-0.95,71,0.2832,2.02,0.5602,0.8051,0.4443,0.9995,widen to full day
ST8-volspikedn-long-pm-t1s1,long,current,current,408,0.96,0.1066,2.01,0.5515,0.0795,74,0.1263,172,0.0121,118,0.1075,1.5,290,0.1062,1.55,0.2044,0.079,0.0145,0.3579,widen to full day
ST8-volspikedn-long-pm-t1s1,long,full,full,528,1.24,0.0405,0.83,0.5246,0.0178,102,0.0715,224,-0.0455,152,0.0212,0.31,376,0.0483,0.78,0.2044,0.079,0.0145,0.3579,widen to full day
ST8-volspikedn-long-pm-t1s1,long,B1,09:50-10:30,31,0.07,-0.4117,-2.62,0.3548,-0.4585,6,-0.0216,15,-0.5926,10,-0.5641,-2.84,21,-0.3391,-1.6,0.2044,0.079,0.0145,0.3579,widen to full day
ST8-volspikedn-long-pm-t1s1,long,B2,10:35-11:30,12,0.03,0.0716,0.21,0.5833,-0.0115,2,0.9722,6,-0.1906,7,-0.1571,-0.35,5,0.3916,1.15,0.2044,0.079,0.0145,0.3579,widen to full day
ST8-volspikedn-long-pm-t1s1,long,B3,11:35-13:00,52,0.12,-0.047,-0.35,0.5192,-0.1125,15,-0.1486,20,-0.0126,11,-0.3839,-1.51,41,0.0434,0.29,0.2044,0.079,0.0145,0.3579,widen to full day
ST8-volspikedn-long-pm-t1s1,long,B4,13:05-14:00,97,0.23,-0.024,-0.25,0.4742,-0.0678,17,0.0104,47,0.0075,27,0.1595,0.96,70,-0.0949,-0.81,0.2044,0.079,0.0145,0.3579,widen to full day
ST8-volspikedn-long-pm-t1s1,long,B5,14:05-15:00,353,0.83,0.1048,1.96,0.5496,0.076,65,0.1029,143,-0.0107,101,0.1115,1.49,252,0.1021,1.48,0.2044,0.079,0.0145,0.3579,widen to full day
RW1-gapdn-bounce-flowsell-short,short,current,current,2489,5.84,-0.007,-0.22,0.5259,-0.0149,994,-0.2576,733,0.2566,1117,-0.0968,-2.08,1372,0.0661,1.57,0.8486,0.6197,0.5814,0.9785,widen to full day
RW1-gapdn-bounce-flowsell-short,short,full,full,7474,17.54,-0.0463,-2.2,0.4957,-0.0501,2313,-0.2594,2868,0.1287,3306,-0.0721,-2.46,4168,-0.0258,-0.87,0.8486,0.6197,0.5814,0.9785,widen to full day
RW1-gapdn-bounce-flowsell-short,short,B1,09:50-10:30,540,1.27,-0.0506,-1.1,0.513,-0.0601,232,-0.2218,136,0.1241,279,-0.1014,-1.58,261,0.0036,0.06,0.8486,0.6197,0.5814,0.9785,widen to full day
RW1-gapdn-bounce-flowsell-short,short,B2,10:35-11:30,2853,6.7,-0.0189,-0.6,0.5177,-0.0253,1074,-0.2792,933,0.2386,1249,-0.0902,-1.82,1604,0.0366,0.9,0.8486,0.6197,0.5814,0.9785,widen to full day
RW1-gapdn-bounce-flowsell-short,short,B3,11:35-13:00,2364,5.55,-0.0694,-1.99,0.4869,-0.0765,635,-0.2971,1024,0.1057,1053,-0.0662,-1.27,1311,-0.0719,-1.54,0.8486,0.6197,0.5814,0.9785,widen to full day
RW1-gapdn-bounce-flowsell-short,short,B4,13:05-14:00,1276,3.0,-0.0871,-2.33,0.4687,-0.1006,314,-0.2808,543,0.0616,540,-0.078,-1.59,736,-0.0938,-1.73,0.8486,0.6197,0.5814,0.9785,widen to full day
RW1-gapdn-bounce-flowsell-short,short,B5,14:05-15:00,995,2.34,-0.0401,-1.14,0.4693,-0.0523,238,-0.1601,418,0.0454,455,-0.0126,-0.24,540,-0.0633,-1.35,0.8486,0.6197,0.5814,0.9785,widen to full day
RW2-exhaustion-noon-adv150-short,short,current,current,7797,18.3,-0.0089,-0.35,0.5144,-0.0188,3565,-0.0784,1958,0.1053,3366,-0.0406,-1.06,4431,0.0152,0.44,0.1639,0.4188,0.5177,0.8396,widen to full day
RW2-exhaustion-noon-adv150-short,short,full,full,22187,52.08,-0.0563,-3.3,0.4961,-0.0602,9979,-0.1663,5517,0.1212,9142,-0.1009,-4.01,13045,-0.025,-1.11,0.1639,0.4188,0.5177,0.8396,widen to full day
RW2-exhaustion-noon-adv150-short,short,B1,09:50-10:30,6436,15.11,-0.0797,-2.58,0.4905,-0.0899,2843,-0.2244,1608,0.1305,2718,-0.1124,-2.14,3718,-0.0558,-1.54,0.1639,0.4188,0.5177,0.8396,widen to full day
RW2-exhaustion-noon-adv150-short,short,B2,10:35-11:30,9001,21.13,-0.0662,-2.51,0.4899,-0.0753,4137,-0.1776,2148,0.1127,3439,-0.1266,-3.51,5562,-0.0288,-0.81,0.1639,0.4188,0.5177,0.8396,widen to full day
RW2-exhaustion-noon-adv150-short,short,B3,11:35-13:00,5618,13.19,-0.0506,-1.85,0.4977,-0.0619,2649,-0.1307,1226,0.0958,2346,-0.0935,-1.99,3272,-0.0199,-0.6,0.1639,0.4188,0.5177,0.8396,widen to full day
RW2-exhaustion-noon-adv150-short,short,B4,13:05-14:00,2620,6.15,-0.003,-0.07,0.5275,-0.0221,1268,-0.0474,682,0.0389,1167,-0.0933,-1.32,1453,0.0695,1.24,0.1639,0.4188,0.5177,0.8396,widen to full day
RW2-exhaustion-noon-adv150-short,short,B5,14:05-15:00,2397,5.63,0.0015,0.03,0.509,-0.0336,992,-0.0631,702,0.1507,1081,-0.027,-0.53,1316,0.0249,0.33,0.1639,0.4188,0.5177,0.8396,widen to full day
RW3-gapdn-rsi5pop-flowsell-short,short,current,current,1816,4.26,-0.0412,-1.22,0.5039,-0.0486,765,-0.2944,436,0.1923,887,-0.091,-1.88,929,0.0064,0.14,0.933,0.8401,0.6519,0.9995,widen to full day
RW3-gapdn-rsi5pop-flowsell-short,short,full,full,5995,14.07,-0.0676,-3.1,0.4834,-0.0735,1878,-0.2538,2189,0.0827,2826,-0.0869,-2.93,3169,-0.0505,-1.6,0.933,0.8401,0.6519,0.9995,widen to full day
RW3-gapdn-rsi5pop-flowsell-short,short,B1,09:50-10:30,566,1.33,-0.0202,-0.41,0.5247,-0.0288,238,-0.2364,134,0.2649,284,-0.0886,-1.22,282,0.0486,0.73,0.933,0.8401,0.6519,0.9995,widen to full day
RW3-gapdn-rsi5pop-flowsell-short,short,B2,10:35-11:30,1838,4.31,-0.0789,-2.25,0.4831,-0.0876,722,-0.3116,512,0.1045,863,-0.1277,-2.47,975,-0.0357,-0.76,0.933,0.8401,0.6519,0.9995,widen to full day
RW3-gapdn-rsi5pop-flowsell-short,short,B3,11:35-13:00,2049,4.81,-0.0839,-2.21,0.4719,-0.0938,533,-0.2724,907,0.0462,980,-0.1025,-1.72,1069,-0.0669,-1.41,0.933,0.8401,0.6519,0.9995,widen to full day
RW3-gapdn-rsi5pop-flowsell-short,short,B4,13:05-14:00,1142,2.68,-0.0431,-1.02,0.4974,-0.0564,308,-0.2351,458,0.1294,531,-0.0241,-0.45,611,-0.0596,-0.94,0.933,0.8401,0.6519,0.9995,widen to full day
RW3-gapdn-rsi5pop-flowsell-short,short,B5,14:05-15:00,813,1.91,-0.0847,-2.54,0.4551,-0.0942,227,-0.1293,313,0.0074,376,-0.0744,-1.6,437,-0.0935,-1.97,0.933,0.8401,0.6519,0.9995,widen to full day
RW4-ns3-adv150-short,short,current,current,1216,2.85,0.0541,1.13,0.5502,0.039,285,-0.1073,451,0.2392,431,0.0393,0.5,785,0.0623,1.02,0.1159,0.2849,0.101,0.6999,widen to full day
RW4-ns3-adv150-short,short,full,full,8069,18.94,-0.0282,-1.33,0.4957,-0.0351,1753,-0.1618,3478,0.086,2897,-0.0272,-0.76,5172,-0.0288,-1.09,0.1159,0.2849,0.101,0.6999,widen to full day
RW4-ns3-adv150-short,short,B1,09:50-10:30,630,1.48,0.105,1.77,0.5746,0.083,145,0.0175,237,0.2307,265,0.196,2.21,365,0.0389,0.53,0.1159,0.2849,0.101,0.6999,widen to full day
RW4-ns3-adv150-short,short,B2,10:35-11:30,810,1.9,0.0042,0.09,0.5247,-0.0133,208,-0.2615,284,0.2768,270,-0.2199,-2.78,540,0.1163,1.87,0.1159,0.2849,0.101,0.6999,widen to full day
RW4-ns3-adv150-short,short,B3,11:35-13:00,1130,2.65,0.0327,0.93,0.5239,0.0228,257,-0.1216,415,0.1503,412,-0.0512,-0.97,718,0.0809,1.7,0.1159,0.2849,0.101,0.6999,widen to full day
RW4-ns3-adv150-short,short,B4,13:05-14:00,3471,8.15,-0.0581,-2.03,0.478,-0.0664,778,-0.2167,1533,0.0117,1283,-0.1002,-2.31,2188,-0.0335,-0.9,0.1159,0.2849,0.101,0.6999,widen to full day
RW4-ns3-adv150-short,short,B5,14:05-15:00,4831,11.34,-0.0134,-0.39,0.5018,-0.0393,954,-0.1186,2200,0.112,1683,0.0313,0.41,3148,-0.0373,-1.19,0.1159,0.2849,0.101,0.6999,widen to full day
RW5-heat30-flowsell-rsi5pop-gapdn-short,short,current,current,1294,3.04,-0.0133,-0.32,0.5278,-0.0259,595,-0.2622,261,0.2686,640,0.0067,0.11,654,-0.0329,-0.55,0.6867,0.952,0.9373,0.9995,widen to full day
RW5-heat30-flowsell-rsi5pop-gapdn-short,short,full,full,5598,13.14,-0.0575,-2.47,0.4914,-0.0628,1919,-0.2868,1891,0.1306,2632,-0.053,-1.56,2966,-0.0615,-1.92,0.6867,0.952,0.9373,0.9995,widen to full day
RW5-heat30-flowsell-rsi5pop-gapdn-short,short,B1,09:50-10:30,281,0.66,-0.0726,-1.04,0.4982,-0.0839,113,-0.3368,62,0.1967,140,-0.0585,-0.52,141,-0.0867,-1.04,0.6867,0.952,0.9373,0.9995,widen to full day
RW5-heat30-flowsell-rsi5pop-gapdn-short,short,B2,10:35-11:30,1472,3.46,-0.0335,-0.84,0.5136,-0.0441,673,-0.3062,328,0.2405,711,-0.0192,-0.32,761,-0.0469,-0.88,0.6867,0.952,0.9373,0.9995,widen to full day
RW5-heat30-flowsell-rsi5pop-gapdn-short,short,B3,11:35-13:00,2001,4.7,-0.073,-1.9,0.4873,-0.0811,572,-0.349,786,0.109,970,-0.0338,-0.56,1031,-0.1098,-2.32,0.6867,0.952,0.9373,0.9995,widen to full day
RW5-heat30-flowsell-rsi5pop-gapdn-short,short,B4,13:05-14:00,1267,2.97,-0.059,-1.44,0.4893,-0.0669,420,-0.2462,478,0.1196,550,-0.1167,-1.76,717,-0.0147,-0.3,0.6867,0.952,0.9373,0.9995,widen to full day
RW5-heat30-flowsell-rsi5pop-gapdn-short,short,B5,14:05-15:00,851,2.0,-0.0702,-2.02,0.4618,-0.0801,248,-0.1846,321,0.0781,400,-0.1182,-2.52,451,-0.0275,-0.55,0.6867,0.952,0.9373,0.9995,widen to full day
RW6-ns2-up3-short,short,current,current,1461,3.43,0.0566,0.77,0.5428,-0.0175,897,0.0276,292,0.1559,748,0.1006,0.93,713,0.0104,0.13,0.0005,0.1204,0.1342,0.418,widen to full day
RW6-ns2-up3-short,short,full,full,3614,8.48,-0.0206,-0.51,0.5011,-0.0538,1859,-0.079,848,0.0879,1524,0.0056,0.08,2090,-0.0397,-1.03,0.0005,0.1204,0.1342,0.418,widen to full day
RW6-ns2-up3-short,short,B1,09:50-10:30,354,0.83,-0.0765,-0.8,0.4802,-0.118,187,-0.1109,75,0.0327,147,-0.1352,-0.75,207,-0.0348,-0.36,0.0005,0.1204,0.1342,0.418,widen to full day
RW6-ns2-up3-short,short,B2,10:35-11:30,1142,2.68,0.1042,1.08,0.5657,-0.0047,731,0.0729,227,0.1964,623,0.1701,1.32,519,0.025,0.25,0.0005,0.1204,0.1342,0.418,widen to full day
RW6-ns2-up3-short,short,B3,11:35-13:00,783,1.84,0.0076,0.09,0.516,-0.0657,406,-0.0444,209,0.1015,368,0.1387,0.94,415,-0.1087,-1.53,0.0005,0.1204,0.1342,0.418,widen to full day
RW6-ns2-up3-short,short,B4,13:05-14:00,549,1.29,-0.227,-3.32,0.4171,-0.247,241,-0.3931,142,-0.0729,194,-0.3698,-2.97,355,-0.1489,-2.42,0.0005,0.1204,0.1342,0.418,widen to full day
RW6-ns2-up3-short,short,B5,14:05-15:00,1181,2.77,-0.0386,-1.18,0.4784,-0.0514,525,-0.1171,272,0.0666,392,-0.076,-1.07,789,-0.02,-0.58,0.0005,0.1204,0.1342,0.418,widen to full day
RW7-gapdn-bounce-early-short,short,current,current,1590,3.73,-0.0293,-0.94,0.5132,-0.035,677,-0.2522,390,0.23,843,-0.0627,-1.52,747,0.0084,0.18,0.965,0.5582,0.5291,0.9303,widen to full day
RW7-gapdn-bounce-early-short,short,full,full,26164,61.42,-0.0575,-2.91,0.4902,-0.0617,7780,-0.2751,10292,0.1214,11831,-0.0815,-2.92,14333,-0.0377,-1.36,0.965,0.5582,0.5291,0.9303,widen to full day
RW7-gapdn-bounce-early-short,short,B1,09:50-10:30,1590,3.73,-0.0293,-0.94,0.5132,-0.035,677,-0.2522,390,0.23,843,-0.0627,-1.52,747,0.0084,0.18,0.965,0.5582,0.5291,0.9303,widen to full day
RW7-gapdn-bounce-early-short,short,B2,10:35-11:30,7618,17.88,-0.0302,-1.03,0.5116,-0.0374,2782,-0.2776,2562,0.2073,3369,-0.0786,-1.74,4249,0.0082,0.22,0.965,0.5582,0.5291,0.9303,widen to full day
RW7-gapdn-bounce-early-short,short,B3,11:35-13:00,10384,24.38,-0.063,-2.16,0.4892,-0.0699,2921,-0.3126,4450,0.1146,4726,-0.0726,-1.59,5658,-0.0551,-1.46,0.965,0.5582,0.5291,0.9303,widen to full day
RW7-gapdn-bounce-early-short,short,B4,13:05-14:00,5642,13.24,-0.0979,-2.86,0.4647,-0.1089,1352,-0.2669,2422,0.0649,2473,-0.1214,-2.43,3169,-0.0795,-1.71,0.965,0.5582,0.5291,0.9303,widen to full day
RW7-gapdn-bounce-early-short,short,B5,14:05-15:00,4394,10.31,-0.0562,-1.92,0.4672,-0.0668,1046,-0.1846,1863,0.047,1983,-0.061,-1.43,2411,-0.0522,-1.3,0.965,0.5582,0.5291,0.9303,widen to full day
RW8-sma50up-spikefade-short,short,current,current,459,1.08,-0.0896,-1.4,0.4793,-0.1104,225,-0.2352,101,-0.0146,184,-0.0799,-0.64,275,-0.0961,-1.45,0.9885,0.9995,0.9904,0.9995,widen to full day
RW8-sma50up-spikefade-short,short,full,full,459,1.08,-0.0896,-1.4,0.4793,-0.1104,225,-0.2352,101,-0.0146,184,-0.0799,-0.64,275,-0.0961,-1.45,0.9885,0.9995,0.9904,0.9995,widen to full day
RW8-sma50up-spikefade-short,short,B1,09:50-10:30,0,0.0,,,,,0,,0,,0,,,0,,,0.9885,0.9995,0.9904,0.9995,widen to full day
RW8-sma50up-spikefade-short,short,B2,10:35-11:30,9,0.02,-0.1542,-0.46,0.4444,-0.2977,4,-0.5665,3,-0.3649,3,0.3019,0.55,6,-0.3823,-0.96,0.9885,0.9995,0.9904,0.9995,widen to full day
RW8-sma50up-spikefade-short,short,B3,11:35-13:00,111,0.26,-0.0684,-0.58,0.5135,-0.0976,43,-0.2325,31,0.092,34,0.0289,0.15,77,-0.1113,-0.77,0.9885,0.9995,0.9904,0.9995,widen to full day
RW8-sma50up-spikefade-short,short,B4,13:05-14:00,131,0.31,-0.0775,-0.79,0.4733,-0.1428,59,-0.1296,32,-0.2254,67,0.0597,0.43,64,-0.2212,-1.95,0.9885,0.9995,0.9904,0.9995,widen to full day
RW8-sma50up-spikefade-short,short,B5,14:05-15:00,213,0.5,-0.1041,-1.07,0.4648,-0.122,123,-0.2645,36,0.0922,83,-0.2414,-1.42,130,-0.0165,-0.23,0.9885,0.9995,0.9904,0.9995,widen to full day
