rule,removed_train,removed_valid,removed_exp_r_train,removed_exp_r_valid,train_gain,train_t,valid_gain,valid_t,valid_ex_best
cap-3-all,1088,202,0.147,0.128,-7246.7,-1.81,-859.0,-1.62,-950.5
cap-5-all,836,122,0.16,0.132,-6044.2,-1.48,-676.1,-1.84,-773.7
cap-8-all,579,57,0.23,0.227,-5887.0,-1.52,-565.7,-1.38,-655.9
cap-11-all,421,24,0.267,0.05,-4978.0,-1.3,-92.8,-0.66,-152.6
cap-15-all,294,2,0.319,0.652,-4244.8,-1.17,-57.7,-1.36,-57.7
cap-20-all,225,0,0.405,,-3935.0,-1.17,0.0,,0.0
cap-30-all,139,0,0.47,,-2093.1,-0.94,0.0,,0.0
cap-3-heat_fade_short,376,77,0.046,0.24,106.9,0.05,-533.5,-2.04,-563.6
cap-5-heat_fade_short,298,54,0.014,0.339,570.3,0.28,-539.9,-2.31,-555.2
cap-8-heat_fade_short,210,29,-0.001,0.425,675.4,0.36,-343.8,-1.99,-367.3
cap-11-heat_fade_short,160,12,-0.047,0.181,860.3,0.46,-64.6,-1.17,-77.2
cap-15-heat_fade_short,113,1,-0.138,0.951,1223.2,0.72,-39.7,-1.0,-39.7
cap-20-heat_fade_short,89,0,-0.149,,1079.8,0.75,0.0,,0.0
cap-30-heat_fade_short,51,0,-0.174,,958.4,0.75,0.0,,0.0
cap-3-heat_fade_long,360,57,0.143,-0.048,-3214.0,-1.87,-120.6,-0.42,-264.4
cap-5-heat_fade_long,289,35,0.176,-0.252,-3192.0,-1.98,134.0,0.66,9.5
cap-8-heat_fade_long,203,18,0.241,-0.402,-2888.8,-1.87,140.2,1.18,50.0
cap-11-heat_fade_long,135,9,0.318,-0.414,-2409.0,-1.56,87.8,1.37,28.0
cap-15-heat_fade_long,85,1,0.501,0.354,-2436.8,-1.51,-18.1,-1.0,-18.1
cap-20-heat_fade_long,56,0,0.78,,-2473.1,-1.41,0.0,,0.0
cap-30-heat_fade_long,31,0,0.906,,-1160.4,-1.33,0.0,,0.0
cap-3-exhaustion_short,243,14,0.35,0.368,-3886.8,-1.58,-180.5,-1.57,-180.5
cap-5-exhaustion_short,198,9,0.415,0.397,-3719.4,-1.5,-118.1,-1.0,-118.1
cap-8-exhaustion_short,158,5,0.518,0.927,-3718.1,-1.59,-179.5,-1.0,-179.5
cap-11-exhaustion_short,126,2,0.611,0.939,-3429.3,-1.49,-58.2,-1.0,-58.2
cap-15-exhaustion_short,96,0,0.696,,-3031.3,-1.43,0.0,,0.0
cap-20-exhaustion_short,80,0,0.76,,-2541.7,-1.44,0.0,,0.0
cap-30-exhaustion_short,57,0,0.81,,-1891.1,-1.43,0.0,,0.0
cap-3-orb20_a,98,49,0.063,0.11,-253.3,-0.35,-25.8,-0.13,-109.6
cap-5-orb20_a,51,24,-0.062,0.13,296.8,0.75,-152.1,-1.45,-194.5
cap-8-orb20_a,8,5,0.297,0.639,44.5,1.56,-182.6,-1.26,-182.6
cap-11-orb20_a,0,1,,0.872,0.0,,-57.8,-1.0,-57.8
cap-15-orb20_a,0,0,,,0.0,,0.0,,0.0
cap-20-orb20_a,0,0,,,0.0,,0.0,,0.0
cap-30-orb20_a,0,0,,,0.0,,0.0,,0.0
