date,split,close,peak,peak_min,peak_time,trough,n
2026-07-15,train,1164.0980547815561,1448.8805553913116,352,15:22,-1117.9238427877426,114
2026-07-16,train,321.78528797626495,333.6383827626705,294,14:24,-38.268983602523804,32
2026-07-17,train,1733.532436966896,2000.0162421502173,355,15:25,-949.1612959578633,85
2026-07-20,train,128.3261423408985,275.5056337416172,162,12:12,-11.384838163852692,47
2026-07-21,train,-1808.2130255699158,547.3463944792747,40,10:10,-2049.9876403808594,66
2026-07-22,train,-76.95133537054062,122.41923320293427,301,14:31,-318.15081433951855,32
2026-07-23,train,550.9722186326981,554.2203226089478,384,15:54,-24.888059735298157,41
2026-07-24,train,-65.61009645462036,188.52962803840637,77,10:47,-181.36771896481514,29
2026-07-27,train,832.9227409958839,1052.5940838977695,360,15:30,-48.67906501470134,59
2026-07-28,train,-60.12671036273241,76.91073381900787,49,10:19,-206.18155093491077,45
2026-07-29,train,3217.2280402183533,3229.353569984436,383,15:53,-759.071638815105,149
2026-07-30,train,-154.52716217935085,200.2357658147812,321,14:51,-302.1852890253067,54
2026-07-31,train,958.0507702231407,1124.9882377386093,282,14:12,-141.4109296798706,65
2026-08-03,train,-90.8125709593296,394.4312582015991,124,11:34,-450.6799396276474,60
2026-08-04,train,-379.8019041866064,338.8212822675705,54,10:24,-595.9705962315202,64
2026-08-05,train,223.90805260837078,287.8722083568573,355,15:25,-187.11607962846756,67
2026-08-06,train,272.7954454421997,357.623855471611,293,14:23,-45.27677774429321,36
2026-08-07,train,219.87769240140915,356.88075935840607,194,12:44,0.0,51
2026-08-10,train,18.94012577831745,307.70957601070404,356,15:26,-138.0895647406578,50
2026-08-11,train,379.4543102234602,415.6352717168629,377,15:47,-162.74751886725426,42
2026-08-12,train,747.3260501953191,852.7500753104687,375,15:45,-37.17711740732193,104
2026-08-13,train,-438.6889913082123,1.4253299236297607,20,09:50,-528.116774559021,47
2026-08-14,train,81.24591195583344,184.81842607446015,329,14:59,-325.9854928255081,35
2026-08-17,train,-131.22481417655945,25.443143725395203,20,09:50,-228.47936709225178,35
2026-08-18,train,37.336110055446625,50.288454830646515,198,12:48,-97.97676944732666,20
2026-08-19,train,-236.23341816663742,192.57075333595276,41,10:11,-348.2206389904022,36
2026-08-20,train,508.3506024032831,514.5655307099223,380,15:50,-94.89697006344795,32
2026-08-21,train,468.7963459789753,577.42121052742,294,14:24,-19.87088755518198,64
2026-08-24,train,243.87886219471693,296.69607985019684,383,15:53,-130.60720843076706,25
2026-08-25,train,103.48962380550802,384.4928947761655,53,10:23,-39.63784325122833,40
2026-08-26,valid,-46.842164278030396,66.28564512729645,100,11:10,-87.61556601524353,14
2026-08-27,valid,669.3127770423889,679.6865770816803,381,15:51,-209.94950985908508,50
2026-08-28,valid,-123.20542255043983,201.98385953903198,130,11:40,-124.88525429368019,38
2026-08-31,valid,-122.72481548786163,5.412729024887085,22,09:52,-150.8010058403015,14
2026-09-01,valid,31.91051907837391,58.46636438369751,311,14:41,-218.76373672485352,23
2026-09-02,valid,-232.54961740970612,109.82485961914062,31,10:01,-237.15422774851322,30
2026-09-03,valid,43.83174103498459,124.3048794567585,38,10:08,-89.77736186981201,40
2026-09-04,valid,139.26056653261185,170.16734433174133,303,14:33,-64.79523313045502,21
2026-09-08,valid,86.91498440504074,292.6523739993572,41,10:11,-17.114323168992996,46
2026-09-09,valid,59.930057771503925,217.69104480743408,155,12:05,0.0,30
2026-09-10,valid,-30.795791685581207,18.730849474668503,24,09:54,-85.42237186431885,16
2026-09-11,valid,229.20422518253326,310.21016877889633,73,10:43,-0.778748631477356,41
2026-09-14,valid,346.12433341145515,367.90267395973206,338,15:08,-52.53284168243408,41
2026-09-15,valid,158.36732582747936,180.91953045129776,243,13:33,-15.878237098455429,33
