strategy,feature,before_peak_mean,after_peak_mean,std_diff,spearman_with_r,n_before,n_after
exhaustion_short,rsi,70.51200103759766,69.21900177001953,0.16,-0.067,257,76
exhaustion_short,rsi5,96.22200012207031,96.53700256347656,-0.09,-0.019,257,76
exhaustion_short,momentum,1.4839999675750732,1.2109999656677246,0.42,0.169,257,76
exhaustion_short,vwapDistPct,2.703000068664551,3.1040000915527344,-0.21,0.074,257,76
exhaustion_short,fromOpen,3.0880000591278076,5.593999862670898,-0.43,-0.046,257,76
exhaustion_short,gap,0.20399999618530273,0.22599999606609344,-0.0,-0.245,257,76
exhaustion_short,volumeRatio,1.5230000019073486,1.1820000410079956,0.35,-0.009,257,76
exhaustion_short,atrPct,0.6650000214576721,0.5370000004768372,0.49,0.266,257,76
exhaustion_short,heat,17.503000259399414,13.758000373840332,0.23,0.102,257,76
exhaustion_short,dist_hod_atr,0.19900000095367432,0.09099999815225601,0.44,0.031,257,76
exhaustion_short,dist_lod_atr,0.7549999952316284,1.0379999876022339,-0.62,0.042,257,76
exhaustion_short,sma20_dist_pct,1.6759999990463257,1.3489999771118164,0.55,0.208,257,76
exhaustion_short,sma20_slope_pct,0.6119999885559082,0.5460000038146973,0.17,0.062,257,76
exhaustion_short,flow3,0.7639999985694885,0.7680000066757202,-0.01,0.018,257,76
exhaustion_short,pricePosition,0.9430000185966492,0.9520000219345093,-0.17,0.052,257,76
exhaustion_short,buyPressure,0.3319999873638153,0.3009999990463257,0.16,-0.062,257,76
exhaustion_short,breadth_with_side,0.4860000014305115,0.41999998688697815,0.75,-0.209,257,76
exhaustion_short,mkt_with_side,-0.118,-0.328,0.58,-0.259,257,76
exhaustion_short,port_pnl_at_entry,485.173,-74.107,0.81,0.098,257,76
exhaustion_short,setup_closed_r_at_entry,0.036,-0.093,0.09,-0.027,257,76
exhaustion_short,open_same_side_at_entry,16.37,8.579,0.57,0.253,257,76
exhaustion_short,m0,263.58,254.934,0.21,0.132,257,76
heat_fade_long,rsi,20.533000946044922,19.78700065612793,0.09,0.134,402,82
heat_fade_long,rsi5,17.1560001373291,11.361000061035156,0.37,0.041,402,82
heat_fade_long,momentum,-1.3530000448226929,-1.2599999904632568,-0.1,-0.136,402,82
heat_fade_long,vwapDistPct,-2.437000036239624,-2.0329999923706055,-0.28,-0.208,402,82
heat_fade_long,fromOpen,-4.824999809265137,-4.159999847412109,-0.18,-0.144,402,82
heat_fade_long,gap,2.5,2.369999885559082,0.03,0.039,402,82
heat_fade_long,volumeRatio,0.9940000176429749,1.187999963760376,-0.26,0.021,402,82
heat_fade_long,atrPct,0.7480000257492065,0.5590000152587891,0.36,0.186,402,82
heat_fade_long,heat,3.7739999294281006,12.161999702453613,-0.47,-0.168,402,82
heat_fade_long,dist_hod_atr,0.9020000100135803,0.9129999876022339,-0.03,-0.041,402,82
heat_fade_long,dist_lod_atr,0.04699999839067459,0.05999999865889549,-0.22,-0.107,402,82
heat_fade_long,sma20_dist_pct,-1.7769999504089355,-1.5499999523162842,-0.21,-0.139,402,82
heat_fade_long,sma20_slope_pct,-0.49399998784065247,-0.3869999945163727,-0.15,-0.098,402,82
heat_fade_long,flow3,-0.6110000014305115,-0.6489999890327454,0.09,-0.046,402,82
heat_fade_long,pricePosition,0.057999998331069946,0.050999999046325684,0.12,-0.056,402,82
heat_fade_long,buyPressure,-0.2720000147819519,-0.2709999978542328,-0.0,0.054,402,82
heat_fade_long,breadth_with_side,0.453000009059906,0.5299999713897705,-0.84,-0.237,402,82
heat_fade_long,mkt_with_side,-0.172,0.117,-0.86,-0.266,402,82
heat_fade_long,port_pnl_at_entry,-14.841,-17.269,0.01,-0.2,402,82
heat_fade_long,setup_closed_r_at_entry,-1.761,-0.167,-0.4,-0.191,402,82
heat_fade_long,open_same_side_at_entry,12.587,7.305,0.51,0.177,402,82
heat_fade_long,m0,136.505,170.488,-0.79,-0.003,402,82
heat_fade_short,rsi,72.63800048828125,64.2509994506836,0.67,-0.136,496,24
heat_fade_short,rsi5,76.12799835205078,71.38800048828125,0.24,-0.089,496,24
heat_fade_short,momentum,2.9140000343322754,0.8069999814033508,0.68,-0.115,496,24
heat_fade_short,vwapDistPct,0.061000000685453415,0.42899999022483826,-0.4,0.064,496,24
heat_fade_short,fromOpen,-0.7009999752044678,-0.3529999852180481,-0.35,-0.089,496,24
heat_fade_short,gap,4.232999801635742,1.3519999980926514,0.63,-0.079,496,24
heat_fade_short,volumeRatio,1.0720000267028809,0.6980000138282776,0.73,-0.061,496,24
heat_fade_short,atrPct,0.9559999704360962,0.6890000104904175,0.4,0.031,496,24
heat_fade_short,heat,17.40399932861328,-2.944999933242798,1.0,0.101,496,24
heat_fade_short,dist_hod_atr,0.24899999797344208,0.14499999582767487,0.47,0.033,496,24
heat_fade_short,dist_lod_atr,0.2409999966621399,0.3319999873638153,-0.5,0.028,496,24
heat_fade_short,sma20_dist_pct,2.6740000247955322,0.8270000219345093,0.67,-0.086,496,24
heat_fade_short,sma20_slope_pct,0.7390000224113464,0.18400000035762787,0.53,-0.082,496,24
heat_fade_short,flow3,0.09099999815225601,0.3659999966621399,-0.48,0.017,496,24
heat_fade_short,pricePosition,0.7459999918937683,0.7429999709129333,0.02,-0.162,496,24
heat_fade_short,buyPressure,-0.020999999716877937,-0.07500000298023224,0.19,0.095,496,24
heat_fade_short,breadth_with_side,0.5049999952316284,0.45399999618530273,0.58,0.053,496,24
heat_fade_short,mkt_with_side,-0.002,-0.103,0.48,0.05,496,24
heat_fade_short,port_pnl_at_entry,30.709,-60.528,0.96,-0.123,496,24
heat_fade_short,setup_closed_r_at_entry,0.403,0.064,0.19,-0.096,496,24
heat_fade_short,open_same_side_at_entry,6.365,14.292,-0.67,-0.06,496,24
heat_fade_short,m0,27.218,42.292,-1.3,-0.02,496,24
intraday_momentum,port_pnl_at_entry,917.98,173.664,0.94,0.183,23,57
intraday_momentum,setup_closed_r_at_entry,0.0,0.0,,,23,57
intraday_momentum,open_same_side_at_entry,7.826,8.211,-0.08,-0.332,23,57
intraday_momentum,m0,360.0,360.0,,,23,57
orb20_a,rsi,53.82600021362305,54.939998626708984,-0.03,-0.102,187,22
orb20_a,rsi5,53.33399963378906,56.763999938964844,-0.09,-0.117,187,22
orb20_a,momentum,1.75,1.6349999904632568,0.01,-0.105,187,22
orb20_a,vwapDistPct,0.3700000047683716,0.31700000166893005,0.03,0.008,187,22
orb20_a,fromOpen,0.9800000190734863,1.5980000495910645,-0.13,0.021,187,22
orb20_a,gap,0.7599999904632568,0.2240000069141388,0.04,-0.082,187,22
orb20_a,volumeRatio,1.8450000286102295,2.381999969482422,-0.36,0.015,187,22
orb20_a,atrPct,1.2940000295639038,1.3339999914169312,-0.04,0.239,187,22
orb20_a,heat,21.929000854492188,24.150999069213867,-0.14,-0.126,187,22
orb20_a,dist_hod_atr,0.4830000102519989,0.42399999499320984,0.11,0.048,187,22
orb20_a,dist_lod_atr,0.847000002861023,0.6110000014305115,0.27,0.048,187,22
orb20_a,sma20_dist_pct,1.2970000505447388,1.375,-0.01,-0.098,187,22
orb20_a,sma20_slope_pct,0.3619999885559082,0.3659999966621399,-0.0,-0.095,187,22
orb20_a,flow3,0.15600000321865082,0.0949999988079071,0.09,-0.048,187,22
orb20_a,pricePosition,0.5400000214576721,0.5740000009536743,-0.09,-0.068,187,22
orb20_a,buyPressure,0.07400000095367432,0.16099999845027924,-0.2,0.062,187,22
orb20_a,breadth_with_side,0.5019999742507935,0.5099999904632568,-0.09,0.023,187,22
orb20_a,mkt_with_side,0.008,0.019,-0.06,0.012,187,22
orb20_a,port_pnl_at_entry,32.484,-9.558,0.37,-0.095,187,22
orb20_a,setup_closed_r_at_entry,-0.133,0.291,-0.65,-0.066,187,22
orb20_a,open_same_side_at_entry,5.235,5.0,0.03,-0.006,187,22
orb20_a,m0,32.471,47.909,-0.76,-0.084,187,22
