strategy,feature,split,quintile,n,exp_r,lo,hi
exhaustion_short,rsi,train,0,67,0.283,47.619,62.712
exhaustion_short,rsi,train,1,66,0.304,62.712,68.611
exhaustion_short,rsi,train,2,67,0.349,68.611,72.216
exhaustion_short,rsi,train,3,66,0.337,72.216,76.28
exhaustion_short,rsi,train,4,67,0.086,76.28,92.677
exhaustion_short,rsi,valid,0,8,-0.07,47.619,62.712
exhaustion_short,rsi,valid,1,17,0.575,62.712,68.611
exhaustion_short,rsi,valid,2,6,-0.031,68.611,72.216
exhaustion_short,rsi,valid,3,6,-0.245,72.216,76.28
exhaustion_short,rsi,valid,4,14,0.003,76.28,92.677
exhaustion_short,rsi5,train,0,67,0.304,90.0,92.332
exhaustion_short,rsi5,train,1,66,0.184,92.332,95.035
exhaustion_short,rsi5,train,2,67,0.29,95.035,98.81
exhaustion_short,rsi5,train,3,133,0.289,98.81,100.0
exhaustion_short,rsi5,valid,0,12,0.163,90.0,92.332
exhaustion_short,rsi5,valid,1,7,0.157,92.332,95.035
exhaustion_short,rsi5,valid,2,16,0.194,95.035,98.81
exhaustion_short,rsi5,valid,3,16,0.091,98.81,100.0
exhaustion_short,momentum,train,0,67,0.125,0.406,0.89
exhaustion_short,momentum,train,1,66,0.165,0.89,1.179
exhaustion_short,momentum,train,2,67,0.285,1.179,1.397
exhaustion_short,momentum,train,3,66,0.419,1.397,1.833
exhaustion_short,momentum,train,4,67,0.362,1.833,4.595
exhaustion_short,momentum,valid,0,7,0.223,0.406,0.89
exhaustion_short,momentum,valid,1,14,0.012,0.89,1.179
exhaustion_short,momentum,valid,2,9,0.012,1.179,1.397
exhaustion_short,momentum,valid,3,14,0.389,1.397,1.833
exhaustion_short,momentum,valid,4,7,0.045,1.833,4.595
exhaustion_short,vwapDistPct,train,0,67,0.221,-0.577,1.266
exhaustion_short,vwapDistPct,train,1,66,0.205,1.266,2.107
exhaustion_short,vwapDistPct,train,2,67,0.285,2.107,2.991
exhaustion_short,vwapDistPct,train,3,66,0.315,2.991,3.982
exhaustion_short,vwapDistPct,train,4,67,0.33,3.982,11.272
exhaustion_short,vwapDistPct,valid,0,7,0.593,-0.577,1.266
exhaustion_short,vwapDistPct,valid,1,10,0.118,1.266,2.107
exhaustion_short,vwapDistPct,valid,2,20,-0.07,2.107,2.991
exhaustion_short,vwapDistPct,valid,3,5,0.254,2.991,3.982
exhaustion_short,vwapDistPct,valid,4,8,0.28,3.982,11.272
exhaustion_short,fromOpen,train,0,67,0.347,-8.754,-1.326
exhaustion_short,fromOpen,train,1,66,0.189,-1.326,1.629
exhaustion_short,fromOpen,train,2,67,0.33,1.629,4.254
exhaustion_short,fromOpen,train,3,66,0.275,4.254,7.349
exhaustion_short,fromOpen,train,4,67,0.215,7.349,32.098
exhaustion_short,fromOpen,valid,0,6,0.019,-8.754,-1.326
exhaustion_short,fromOpen,valid,1,10,0.422,-1.326,1.629
exhaustion_short,fromOpen,valid,2,11,0.074,1.629,4.254
exhaustion_short,fromOpen,valid,3,14,0.083,4.254,7.349
exhaustion_short,fromOpen,valid,4,9,0.126,7.349,32.098
exhaustion_short,gap,train,0,67,0.52,-17.036,-3.201
exhaustion_short,gap,train,1,66,0.47,-3.201,-0.977
exhaustion_short,gap,train,2,67,0.323,-0.977,0.226
exhaustion_short,gap,train,3,66,-0.036,0.226,2.091
exhaustion_short,gap,train,4,67,0.077,2.091,32.064
exhaustion_short,gap,valid,0,10,0.291,-17.036,-3.201
exhaustion_short,gap,valid,1,9,0.034,-3.201,-0.977
exhaustion_short,gap,valid,2,6,0.55,-0.977,0.226
exhaustion_short,gap,valid,3,12,-0.058,0.226,2.091
exhaustion_short,gap,valid,4,14,0.128,2.091,32.064
exhaustion_short,volumeRatio,train,0,67,0.18,0.113,0.816
exhaustion_short,volumeRatio,train,1,66,0.41,0.816,1.093
exhaustion_short,volumeRatio,train,2,67,0.32,1.093,1.374
exhaustion_short,volumeRatio,train,3,66,0.27,1.374,1.856
exhaustion_short,volumeRatio,train,4,67,0.179,1.856,8.883
exhaustion_short,volumeRatio,valid,0,4,-0.021,0.113,0.816
exhaustion_short,volumeRatio,valid,1,14,0.25,0.816,1.093
exhaustion_short,volumeRatio,valid,2,7,-0.103,1.093,1.374
exhaustion_short,volumeRatio,valid,3,14,0.023,1.374,1.856
exhaustion_short,volumeRatio,valid,4,12,0.383,1.856,8.883
exhaustion_short,atrPct,train,0,67,-0.039,0.234,0.425
exhaustion_short,atrPct,train,1,66,0.186,0.425,0.531
exhaustion_short,atrPct,train,2,67,0.355,0.531,0.651
exhaustion_short,atrPct,train,3,66,0.376,0.651,0.799
exhaustion_short,atrPct,train,4,67,0.479,0.799,1.758
exhaustion_short,atrPct,valid,0,17,0.091,0.234,0.425
exhaustion_short,atrPct,valid,1,13,0.278,0.425,0.531
exhaustion_short,atrPct,valid,2,10,0.086,0.531,0.651
exhaustion_short,atrPct,valid,3,6,0.203,0.651,0.799
exhaustion_short,atrPct,valid,4,4,-0.125,0.799,1.758
exhaustion_short,heat,train,0,67,0.2,-36.533,4.993
exhaustion_short,heat,train,1,66,0.241,4.993,12.048
exhaustion_short,heat,train,2,67,0.236,12.048,20.366
exhaustion_short,heat,train,3,66,0.495,20.366,31.737
exhaustion_short,heat,train,4,67,0.187,31.737,53.603
exhaustion_short,heat,valid,0,12,0.034,-36.533,4.993
exhaustion_short,heat,valid,1,8,0.134,4.993,12.048
exhaustion_short,heat,valid,2,10,0.164,12.048,20.366
exhaustion_short,heat,valid,3,10,0.204,20.366,31.737
exhaustion_short,heat,valid,4,11,0.222,31.737,53.603
exhaustion_short,dist_hod_atr,train,0,67,0.262,0.0,0.011
exhaustion_short,dist_hod_atr,train,1,66,0.322,0.011,0.028
exhaustion_short,dist_hod_atr,train,2,67,0.259,0.028,0.095
exhaustion_short,dist_hod_atr,train,3,66,0.233,0.095,0.315
exhaustion_short,dist_hod_atr,train,4,67,0.281,0.315,1.133
exhaustion_short,dist_hod_atr,valid,0,13,0.172,0.0,0.011
exhaustion_short,dist_hod_atr,valid,1,9,0.337,0.011,0.028
exhaustion_short,dist_hod_atr,valid,2,10,0.005,0.028,0.095
exhaustion_short,dist_hod_atr,valid,3,8,0.031,0.095,0.315
exhaustion_short,dist_hod_atr,valid,4,9,0.102,0.315,1.133
exhaustion_short,dist_lod_atr,train,0,67,0.261,0.163,0.493
exhaustion_short,dist_lod_atr,train,1,66,0.319,0.493,0.649
exhaustion_short,dist_lod_atr,train,2,67,0.232,0.649,0.811
exhaustion_short,dist_lod_atr,train,3,66,0.392,0.811,1.043
exhaustion_short,dist_lod_atr,train,4,67,0.155,1.043,3.901
exhaustion_short,dist_lod_atr,valid,0,6,0.026,0.163,0.493
exhaustion_short,dist_lod_atr,valid,1,8,0.526,0.493,0.649
exhaustion_short,dist_lod_atr,valid,2,8,-0.075,0.649,0.811
exhaustion_short,dist_lod_atr,valid,3,10,0.181,0.811,1.043
exhaustion_short,dist_lod_atr,valid,4,19,0.107,1.043,3.901
exhaustion_short,sma20_dist_pct,train,0,67,0.047,1.004,1.118
exhaustion_short,sma20_dist_pct,train,1,66,0.201,1.118,1.281
exhaustion_short,sma20_dist_pct,train,2,67,0.275,1.281,1.617
exhaustion_short,sma20_dist_pct,train,3,66,0.416,1.617,1.977
exhaustion_short,sma20_dist_pct,train,4,67,0.418,1.977,4.76
exhaustion_short,sma20_dist_pct,valid,0,9,0.262,1.004,1.118
exhaustion_short,sma20_dist_pct,valid,1,11,-0.34,1.118,1.281
exhaustion_short,sma20_dist_pct,valid,2,17,0.259,1.281,1.617
exhaustion_short,sma20_dist_pct,valid,3,9,0.381,1.617,1.977
exhaustion_short,sma20_dist_pct,valid,4,5,0.233,1.977,4.76
exhaustion_short,sma20_slope_pct,train,0,67,0.326,-0.227,0.3
exhaustion_short,sma20_slope_pct,train,1,66,0.12,0.3,0.472
exhaustion_short,sma20_slope_pct,train,2,67,0.142,0.472,0.62
exhaustion_short,sma20_slope_pct,train,3,66,0.389,0.62,0.864
exhaustion_short,sma20_slope_pct,train,4,67,0.38,0.864,2.327
exhaustion_short,sma20_slope_pct,valid,0,9,0.142,-0.227,0.3
exhaustion_short,sma20_slope_pct,valid,1,15,0.003,0.3,0.472
exhaustion_short,sma20_slope_pct,valid,2,17,0.507,0.472,0.62
exhaustion_short,sma20_slope_pct,valid,3,4,-0.521,0.62,0.864
exhaustion_short,sma20_slope_pct,valid,4,5,-0.085,0.864,2.327
exhaustion_short,flow3,train,0,67,0.339,-0.398,0.468
exhaustion_short,flow3,train,1,66,0.168,0.468,0.937
exhaustion_short,flow3,train,2,200,0.283,0.937,1.0
exhaustion_short,flow3,valid,0,16,0.245,-0.398,0.468
exhaustion_short,flow3,valid,1,10,0.164,0.468,0.937
exhaustion_short,flow3,valid,2,25,0.082,0.937,1.0
exhaustion_short,pricePosition,train,0,67,0.145,0.702,0.916
exhaustion_short,pricePosition,train,1,66,0.285,0.916,0.951
exhaustion_short,pricePosition,train,2,67,0.297,0.951,0.971
exhaustion_short,pricePosition,train,3,66,0.374,0.971,0.987
exhaustion_short,pricePosition,train,4,67,0.256,0.987,1.0
exhaustion_short,pricePosition,valid,0,12,0.159,0.702,0.916
exhaustion_short,pricePosition,valid,1,12,0.067,0.916,0.951
exhaustion_short,pricePosition,valid,2,6,0.201,0.951,0.971
exhaustion_short,pricePosition,valid,3,12,0.038,0.971,0.987
exhaustion_short,pricePosition,valid,4,9,0.359,0.987,1.0
exhaustion_short,buyPressure,train,0,67,0.185,-0.244,0.167
exhaustion_short,buyPressure,train,1,66,0.377,0.167,0.272
exhaustion_short,buyPressure,train,2,67,0.305,0.272,0.385
exhaustion_short,buyPressure,train,3,66,0.323,0.385,0.485
exhaustion_short,buyPressure,train,4,67,0.168,0.485,0.882
exhaustion_short,buyPressure,valid,0,13,0.25,-0.244,0.167
exhaustion_short,buyPressure,valid,1,13,0.292,0.167,0.272
exhaustion_short,buyPressure,valid,2,8,0.149,0.272,0.385
exhaustion_short,buyPressure,valid,3,5,0.002,0.385,0.485
exhaustion_short,buyPressure,valid,4,12,-0.053,0.485,0.882
exhaustion_short,breadth_with_side,train,0,73,0.312,0.198,0.412
exhaustion_short,breadth_with_side,train,1,77,0.674,0.412,0.442
exhaustion_short,breadth_with_side,train,2,50,0.062,0.442,0.494
exhaustion_short,breadth_with_side,train,3,67,0.162,0.494,0.537
exhaustion_short,breadth_with_side,train,4,66,0.025,0.537,0.662
exhaustion_short,breadth_with_side,valid,0,24,0.207,0.198,0.412
exhaustion_short,breadth_with_side,valid,2,8,0.263,0.442,0.494
exhaustion_short,breadth_with_side,valid,3,1,0.584,0.494,0.537
exhaustion_short,breadth_with_side,valid,4,12,-0.04,0.537,0.662
exhaustion_short,mkt_with_side,train,0,72,0.429,-1.242,-0.464
exhaustion_short,mkt_with_side,train,1,75,0.585,-0.464,-0.286
exhaustion_short,mkt_with_side,train,2,53,0.081,-0.286,-0.02
exhaustion_short,mkt_with_side,train,3,66,0.188,-0.02,0.153
exhaustion_short,mkt_with_side,train,4,67,-0.016,0.153,0.566
exhaustion_short,mkt_with_side,valid,0,6,0.241,-1.242,-0.464
exhaustion_short,mkt_with_side,valid,1,16,0.155,-0.464,-0.286
exhaustion_short,mkt_with_side,valid,2,10,0.315,-0.286,-0.02
exhaustion_short,mkt_with_side,valid,3,4,-0.29,-0.02,0.153
exhaustion_short,mkt_with_side,valid,4,14,0.199,0.153,0.566
exhaustion_short,port_pnl_at_entry,train,0,70,0.375,-869.743,-343.668
exhaustion_short,port_pnl_at_entry,train,1,63,0.188,-343.668,79.185
exhaustion_short,port_pnl_at_entry,train,2,67,0.096,79.185,329.501
exhaustion_short,port_pnl_at_entry,train,3,86,0.281,329.501,1242.038
exhaustion_short,port_pnl_at_entry,train,4,47,0.46,1242.038,1682.784
exhaustion_short,port_pnl_at_entry,valid,1,30,0.079,-343.668,79.185
exhaustion_short,port_pnl_at_entry,valid,2,20,0.241,79.185,329.501
exhaustion_short,port_pnl_at_entry,valid,3,1,0.418,329.501,1242.038
exhaustion_short,setup_closed_r_at_entry,train,0,81,0.392,-4.299,-0.793
exhaustion_short,setup_closed_r_at_entry,train,1,219,0.185,-0.793,0.0
exhaustion_short,setup_closed_r_at_entry,train,2,33,0.547,0.0,4.421
exhaustion_short,setup_closed_r_at_entry,valid,0,2,0.316,-4.299,-0.793
exhaustion_short,setup_closed_r_at_entry,valid,1,35,0.136,-0.793,0.0
exhaustion_short,setup_closed_r_at_entry,valid,2,14,0.158,0.0,4.421
exhaustion_short,open_same_side_at_entry,train,0,82,0.181,0.0,4.0
exhaustion_short,open_same_side_at_entry,train,1,81,0.103,4.0,8.0
exhaustion_short,open_same_side_at_entry,train,2,44,-0.02,8.0,13.0
exhaustion_short,open_same_side_at_entry,train,3,74,0.441,13.0,29.0
exhaustion_short,open_same_side_at_entry,train,4,52,0.68,29.0,55.0
exhaustion_short,open_same_side_at_entry,valid,0,20,0.278,0.0,4.0
exhaustion_short,open_same_side_at_entry,valid,1,24,-0.086,4.0,8.0
exhaustion_short,open_same_side_at_entry,valid,2,7,0.587,8.0,13.0
exhaustion_short,m0,train,0,92,0.312,210.0,220.0
exhaustion_short,m0,train,1,45,0.058,220.0,235.0
exhaustion_short,m0,train,2,75,0.104,235.0,275.0
exhaustion_short,m0,train,3,55,0.065,275.0,310.0
exhaustion_short,m0,train,4,66,0.722,310.0,330.0
exhaustion_short,m0,valid,0,14,-0.038,210.0,220.0
exhaustion_short,m0,valid,1,7,0.331,220.0,235.0
exhaustion_short,m0,valid,2,21,0.223,235.0,275.0
exhaustion_short,m0,valid,3,4,0.127,275.0,310.0
exhaustion_short,m0,valid,4,5,0.125,310.0,330.0
heat_fade_long,rsi,train,0,97,0.105,0.0,14.791
heat_fade_long,rsi,train,1,97,0.077,14.791,18.035
heat_fade_long,rsi,train,2,96,-0.008,18.035,20.08
heat_fade_long,rsi,train,3,97,0.106,20.08,25.54
heat_fade_long,rsi,train,4,97,0.271,25.54,47.682
heat_fade_long,rsi,valid,0,28,-0.093,0.0,14.791
heat_fade_long,rsi,valid,1,28,-0.225,14.791,18.035
heat_fade_long,rsi,valid,2,24,-0.127,18.035,20.08
heat_fade_long,rsi,valid,3,22,0.169,20.08,25.54
heat_fade_long,rsi,valid,4,6,0.31,25.54,47.682
heat_fade_long,rsi5,train,0,97,0.157,0.0,0.091
heat_fade_long,rsi5,train,1,97,0.068,0.091,8.171
heat_fade_long,rsi5,train,2,96,0.078,8.171,16.918
heat_fade_long,rsi5,train,3,97,0.141,16.918,27.967
heat_fade_long,rsi5,train,4,97,0.106,27.967,78.906
heat_fade_long,rsi5,valid,0,20,0.055,0.0,0.091
heat_fade_long,rsi5,valid,1,30,-0.339,0.091,8.171
heat_fade_long,rsi5,valid,2,22,-0.045,8.171,16.918
heat_fade_long,rsi5,valid,3,16,-0.126,16.918,27.967
heat_fade_long,rsi5,valid,4,19,0.353,27.967,78.906
heat_fade_long,momentum,train,0,97,0.092,-7.599,-1.865
heat_fade_long,momentum,train,1,97,0.404,-1.865,-1.299
heat_fade_long,momentum,train,2,96,0.054,-1.299,-0.961
heat_fade_long,momentum,train,3,97,0.009,-0.961,-0.628
heat_fade_long,momentum,train,4,97,-0.008,-0.628,0.498
heat_fade_long,momentum,valid,0,14,-0.121,-7.599,-1.865
heat_fade_long,momentum,valid,1,16,0.061,-1.865,-1.299
heat_fade_long,momentum,valid,2,20,-0.189,-1.299,-0.961
heat_fade_long,momentum,valid,3,26,-0.12,-0.961,-0.628
heat_fade_long,momentum,valid,4,32,0.038,-0.628,0.498
heat_fade_long,vwapDistPct,train,0,97,0.362,-9.195,-3.31
heat_fade_long,vwapDistPct,train,1,97,0.216,-3.31,-2.31
heat_fade_long,vwapDistPct,train,2,96,0.008,-2.31,-1.61
heat_fade_long,vwapDistPct,train,3,97,-0.015,-1.61,-1.23
heat_fade_long,vwapDistPct,train,4,97,-0.021,-1.23,-0.489
heat_fade_long,vwapDistPct,valid,0,10,-0.126,-9.195,-3.31
heat_fade_long,vwapDistPct,valid,1,11,-0.173,-3.31,-2.31
heat_fade_long,vwapDistPct,valid,2,31,0.058,-2.31,-1.61
heat_fade_long,vwapDistPct,valid,3,24,-0.189,-1.61,-1.23
heat_fade_long,vwapDistPct,valid,4,32,-0.016,-1.23,-0.489
heat_fade_long,fromOpen,train,0,97,0.272,-27.572,-6.944
heat_fade_long,fromOpen,train,1,97,0.273,-6.944,-4.083
heat_fade_long,fromOpen,train,2,96,-0.033,-4.083,-2.938
heat_fade_long,fromOpen,train,3,97,0.012,-2.938,-2.037
heat_fade_long,fromOpen,train,4,97,0.025,-2.037,0.163
heat_fade_long,fromOpen,valid,0,6,-0.059,-27.572,-6.944
heat_fade_long,fromOpen,valid,1,21,0.358,-6.944,-4.083
heat_fade_long,fromOpen,valid,2,23,-0.149,-4.083,-2.938
heat_fade_long,fromOpen,valid,3,31,-0.194,-2.938,-2.037
heat_fade_long,fromOpen,valid,4,26,-0.12,-2.037,0.163
heat_fade_long,gap,train,0,97,0.095,0.007,0.448
heat_fade_long,gap,train,1,97,0.139,0.448,1.061
heat_fade_long,gap,train,2,96,0.091,1.061,1.769
heat_fade_long,gap,train,3,97,0.068,1.769,3.25
heat_fade_long,gap,train,4,97,0.158,3.25,36.194
heat_fade_long,gap,valid,0,29,-0.179,0.007,0.448
heat_fade_long,gap,valid,1,28,0.178,0.448,1.061
heat_fade_long,gap,valid,2,18,-0.387,1.061,1.769
heat_fade_long,gap,valid,3,19,-0.122,1.769,3.25
heat_fade_long,gap,valid,4,14,0.221,3.25,36.194
heat_fade_long,volumeRatio,train,0,97,-0.008,0.166,0.566
heat_fade_long,volumeRatio,train,1,97,0.157,0.566,0.754
heat_fade_long,volumeRatio,train,2,96,0.089,0.754,0.947
heat_fade_long,volumeRatio,train,3,97,0.274,0.947,1.315
heat_fade_long,volumeRatio,train,4,97,0.038,1.315,8.628
heat_fade_long,volumeRatio,valid,0,19,-0.284,0.166,0.566
heat_fade_long,volumeRatio,valid,1,25,-0.042,0.566,0.754
heat_fade_long,volumeRatio,valid,2,14,0.16,0.754,0.947
heat_fade_long,volumeRatio,valid,3,24,-0.021,0.947,1.315
heat_fade_long,volumeRatio,valid,4,26,-0.065,1.315,8.628
heat_fade_long,atrPct,train,0,97,-0.108,0.144,0.311
heat_fade_long,atrPct,train,1,97,0.036,0.311,0.464
heat_fade_long,atrPct,train,2,96,0.256,0.464,0.678
heat_fade_long,atrPct,train,3,97,0.179,0.678,1.003
heat_fade_long,atrPct,train,4,97,0.189,1.003,3.632
heat_fade_long,atrPct,valid,0,28,-0.094,0.144,0.311
heat_fade_long,atrPct,valid,1,35,-0.117,0.311,0.464
heat_fade_long,atrPct,valid,2,20,-0.008,0.464,0.678
heat_fade_long,atrPct,valid,3,20,0.087,0.678,1.003
heat_fade_long,atrPct,valid,4,5,-0.248,1.003,3.632
heat_fade_long,heat,train,0,97,0.15,-51.517,-10.954
heat_fade_long,heat,train,1,97,0.335,-10.954,3.264
heat_fade_long,heat,train,2,96,0.111,3.264,12.585
heat_fade_long,heat,train,3,97,0.022,12.585,19.901
heat_fade_long,heat,train,4,97,-0.067,19.901,54.205
heat_fade_long,heat,valid,0,4,0.256,-51.517,-10.954
heat_fade_long,heat,valid,1,21,-0.089,-10.954,3.264
heat_fade_long,heat,valid,2,24,-0.249,3.264,12.585
heat_fade_long,heat,valid,3,33,0.082,12.585,19.901
heat_fade_long,heat,valid,4,26,-0.088,19.901,54.205
heat_fade_long,dist_hod_atr,train,0,97,0.058,0.185,0.602
heat_fade_long,dist_hod_atr,train,1,97,0.214,0.602,0.753
heat_fade_long,dist_hod_atr,train,2,96,0.088,0.753,0.921
heat_fade_long,dist_hod_atr,train,3,97,0.142,0.921,1.14
heat_fade_long,dist_hod_atr,train,4,97,0.049,1.14,3.186
heat_fade_long,dist_hod_atr,valid,0,20,0.007,0.185,0.602
heat_fade_long,dist_hod_atr,valid,1,16,-0.242,0.602,0.753
heat_fade_long,dist_hod_atr,valid,2,21,-0.14,0.753,0.921
heat_fade_long,dist_hod_atr,valid,3,19,-0.112,0.921,1.14
heat_fade_long,dist_hod_atr,valid,4,32,0.075,1.14,3.186
heat_fade_long,dist_lod_atr,train,0,97,0.19,0.0,0.008
heat_fade_long,dist_lod_atr,train,1,97,0.258,0.008,0.019
heat_fade_long,dist_lod_atr,train,2,96,0.093,0.019,0.041
heat_fade_long,dist_lod_atr,train,3,97,0.118,0.041,0.076
heat_fade_long,dist_lod_atr,train,4,97,-0.108,0.076,0.565
heat_fade_long,dist_lod_atr,valid,0,16,0.245,0.0,0.008
heat_fade_long,dist_lod_atr,valid,1,23,-0.119,0.008,0.019
heat_fade_long,dist_lod_atr,valid,2,23,-0.327,0.019,0.041
heat_fade_long,dist_lod_atr,valid,3,25,-0.134,0.041,0.076
heat_fade_long,dist_lod_atr,valid,4,21,0.157,0.076,0.565
heat_fade_long,sma20_dist_pct,train,0,97,0.169,-7.091,-2.316
heat_fade_long,sma20_dist_pct,train,1,97,0.224,-2.316,-1.7
heat_fade_long,sma20_dist_pct,train,2,96,0.251,-1.7,-1.241
heat_fade_long,sma20_dist_pct,train,3,97,-0.112,-1.241,-0.899
heat_fade_long,sma20_dist_pct,train,4,97,0.02,-0.899,-0.26
heat_fade_long,sma20_dist_pct,valid,0,14,0.043,-7.091,-2.316
heat_fade_long,sma20_dist_pct,valid,1,15,0.02,-2.316,-1.7
heat_fade_long,sma20_dist_pct,valid,2,21,-0.21,-1.7,-1.241
heat_fade_long,sma20_dist_pct,valid,3,30,0.009,-1.241,-0.899
heat_fade_long,sma20_dist_pct,valid,4,28,-0.112,-0.899,-0.26
heat_fade_long,sma20_slope_pct,train,0,97,0.183,-3.147,-0.755
heat_fade_long,sma20_slope_pct,train,1,97,0.254,-0.755,-0.444
heat_fade_long,sma20_slope_pct,train,2,96,0.076,-0.444,-0.291
heat_fade_long,sma20_slope_pct,train,3,97,0.067,-0.291,-0.148
heat_fade_long,sma20_slope_pct,train,4,97,-0.031,-0.148,5.838
heat_fade_long,sma20_slope_pct,valid,0,13,0.183,-3.147,-0.755
heat_fade_long,sma20_slope_pct,valid,1,24,0.093,-0.755,-0.444
heat_fade_long,sma20_slope_pct,valid,2,23,-0.062,-0.444,-0.291
heat_fade_long,sma20_slope_pct,valid,3,36,-0.145,-0.291,-0.148
heat_fade_long,sma20_slope_pct,valid,4,12,-0.363,-0.148,5.838
heat_fade_long,flow3,train,0,290,0.128,-1.0,-0.494
heat_fade_long,flow3,train,1,97,0.096,-0.494,-0.302
heat_fade_long,flow3,train,2,97,0.07,-0.302,1.0
heat_fade_long,flow3,valid,0,62,-0.107,-1.0,-0.494
heat_fade_long,flow3,valid,1,23,0.26,-0.494,-0.302
heat_fade_long,flow3,valid,2,23,-0.25,-0.302,1.0
heat_fade_long,pricePosition,train,0,98,0.137,0.0,0.013
heat_fade_long,pricePosition,train,1,96,0.244,0.013,0.031
heat_fade_long,pricePosition,train,2,96,0.213,0.031,0.054
heat_fade_long,pricePosition,train,3,97,0.037,0.054,0.092
heat_fade_long,pricePosition,train,4,97,-0.079,0.092,0.677
heat_fade_long,pricePosition,valid,0,16,0.062,0.0,0.013
heat_fade_long,pricePosition,valid,1,25,-0.014,0.013,0.031
heat_fade_long,pricePosition,valid,2,24,-0.228,0.031,0.054
heat_fade_long,pricePosition,valid,3,23,-0.196,0.054,0.092
heat_fade_long,pricePosition,valid,4,20,0.148,0.092,0.677
heat_fade_long,buyPressure,train,0,97,0.078,-0.859,-0.439
heat_fade_long,buyPressure,train,1,97,0.135,-0.439,-0.333
heat_fade_long,buyPressure,train,2,96,0.015,-0.333,-0.22
heat_fade_long,buyPressure,train,3,97,0.223,-0.22,-0.109
heat_fade_long,buyPressure,train,4,97,0.099,-0.109,0.248
heat_fade_long,buyPressure,valid,0,26,0.224,-0.859,-0.439
heat_fade_long,buyPressure,valid,1,16,-0.21,-0.439,-0.333
heat_fade_long,buyPressure,valid,2,31,0.019,-0.333,-0.22
heat_fade_long,buyPressure,valid,3,16,-0.279,-0.22,-0.109
heat_fade_long,buyPressure,valid,4,17,-0.255,-0.109,0.248
heat_fade_long,breadth_with_side,train,0,97,0.261,0.299,0.367
heat_fade_long,breadth_with_side,train,1,97,0.393,0.367,0.433
heat_fade_long,breadth_with_side,train,2,96,0.096,0.433,0.497
heat_fade_long,breadth_with_side,train,3,101,-0.023,0.497,0.537
heat_fade_long,breadth_with_side,train,4,93,-0.184,0.537,0.796
heat_fade_long,breadth_with_side,valid,0,14,-0.001,0.299,0.367
heat_fade_long,breadth_with_side,valid,1,11,0.052,0.367,0.433
heat_fade_long,breadth_with_side,valid,2,9,0.111,0.433,0.497
heat_fade_long,breadth_with_side,valid,3,13,0.516,0.497,0.537
heat_fade_long,breadth_with_side,valid,4,21,0.002,0.537,0.796
heat_fade_long,mkt_with_side,train,0,97,0.286,-0.756,-0.423
heat_fade_long,mkt_with_side,train,1,100,0.451,-0.423,-0.237
heat_fade_long,mkt_with_side,train,2,95,-0.008,-0.237,0.0
heat_fade_long,mkt_with_side,train,3,102,-0.054,0.0,0.122
heat_fade_long,mkt_with_side,train,4,90,-0.147,0.122,1.14
heat_fade_long,mkt_with_side,valid,0,48,-0.299,-0.756,-0.423
heat_fade_long,mkt_with_side,valid,1,4,0.216,-0.423,-0.237
heat_fade_long,mkt_with_side,valid,2,18,0.021,-0.237,0.0
heat_fade_long,mkt_with_side,valid,3,17,0.571,0.0,0.122
heat_fade_long,mkt_with_side,valid,4,17,-0.174,0.122,1.14
heat_fade_long,port_pnl_at_entry,train,0,97,0.603,-1302.048,-187.186
heat_fade_long,port_pnl_at_entry,train,1,97,-0.021,-187.186,-1.892
heat_fade_long,port_pnl_at_entry,train,2,97,-0.155,-1.892,107.351
heat_fade_long,port_pnl_at_entry,train,3,96,0.019,107.351,227.826
heat_fade_long,port_pnl_at_entry,train,4,97,0.104,227.826,1075.968
heat_fade_long,port_pnl_at_entry,valid,1,22,0.118,-187.186,-1.892
heat_fade_long,port_pnl_at_entry,valid,2,46,-0.05,-1.892,107.351
heat_fade_long,port_pnl_at_entry,valid,3,36,-0.216,107.351,227.826
heat_fade_long,port_pnl_at_entry,valid,4,4,0.275,227.826,1075.968
heat_fade_long,setup_closed_r_at_entry,train,0,98,0.414,-19.641,-1.133
heat_fade_long,setup_closed_r_at_entry,train,1,316,0.046,-1.133,0.0
heat_fade_long,setup_closed_r_at_entry,train,2,70,-0.026,0.0,5.465
heat_fade_long,setup_closed_r_at_entry,valid,0,10,0.274,-19.641,-1.133
heat_fade_long,setup_closed_r_at_entry,valid,1,80,-0.147,-1.133,0.0
heat_fade_long,setup_closed_r_at_entry,valid,2,18,0.147,0.0,5.465
heat_fade_long,open_same_side_at_entry,train,0,98,-0.069,0.0,3.0
heat_fade_long,open_same_side_at_entry,train,1,119,0.016,3.0,7.0
heat_fade_long,open_same_side_at_entry,train,2,87,0.075,7.0,11.0
heat_fade_long,open_same_side_at_entry,train,3,97,0.055,11.0,19.0
heat_fade_long,open_same_side_at_entry,train,4,83,0.559,19.0,51.0
heat_fade_long,open_same_side_at_entry,valid,0,24,-0.303,0.0,3.0
heat_fade_long,open_same_side_at_entry,valid,1,44,0.062,3.0,7.0
heat_fade_long,open_same_side_at_entry,valid,2,22,-0.3,7.0,11.0
heat_fade_long,open_same_side_at_entry,valid,3,18,0.263,11.0,19.0
heat_fade_long,m0,train,0,97,-0.006,95.0,98.0
heat_fade_long,m0,train,1,98,0.017,98.0,115.0
heat_fade_long,m0,train,2,104,0.186,115.0,155.0
heat_fade_long,m0,train,3,91,0.535,155.0,170.0
heat_fade_long,m0,train,4,94,-0.169,170.0,240.0
heat_fade_long,m0,valid,0,18,0.128,95.0,98.0
heat_fade_long,m0,valid,1,25,-0.352,98.0,115.0
heat_fade_long,m0,valid,2,32,-0.01,115.0,155.0
heat_fade_long,m0,valid,3,11,-0.015,155.0,170.0
heat_fade_long,m0,valid,4,22,0.027,170.0,240.0
heat_fade_short,rsi,train,0,104,0.247,28.504,63.072
heat_fade_short,rsi,train,1,104,0.17,63.072,69.692
heat_fade_short,rsi,train,2,104,-0.069,69.692,77.33
heat_fade_short,rsi,train,3,104,-0.228,77.33,83.051
heat_fade_short,rsi,train,4,104,0.115,83.051,97.289
heat_fade_short,rsi,valid,0,53,0.291,28.504,63.072
heat_fade_short,rsi,valid,1,24,0.081,63.072,69.692
heat_fade_short,rsi,valid,2,22,0.608,69.692,77.33
heat_fade_short,rsi,valid,3,29,-0.213,77.33,83.051
heat_fade_short,rsi,valid,4,13,0.069,83.051,97.289
heat_fade_short,rsi5,train,0,104,-0.005,0.0,65.085
heat_fade_short,rsi5,train,1,104,0.201,65.085,76.431
heat_fade_short,rsi5,train,2,104,0.039,76.431,84.319
heat_fade_short,rsi5,train,3,104,-0.099,84.319,91.374
heat_fade_short,rsi5,train,4,104,0.099,91.374,100.0
heat_fade_short,rsi5,valid,0,28,0.218,0.0,65.085
heat_fade_short,rsi5,valid,1,34,0.356,65.085,76.431
heat_fade_short,rsi5,valid,2,36,-0.085,76.431,84.319
heat_fade_short,rsi5,valid,3,25,0.341,84.319,91.374
heat_fade_short,rsi5,valid,4,18,0.096,91.374,100.0
heat_fade_short,momentum,train,0,104,0.078,-0.388,0.938
heat_fade_short,momentum,train,1,104,0.284,0.938,1.53
heat_fade_short,momentum,train,2,104,0.146,1.53,2.32
heat_fade_short,momentum,train,3,104,-0.08,2.32,3.92
heat_fade_short,momentum,train,4,104,-0.192,3.92,31.972
heat_fade_short,momentum,valid,0,40,0.102,-0.388,0.938
heat_fade_short,momentum,valid,1,35,0.237,0.938,1.53
heat_fade_short,momentum,valid,2,31,0.305,1.53,2.32
heat_fade_short,momentum,valid,3,21,0.294,2.32,3.92
heat_fade_short,momentum,valid,4,14,-0.185,3.92,31.972
heat_fade_short,vwapDistPct,train,0,104,-0.128,-5.837,-0.259
heat_fade_short,vwapDistPct,train,1,104,-0.085,-0.259,0.002
heat_fade_short,vwapDistPct,train,2,104,0.137,0.002,0.256
heat_fade_short,vwapDistPct,train,3,104,0.14,0.256,0.609
heat_fade_short,vwapDistPct,train,4,104,0.171,0.609,3.894
heat_fade_short,vwapDistPct,valid,0,18,-0.163,-5.837,-0.259
heat_fade_short,vwapDistPct,valid,1,31,0.139,-0.259,0.002
heat_fade_short,vwapDistPct,valid,2,19,0.417,0.002,0.256
heat_fade_short,vwapDistPct,valid,3,32,0.163,0.256,0.609
heat_fade_short,vwapDistPct,valid,4,41,0.266,0.609,3.894
heat_fade_short,fromOpen,train,0,104,0.081,-9.416,-1.068
heat_fade_short,fromOpen,train,1,104,0.106,-1.068,-0.441
heat_fade_short,fromOpen,train,2,104,0.072,-0.441,-0.232
heat_fade_short,fromOpen,train,3,104,-0.033,-0.232,-0.091
heat_fade_short,fromOpen,train,4,104,0.009,-0.091,-0.006
heat_fade_short,fromOpen,valid,0,22,0.227,-9.416,-1.068
heat_fade_short,fromOpen,valid,1,43,0.127,-1.068,-0.441
heat_fade_short,fromOpen,valid,2,18,0.5,-0.441,-0.232
heat_fade_short,fromOpen,valid,3,31,0.011,-0.232,-0.091
heat_fade_short,fromOpen,valid,4,27,0.208,-0.091,-0.006
heat_fade_short,gap,train,0,104,0.082,-4.451,1.243
heat_fade_short,gap,train,1,104,0.271,1.243,2.185
heat_fade_short,gap,train,2,104,0.131,2.185,3.487
heat_fade_short,gap,train,3,104,-0.109,3.487,6.101
heat_fade_short,gap,train,4,104,-0.14,6.101,36.194
heat_fade_short,gap,valid,0,39,0.142,-4.451,1.243
heat_fade_short,gap,valid,1,40,0.155,1.243,2.185
heat_fade_short,gap,valid,2,26,0.217,2.185,3.487
heat_fade_short,gap,valid,3,23,0.417,3.487,6.101
heat_fade_short,gap,valid,4,13,-0.116,6.101,36.194
heat_fade_short,volumeRatio,train,0,104,0.23,0.189,0.641
heat_fade_short,volumeRatio,train,1,104,0.07,0.641,0.827
heat_fade_short,volumeRatio,train,2,104,-0.069,0.827,1.093
heat_fade_short,volumeRatio,train,3,104,-0.011,1.093,1.453
heat_fade_short,volumeRatio,train,4,104,0.016,1.453,3.142
heat_fade_short,volumeRatio,valid,0,27,-0.067,0.189,0.641
heat_fade_short,volumeRatio,valid,1,20,0.252,0.641,0.827
heat_fade_short,volumeRatio,valid,2,33,0.366,0.827,1.093
heat_fade_short,volumeRatio,valid,3,24,0.265,1.093,1.453
heat_fade_short,volumeRatio,valid,4,35,0.168,1.453,3.142
heat_fade_short,atrPct,train,0,104,0.079,0.104,0.45
heat_fade_short,atrPct,train,1,104,0.156,0.45,0.602
heat_fade_short,atrPct,train,2,104,-0.03,0.602,0.87
heat_fade_short,atrPct,train,3,104,0.098,0.87,1.393
heat_fade_short,atrPct,train,4,104,-0.067,1.393,5.379
heat_fade_short,atrPct,valid,0,34,0.125,0.104,0.45
heat_fade_short,atrPct,valid,1,23,0.004,0.45,0.602
heat_fade_short,atrPct,valid,2,40,0.143,0.602,0.87
heat_fade_short,atrPct,valid,3,30,0.372,0.87,1.393
heat_fade_short,atrPct,valid,4,14,0.3,1.393,5.379
heat_fade_short,heat,train,0,104,0.008,-43.623,-2.48
heat_fade_short,heat,train,1,104,0.04,-2.48,12.321
heat_fade_short,heat,train,2,104,-0.122,12.321,22.838
heat_fade_short,heat,train,3,104,0.182,22.838,35.605
heat_fade_short,heat,train,4,104,0.126,35.605,68.23
heat_fade_short,heat,valid,0,20,-0.018,-43.623,-2.48
heat_fade_short,heat,valid,1,38,0.11,-2.48,12.321
heat_fade_short,heat,valid,2,35,0.135,12.321,22.838
heat_fade_short,heat,valid,3,25,0.238,22.838,35.605
heat_fade_short,heat,valid,4,22,0.451,35.605,68.23
heat_fade_short,dist_hod_atr,train,0,104,0.064,0.011,0.099
heat_fade_short,dist_hod_atr,train,1,104,-0.022,0.099,0.154
heat_fade_short,dist_hod_atr,train,2,104,0.044,0.154,0.214
heat_fade_short,dist_hod_atr,train,3,104,0.106,0.214,0.326
heat_fade_short,dist_hod_atr,train,4,104,0.044,0.326,1.454
heat_fade_short,dist_hod_atr,valid,0,28,0.317,0.011,0.099
heat_fade_short,dist_hod_atr,valid,1,31,0.271,0.099,0.154
heat_fade_short,dist_hod_atr,valid,2,22,0.052,0.154,0.214
heat_fade_short,dist_hod_atr,valid,3,34,0.189,0.214,0.326
heat_fade_short,dist_hod_atr,valid,4,24,0.026,0.326,1.454
heat_fade_short,dist_lod_atr,train,0,104,-0.218,0.017,0.097
heat_fade_short,dist_lod_atr,train,1,104,0.123,0.097,0.176
heat_fade_short,dist_lod_atr,train,2,104,0.202,0.176,0.232
heat_fade_short,dist_lod_atr,train,3,104,0.008,0.232,0.357
heat_fade_short,dist_lod_atr,train,4,104,0.121,0.357,1.283
heat_fade_short,dist_lod_atr,valid,0,16,-0.236,0.017,0.097
heat_fade_short,dist_lod_atr,valid,1,13,0.623,0.097,0.176
heat_fade_short,dist_lod_atr,valid,2,25,0.178,0.176,0.232
heat_fade_short,dist_lod_atr,valid,3,40,0.164,0.232,0.357
heat_fade_short,dist_lod_atr,valid,4,47,0.215,0.357,1.283
heat_fade_short,sma20_dist_pct,train,0,104,0.067,-1.999,0.806
heat_fade_short,sma20_dist_pct,train,1,104,0.247,0.806,1.414
heat_fade_short,sma20_dist_pct,train,2,104,0.162,1.414,2.243
heat_fade_short,sma20_dist_pct,train,3,104,-0.044,2.243,3.779
heat_fade_short,sma20_dist_pct,train,4,104,-0.196,3.779,24.736
heat_fade_short,sma20_dist_pct,valid,0,44,0.253,-1.999,0.806
heat_fade_short,sma20_dist_pct,valid,1,37,0.171,0.806,1.414
heat_fade_short,sma20_dist_pct,valid,2,26,0.208,1.414,2.243
heat_fade_short,sma20_dist_pct,valid,3,17,0.133,2.243,3.779
heat_fade_short,sma20_dist_pct,valid,4,17,0.019,3.779,24.736
heat_fade_short,sma20_slope_pct,train,0,104,0.106,-2.134,0.138
heat_fade_short,sma20_slope_pct,train,1,104,0.269,0.138,0.346
heat_fade_short,sma20_slope_pct,train,2,104,0.011,0.346,0.59
heat_fade_short,sma20_slope_pct,train,3,104,-0.076,0.59,1.139
heat_fade_short,sma20_slope_pct,train,4,104,-0.075,1.139,9.281
heat_fade_short,sma20_slope_pct,valid,0,52,0.283,-2.134,0.138
heat_fade_short,sma20_slope_pct,valid,1,26,0.299,0.138,0.346
heat_fade_short,sma20_slope_pct,valid,2,22,-0.048,0.346,0.59
heat_fade_short,sma20_slope_pct,valid,3,23,0.205,0.59,1.139
heat_fade_short,sma20_slope_pct,valid,4,18,-0.041,1.139,9.281
heat_fade_short,flow3,train,0,104,-0.067,-1.0,-0.413
heat_fade_short,flow3,train,1,104,-0.02,-0.413,-0.024
heat_fade_short,flow3,train,2,104,0.203,-0.024,0.33
heat_fade_short,flow3,train,3,104,0.03,0.33,0.519
heat_fade_short,flow3,train,4,104,0.09,0.519,1.0
heat_fade_short,flow3,valid,0,24,0.051,-1.0,-0.413
heat_fade_short,flow3,valid,1,19,0.284,-0.413,-0.024
heat_fade_short,flow3,valid,2,34,0.137,-0.024,0.33
heat_fade_short,flow3,valid,3,26,0.445,0.33,0.519
heat_fade_short,flow3,valid,4,38,0.068,0.519,1.0
heat_fade_short,pricePosition,train,0,104,0.078,0.318,0.638
heat_fade_short,pricePosition,train,1,104,0.214,0.638,0.728
heat_fade_short,pricePosition,train,2,104,-0.011,0.728,0.801
heat_fade_short,pricePosition,train,3,104,-0.04,0.801,0.856
heat_fade_short,pricePosition,train,4,104,-0.006,0.856,0.985
heat_fade_short,pricePosition,valid,0,29,0.414,0.318,0.638
heat_fade_short,pricePosition,valid,1,34,0.267,0.638,0.728
heat_fade_short,pricePosition,valid,2,29,-0.056,0.728,0.801
heat_fade_short,pricePosition,valid,3,30,-0.003,0.801,0.856
heat_fade_short,pricePosition,valid,4,19,0.32,0.856,0.985
heat_fade_short,buyPressure,train,0,104,-0.181,-0.682,-0.273
heat_fade_short,buyPressure,train,1,104,0.009,-0.273,-0.108
heat_fade_short,buyPressure,train,2,104,0.106,-0.108,0.05
heat_fade_short,buyPressure,train,3,104,0.116,0.05,0.211
heat_fade_short,buyPressure,train,4,104,0.185,0.211,0.682
heat_fade_short,buyPressure,valid,0,30,0.485,-0.682,-0.273
heat_fade_short,buyPressure,valid,1,26,0.168,-0.273,-0.108
heat_fade_short,buyPressure,valid,2,26,0.481,-0.108,0.05
heat_fade_short,buyPressure,valid,3,29,-0.058,0.05,0.211
heat_fade_short,buyPressure,valid,4,29,-0.112,0.211,0.682
heat_fade_short,breadth_with_side,train,0,106,0.137,0.244,0.438
heat_fade_short,breadth_with_side,train,1,107,-0.069,0.438,0.487
heat_fade_short,breadth_with_side,train,2,99,-0.11,0.487,0.531
heat_fade_short,breadth_with_side,train,3,104,-0.144,0.531,0.582
heat_fade_short,breadth_with_side,train,4,104,0.415,0.582,0.797
heat_fade_short,breadth_with_side,valid,0,32,0.081,0.244,0.438
heat_fade_short,breadth_with_side,valid,2,18,0.363,0.487,0.531
heat_fade_short,breadth_with_side,valid,3,40,0.24,0.531,0.582
heat_fade_short,breadth_with_side,valid,4,51,0.132,0.582,0.797
heat_fade_short,mkt_with_side,train,0,108,0.117,-0.721,-0.136
heat_fade_short,mkt_with_side,train,1,109,-0.031,-0.136,-0.027
heat_fade_short,mkt_with_side,train,2,110,0.034,-0.027,0.057
heat_fade_short,mkt_with_side,train,3,122,-0.063,0.057,0.146
heat_fade_short,mkt_with_side,train,4,71,0.269,0.146,1.001
heat_fade_short,mkt_with_side,valid,0,32,0.081,-0.721,-0.136
heat_fade_short,mkt_with_side,valid,2,18,0.363,-0.027,0.057
heat_fade_short,mkt_with_side,valid,3,50,0.295,0.057,0.146
heat_fade_short,mkt_with_side,valid,4,41,0.038,0.146,1.001
heat_fade_short,port_pnl_at_entry,train,0,381,0.108,-277.876,0.0
heat_fade_short,port_pnl_at_entry,train,1,35,0.134,0.0,38.311
heat_fade_short,port_pnl_at_entry,train,2,104,-0.204,38.311,502.237
heat_fade_short,port_pnl_at_entry,valid,0,97,0.247,-277.876,0.0
heat_fade_short,port_pnl_at_entry,valid,1,13,0.293,0.0,38.311
heat_fade_short,port_pnl_at_entry,valid,2,31,-0.074,38.311,502.237
heat_fade_short,setup_closed_r_at_entry,train,0,413,0.107,-3.097,0.0
heat_fade_short,setup_closed_r_at_entry,train,1,4,-1.026,0.0,0.03
heat_fade_short,setup_closed_r_at_entry,train,2,103,-0.152,0.03,15.344
heat_fade_short,setup_closed_r_at_entry,valid,0,103,0.174,-3.097,0.0
heat_fade_short,setup_closed_r_at_entry,valid,2,29,0.006,0.03,15.344
heat_fade_short,open_same_side_at_entry,train,0,321,0.068,0.0,4.0
heat_fade_short,open_same_side_at_entry,train,1,106,0.287,4.0,11.0
heat_fade_short,open_same_side_at_entry,train,2,93,-0.299,11.0,53.0
heat_fade_short,open_same_side_at_entry,valid,0,75,0.17,0.0,4.0
heat_fade_short,open_same_side_at_entry,valid,1,48,0.296,4.0,11.0
heat_fade_short,open_same_side_at_entry,valid,2,18,-0.084,11.0,53.0
heat_fade_short,m0,train,0,340,0.074,20.0,25.0
heat_fade_short,m0,train,1,110,0.023,25.0,40.0
heat_fade_short,m0,train,2,70,-0.046,40.0,60.0
heat_fade_short,m0,valid,0,85,0.214,20.0,25.0
heat_fade_short,m0,valid,1,26,-0.036,25.0,40.0
heat_fade_short,m0,valid,2,30,0.272,40.0,60.0
orb20_a,rsi,train,0,42,0.221,2.715,16.292
orb20_a,rsi,train,1,42,0.158,16.292,44.672
orb20_a,rsi,train,2,41,-0.059,44.672,72.523
orb20_a,rsi,train,3,42,-0.014,72.523,88.503
orb20_a,rsi,train,4,42,-0.058,88.503,98.982
orb20_a,rsi,valid,0,21,-0.063,2.715,16.292
orb20_a,rsi,valid,1,31,-0.036,16.292,44.672
orb20_a,rsi,valid,2,15,0.336,44.672,72.523
orb20_a,rsi,valid,3,20,0.223,72.523,88.503
orb20_a,rsi,valid,4,13,-0.065,88.503,98.982
orb20_a,rsi5,train,0,42,0.097,0.0,9.744
orb20_a,rsi5,train,1,42,0.336,9.744,34.074
orb20_a,rsi5,train,2,41,-0.112,34.074,75.31
orb20_a,rsi5,train,3,42,0.035,75.31,95.577
orb20_a,rsi5,train,4,42,-0.108,95.577,100.0
orb20_a,rsi5,valid,0,20,-0.312,0.0,9.744
orb20_a,rsi5,valid,1,24,-0.025,9.744,34.074
orb20_a,rsi5,valid,2,19,0.601,34.074,75.31
orb20_a,rsi5,valid,3,21,-0.059,75.31,95.577
orb20_a,rsi5,valid,4,17,0.108,95.577,100.0
orb20_a,momentum,train,0,42,0.274,-26.445,-5.536
orb20_a,momentum,train,1,42,0.188,-5.536,-0.491
orb20_a,momentum,train,2,41,-0.068,-0.491,1.425
orb20_a,momentum,train,3,42,-0.08,1.425,8.983
orb20_a,momentum,train,4,42,-0.065,8.983,104.633
orb20_a,momentum,valid,0,16,-0.118,-26.445,-5.536
orb20_a,momentum,valid,1,33,-0.18,-5.536,-0.491
orb20_a,momentum,valid,2,13,0.509,-0.491,1.425
orb20_a,momentum,valid,3,24,0.099,1.425,8.983
orb20_a,momentum,valid,4,14,0.258,8.983,104.633
orb20_a,vwapDistPct,train,0,42,0.227,-9.171,-0.824
orb20_a,vwapDistPct,train,1,42,0.015,-0.824,-0.025
orb20_a,vwapDistPct,train,2,41,-0.126,-0.025,0.599
orb20_a,vwapDistPct,train,3,42,-0.034,0.599,1.727
orb20_a,vwapDistPct,train,4,42,0.165,1.727,5.891
orb20_a,vwapDistPct,valid,0,22,0.052,-9.171,-0.824
orb20_a,vwapDistPct,valid,1,20,0.053,-0.824,-0.025
orb20_a,vwapDistPct,valid,2,14,0.41,-0.025,0.599
orb20_a,vwapDistPct,valid,3,25,-0.265,0.599,1.727
orb20_a,vwapDistPct,valid,4,20,0.193,1.727,5.891
orb20_a,fromOpen,train,0,42,0.193,-18.471,-2.285
orb20_a,fromOpen,train,1,42,-0.094,-2.285,-0.066
orb20_a,fromOpen,train,2,41,-0.036,-0.066,1.487
orb20_a,fromOpen,train,3,42,0.103,1.487,4.329
orb20_a,fromOpen,train,4,42,0.083,4.329,19.58
orb20_a,fromOpen,valid,0,20,-0.023,-18.471,-2.285
orb20_a,fromOpen,valid,1,22,0.159,-2.285,-0.066
orb20_a,fromOpen,valid,2,18,-0.134,-0.066,1.487
orb20_a,fromOpen,valid,3,25,0.284,1.487,4.329
orb20_a,fromOpen,valid,4,16,-0.16,4.329,19.58
orb20_a,gap,train,0,42,0.338,-26.995,-4.365
orb20_a,gap,train,1,42,-0.261,-4.365,-0.442
orb20_a,gap,train,2,41,0.175,-0.442,1.239
orb20_a,gap,train,3,42,0.06,1.239,5.043
orb20_a,gap,train,4,42,-0.057,5.043,84.294
orb20_a,gap,valid,0,22,-0.155,-26.995,-4.365
orb20_a,gap,valid,1,29,-0.055,-4.365,-0.442
orb20_a,gap,valid,2,18,-0.043,-0.442,1.239
orb20_a,gap,valid,3,19,0.252,1.239,5.043
orb20_a,gap,valid,4,13,0.475,5.043,84.294
orb20_a,volumeRatio,train,0,42,0.156,0.056,0.948
orb20_a,volumeRatio,train,1,42,-0.164,0.948,1.424
orb20_a,volumeRatio,train,2,41,0.103,1.424,1.901
orb20_a,volumeRatio,train,3,42,0.198,1.901,2.553
orb20_a,volumeRatio,train,4,42,-0.041,2.553,15.138
orb20_a,volumeRatio,valid,0,22,0.041,0.056,0.948
orb20_a,volumeRatio,valid,1,24,-0.064,0.948,1.424
orb20_a,volumeRatio,valid,2,20,0.042,1.424,1.901
orb20_a,volumeRatio,valid,3,17,0.059,1.901,2.553
orb20_a,volumeRatio,valid,4,18,0.22,2.553,15.138
orb20_a,atrPct,train,0,42,0.014,0.111,0.52
orb20_a,atrPct,train,1,42,-0.047,0.52,0.82
orb20_a,atrPct,train,2,41,-0.091,0.82,1.334
orb20_a,atrPct,train,3,42,0.004,1.334,1.88
orb20_a,atrPct,train,4,42,0.368,1.88,7.408
orb20_a,atrPct,valid,0,18,0.472,0.111,0.52
orb20_a,atrPct,valid,1,26,-0.142,0.52,0.82
orb20_a,atrPct,valid,2,26,-0.136,0.82,1.334
orb20_a,atrPct,valid,3,19,-0.031,1.334,1.88
orb20_a,atrPct,valid,4,12,0.376,1.88,7.408
orb20_a,heat,train,0,42,0.186,-35.297,9.532
orb20_a,heat,train,1,42,0.373,9.532,19.543
orb20_a,heat,train,2,41,-0.154,19.543,27.592
orb20_a,heat,train,3,42,0.022,27.592,36.763
orb20_a,heat,train,4,42,-0.182,36.763,55.443
orb20_a,heat,valid,0,19,-0.243,-35.297,9.532
orb20_a,heat,valid,1,18,-0.112,9.532,19.543
orb20_a,heat,valid,2,20,0.348,19.543,27.592
orb20_a,heat,valid,3,29,0.214,27.592,36.763
orb20_a,heat,valid,4,15,-0.091,36.763,55.443
orb20_a,dist_hod_atr,train,0,42,0.111,0.0,0.086
orb20_a,dist_hod_atr,train,1,42,0.012,0.086,0.188
orb20_a,dist_hod_atr,train,2,41,0.009,0.188,0.399
orb20_a,dist_hod_atr,train,3,42,0.051,0.399,0.893
orb20_a,dist_hod_atr,train,4,42,0.066,0.893,2.553
orb20_a,dist_hod_atr,valid,0,25,0.129,0.0,0.086
orb20_a,dist_hod_atr,valid,1,16,0.064,0.086,0.188
orb20_a,dist_hod_atr,valid,2,16,0.094,0.188,0.399
orb20_a,dist_hod_atr,valid,3,23,-0.061,0.399,0.893
orb20_a,dist_hod_atr,valid,4,20,0.042,0.893,2.553
orb20_a,dist_lod_atr,train,0,42,0.003,0.001,0.111
orb20_a,dist_lod_atr,train,1,42,0.193,0.111,0.289
orb20_a,dist_lod_atr,train,2,41,-0.015,0.289,0.834
orb20_a,dist_lod_atr,train,3,42,0.004,0.834,1.375
orb20_a,dist_lod_atr,train,4,42,0.064,1.375,3.989
orb20_a,dist_lod_atr,valid,0,24,0.027,0.001,0.111
orb20_a,dist_lod_atr,valid,1,16,0.328,0.111,0.289
orb20_a,dist_lod_atr,valid,2,27,0.073,0.289,0.834
orb20_a,dist_lod_atr,valid,3,14,-0.144,0.834,1.375
orb20_a,dist_lod_atr,valid,4,20,-0.033,1.375,3.989
orb20_a,sma20_dist_pct,train,0,42,0.229,-22.526,-4.626
orb20_a,sma20_dist_pct,train,1,42,0.143,-4.626,-0.436
orb20_a,sma20_dist_pct,train,2,41,-0.042,-0.436,1.422
orb20_a,sma20_dist_pct,train,3,42,-0.096,1.422,7.39
orb20_a,sma20_dist_pct,train,4,42,0.014,7.39,71.047
orb20_a,sma20_dist_pct,valid,0,16,-0.204,-22.526,-4.626
orb20_a,sma20_dist_pct,valid,1,33,-0.138,-4.626,-0.436
orb20_a,sma20_dist_pct,valid,2,17,0.415,-0.436,1.422
orb20_a,sma20_dist_pct,valid,3,20,0.096,1.422,7.39
orb20_a,sma20_dist_pct,valid,4,14,0.258,7.39,71.047
orb20_a,sma20_slope_pct,train,0,42,0.312,-5.063,-1.123
orb20_a,sma20_slope_pct,train,1,42,-0.01,-1.123,-0.076
orb20_a,sma20_slope_pct,train,2,41,0.074,-0.076,0.434
orb20_a,sma20_slope_pct,train,3,42,-0.088,0.434,1.737
orb20_a,sma20_slope_pct,train,4,42,-0.037,1.737,19.037
orb20_a,sma20_slope_pct,valid,0,19,-0.091,-5.063,-1.123
orb20_a,sma20_slope_pct,valid,1,30,-0.027,-1.123,-0.076
orb20_a,sma20_slope_pct,valid,2,17,0.174,-0.076,0.434
orb20_a,sma20_slope_pct,valid,3,20,-0.002,0.434,1.737
orb20_a,sma20_slope_pct,valid,4,14,0.312,1.737,19.037
orb20_a,flow3,train,0,42,0.068,-1.0,-0.503
orb20_a,flow3,train,1,42,0.021,-0.503,-0.045
orb20_a,flow3,train,2,41,0.176,-0.045,0.42
orb20_a,flow3,train,3,84,-0.006,0.42,1.0
orb20_a,flow3,valid,0,25,-0.012,-1.0,-0.503
orb20_a,flow3,valid,1,15,0.34,-0.503,-0.045
orb20_a,flow3,valid,2,20,-0.04,-0.045,0.42
orb20_a,flow3,valid,3,41,0.029,0.42,1.0
orb20_a,pricePosition,train,0,42,-0.029,0.001,0.102
orb20_a,pricePosition,train,1,42,0.273,0.102,0.325
orb20_a,pricePosition,train,2,41,0.143,0.325,0.853
orb20_a,pricePosition,train,3,42,-0.152,0.853,0.955
orb20_a,pricePosition,train,4,42,0.019,0.955,1.0
orb20_a,pricePosition,valid,0,19,-0.043,0.001,0.102
orb20_a,pricePosition,valid,1,21,-0.142,0.102,0.325
orb20_a,pricePosition,valid,2,30,0.062,0.325,0.853
orb20_a,pricePosition,valid,3,19,0.302,0.853,0.955
orb20_a,pricePosition,valid,4,11,0.085,0.955,1.0
orb20_a,buyPressure,train,0,42,0.024,-0.823,-0.368
orb20_a,buyPressure,train,1,42,-0.05,-0.368,0.012
orb20_a,buyPressure,train,2,41,0.079,0.012,0.258
orb20_a,buyPressure,train,3,42,-0.142,0.258,0.473
orb20_a,buyPressure,train,4,42,0.34,0.473,0.926
orb20_a,buyPressure,valid,0,16,0.025,-0.823,-0.368
orb20_a,buyPressure,valid,1,30,-0.06,-0.368,0.012
orb20_a,buyPressure,valid,2,20,0.326,0.012,0.258
orb20_a,buyPressure,valid,3,16,-0.032,0.258,0.473
orb20_a,buyPressure,valid,4,18,0.007,0.473,0.926
orb20_a,breadth_with_side,train,0,42,0.056,0.287,0.445
orb20_a,breadth_with_side,train,1,45,-0.142,0.445,0.484
orb20_a,breadth_with_side,train,2,41,0.058,0.484,0.516
orb20_a,breadth_with_side,train,3,41,0.33,0.516,0.555
orb20_a,breadth_with_side,train,4,40,-0.035,0.555,0.713
orb20_a,breadth_with_side,valid,0,35,0.02,0.287,0.445
orb20_a,breadth_with_side,valid,1,13,-0.007,0.445,0.484
orb20_a,breadth_with_side,valid,2,7,-0.227,0.484,0.516
orb20_a,breadth_with_side,valid,3,13,0.235,0.516,0.555
orb20_a,breadth_with_side,valid,4,33,0.095,0.555,0.713
orb20_a,mkt_with_side,train,0,48,0.164,-0.581,-0.094
orb20_a,mkt_with_side,train,1,38,-0.308,-0.094,-0.031
orb20_a,mkt_with_side,train,2,42,0.11,-0.031,0.041
orb20_a,mkt_with_side,train,3,41,0.217,0.041,0.11
orb20_a,mkt_with_side,train,4,40,0.019,0.11,0.581
orb20_a,mkt_with_side,valid,0,35,0.02,-0.581,-0.094
orb20_a,mkt_with_side,valid,1,13,-0.007,-0.094,-0.031
orb20_a,mkt_with_side,valid,2,11,0.152,-0.031,0.041
orb20_a,mkt_with_side,valid,3,9,-0.023,0.041,0.11
orb20_a,mkt_with_side,valid,4,33,0.095,0.11,0.581
orb20_a,port_pnl_at_entry,train,0,44,0.063,-277.876,-34.307
orb20_a,port_pnl_at_entry,train,1,41,0.259,-34.307,-1.489
orb20_a,port_pnl_at_entry,train,2,40,0.046,-1.489,21.679
orb20_a,port_pnl_at_entry,train,3,42,-0.011,21.679,92.378
orb20_a,port_pnl_at_entry,train,4,42,-0.102,92.378,629.397
orb20_a,port_pnl_at_entry,valid,0,20,0.084,-277.876,-34.307
orb20_a,port_pnl_at_entry,valid,1,19,0.137,-34.307,-1.489
orb20_a,port_pnl_at_entry,valid,2,28,-0.215,-1.489,21.679
orb20_a,port_pnl_at_entry,valid,3,23,0.305,21.679,92.378
orb20_a,port_pnl_at_entry,valid,4,11,-0.009,92.378,629.397
orb20_a,open_same_side_at_entry,train,0,88,0.01,0.0,2.0
orb20_a,open_same_side_at_entry,train,1,40,0.19,2.0,4.0
orb20_a,open_same_side_at_entry,train,2,41,0.041,4.0,8.0
orb20_a,open_same_side_at_entry,train,3,40,0.007,8.0,52.0
orb20_a,open_same_side_at_entry,valid,0,48,0.053,0.0,2.0
orb20_a,open_same_side_at_entry,valid,1,19,-0.001,2.0,4.0
orb20_a,open_same_side_at_entry,valid,2,23,-0.05,4.0,8.0
orb20_a,open_same_side_at_entry,valid,3,11,0.349,8.0,52.0
orb20_a,m0,train,0,100,0.166,21.0,24.0
orb20_a,m0,train,1,26,-0.301,24.0,27.0
orb20_a,m0,train,2,41,-0.007,27.0,45.4
orb20_a,m0,train,3,42,0.048,45.4,120.0
orb20_a,m0,valid,0,55,-0.036,21.0,24.0
orb20_a,m0,valid,1,8,0.165,24.0,27.0
orb20_a,m0,valid,2,24,0.222,27.0,45.4
orb20_a,m0,valid,3,14,0.039,45.4,120.0
