rule,kind,train_gain,train_gain_per_day,train_t,train_days_helped,train_days_hurt,valid_gain,valid_gain_per_day,valid_t,valid_days_helped,valid_days_hurt,ex_best_day_valid
lock-50,lock,-7215.4,-240.51,-1.63,11,17,-570.1,-40.72,-0.75,7,5,-838.7
nonew-50,nonew,-6504.6,-216.82,-1.7,9,19,-449.3,-32.09,-0.56,5,7,-714.1
lock-100,lock,-5885.4,-196.18,-1.35,10,16,-285.5,-20.39,-0.39,5,5,-596.7
nonew-100,nonew,-4455.4,-148.51,-1.26,10,16,-650.1,-46.43,-0.8,4,6,-914.8
lock-150,lock,-5337.2,-177.91,-1.24,10,15,-331.3,-23.66,-0.5,4,4,-609.0
nonew-150,nonew,-4246.8,-141.56,-1.17,10,15,-418.9,-29.92,-0.86,2,6,-670.4
lock-200,lock,-5158.1,-171.94,-1.23,8,14,34.6,2.47,0.05,3,3,-282.0
nonew-200,nonew,-5519.7,-183.99,-1.58,7,15,143.8,10.27,0.48,2,4,-106.5
lock-300,lock,-3723.5,-124.12,-0.93,8,10,-351.7,-25.12,-0.94,1,2,-398.6
nonew-300,nonew,-2599.1,-86.64,-1.39,7,11,-44.7,-3.19,-1.56,0,3,-44.7
lock-400,lock,-4236.8,-141.23,-1.04,2,9,-259.0,-18.5,-1.0,0,1,-259.0
nonew-400,nonew,-2446.7,-81.56,-1.35,4,6,-6.0,-0.43,-1.0,0,1,-6.0
lock-600,lock,-4667.4,-155.58,-1.74,0,6,-52.3,-3.74,-1.0,0,1,-52.3
nonew-600,nonew,-2708.2,-90.27,-1.45,2,4,0.0,0.0,1.0,1,0,0.0
lock_r-1,lock_r,-7431.6,-247.72,-1.69,10,18,-905.0,-64.65,-1.19,4,8,-1169.2
lock_r-2,lock_r,-6483.5,-216.12,-1.5,11,17,-627.7,-44.83,-0.86,6,5,-895.2
lock_r-3,lock_r,-5843.1,-194.77,-1.36,9,16,-399.7,-28.55,-0.51,5,5,-710.9
lock_r-4,lock_r,-5429.6,-180.99,-1.26,10,15,-496.1,-35.44,-0.77,3,5,-764.1
lock_r-6,lock_r,-5021.8,-167.39,-1.25,7,14,-179.3,-12.8,-0.29,3,4,-499.9
lock_r-8,lock_r,-3379.1,-112.64,-0.8,8,12,-352.0,-25.14,-0.85,1,3,-531.9
giveback-50-0.3,giveback,-7692.4,-256.41,-1.79,10,18,-690.1,-49.29,-0.86,5,7,-1032.5
giveback-50-0.5,giveback,-7891.1,-263.04,-1.83,10,18,-605.0,-43.21,-0.79,4,7,-947.4
giveback-50-0.7,giveback,-8276.0,-275.87,-1.91,9,17,-763.0,-54.5,-0.94,4,7,-1046.5
giveback-100-0.3,giveback,-6402.1,-213.4,-1.51,10,16,-494.8,-35.34,-0.64,3,7,-754.6
giveback-100-0.5,giveback,-6696.2,-223.21,-1.6,10,15,-469.1,-33.51,-0.65,3,5,-728.9
giveback-100-0.7,giveback,-5876.2,-195.87,-1.45,8,13,-604.2,-43.16,-0.76,3,5,-887.7
giveback-200-0.3,giveback,-5696.4,-189.88,-1.33,8,11,-146.3,-10.45,-0.23,3,2,-398.6
giveback-200-0.5,giveback,-5254.2,-175.14,-1.24,7,9,271.7,19.41,1.3,3,0,62.3
giveback-200-0.7,giveback,-3791.2,-126.37,-0.9,6,6,187.4,13.38,1.09,2,1,15.4
giveback-300-0.3,giveback,-3647.1,-121.57,-0.88,6,8,-24.1,-1.72,-1.0,0,1,-24.1
giveback-300-0.5,giveback,-4339.8,-144.66,-1.0,5,8,0.0,0.0,,0,0,0.0
giveback-300-0.7,giveback,-2502.3,-83.41,-0.61,5,4,0.0,0.0,,0,0,0.0
loss-100,loss,-6734.8,-224.49,-1.48,6,13,-722.2,-51.58,-0.95,3,2,-828.8
loss-200,loss,-5908.8,-196.96,-1.35,4,9,-1082.2,-77.3,-1.22,1,2,-1114.3
loss-300,loss,-6752.9,-225.1,-1.46,3,8,0.0,0.0,,0,0,0.0
loss-500,loss,-7009.6,-233.65,-1.45,1,5,0.0,0.0,,0,0,0.0
loss-800,loss,-3341.1,-111.37,-1.05,1,2,0.0,0.0,,0,0,0.0
timestop-15-0.25,timestop,-6454.6,-215.15,-2.38,9,21,-903.9,-64.56,-2.21,5,9,-977.1
timestop-15-0.5,timestop,-6612.8,-220.43,-1.89,10,20,-644.3,-46.02,-1.13,5,9,-810.5
timestop-30-0.25,timestop,-4021.2,-134.04,-2.17,11,19,-412.5,-29.46,-1.4,4,10,-489.0
timestop-30-0.5,timestop,-4932.3,-164.41,-1.85,10,20,-494.3,-35.31,-1.28,4,10,-627.5
timestop-45-0.25,timestop,-2322.3,-77.41,-1.87,14,16,-149.9,-10.71,-0.64,4,9,-262.6
timestop-45-0.5,timestop,-4077.7,-135.92,-1.85,10,20,-414.8,-29.63,-1.31,5,9,-497.0
timestop-60-0.25,timestop,-1713.2,-57.11,-2.89,11,19,-59.8,-4.27,-0.26,5,8,-156.4
timestop-60-0.5,timestop,-2353.4,-78.45,-1.67,12,18,-312.8,-22.35,-1.04,5,9,-401.4
timestop-90-0.25,timestop,-466.3,-15.54,-1.12,13,16,-102.9,-7.35,-0.91,4,9,-174.3
timestop-90-0.5,timestop,-619.5,-20.65,-0.95,13,17,-172.4,-12.31,-1.14,4,10,-234.6
timestop-120-0.25,timestop,58.8,1.96,0.18,17,11,-117.0,-8.36,-0.92,5,8,-170.3
timestop-120-0.5,timestop,583.7,19.46,0.93,18,12,26.9,1.92,0.12,9,5,-101.5
clock-60,clock,-7611.3,-253.71,-2.07,9,21,-432.3,-30.88,-0.65,7,7,-660.5
clock-90,clock,-7646.3,-254.88,-2.1,9,21,-288.6,-20.62,-0.47,8,6,-553.4
clock-120,clock,-7946.7,-264.89,-2.04,9,20,-474.3,-33.88,-0.89,7,7,-724.6
clock-150,clock,-6996.1,-233.2,-1.89,9,20,-239.3,-17.1,-0.62,6,8,-411.5
clock-180,clock,-3928.6,-130.95,-1.48,10,19,-374.0,-26.72,-1.15,6,8,-503.5
clock-210,clock,-3862.3,-128.74,-1.43,12,17,-356.3,-25.45,-1.06,6,8,-508.0
clock-240,clock,-2424.7,-80.82,-1.31,11,18,-185.5,-13.25,-0.66,5,9,-328.1
cold-2,cold,-2538.7,-84.62,-1.35,10,16,-390.3,-27.88,-1.33,6,6,-391.5
hot-2,hot,-631.4,-21.05,-0.92,11,14,-79.6,-5.69,-0.53,6,4,-155.8
cold-3,cold,-2004.8,-66.83,-1.28,7,17,-329.8,-23.56,-1.12,6,4,-329.8
hot-3,hot,-398.7,-13.29,-0.58,13,11,-42.1,-3.01,-0.95,6,3,-44.3
cold-4,cold,-1996.0,-66.53,-1.21,9,14,-250.8,-17.91,-1.1,7,3,-250.8
hot-4,hot,-436.0,-14.53,-0.64,11,11,-42.1,-3.01,-0.95,6,3,-44.3
cold-6,cold,-1611.2,-53.71,-0.98,9,13,-229.6,-16.4,-1.11,7,3,-229.6
hot-6,hot,-27.2,-0.91,-0.17,8,13,-40.9,-2.92,-1.38,5,4,-40.9
