strategy,window,split,n,days,exp_r,t_day,pnl
exhaustion_short,13:00,all,158,32,0.209,1.16,1962.0
exhaustion_short,13:00,train,137,24,0.228,1.14,1892.1
exhaustion_short,13:00,valid,21,8,0.085,0.52,70.0
exhaustion_short,13:30,all,56,27,0.255,2.08,459.7
exhaustion_short,13:30,train,39,18,0.164,1.79,203.3
exhaustion_short,13:30,valid,17,9,0.464,1.49,256.4
exhaustion_short,14:00,all,81,26,0.034,0.42,217.1
exhaustion_short,14:00,train,73,18,0.075,0.94,308.0
exhaustion_short,14:00,valid,8,8,-0.338,-1.24,-90.9
exhaustion_short,14:30,all,74,17,0.536,2.43,1542.3
exhaustion_short,14:30,train,71,14,0.551,2.49,1526.1
exhaustion_short,14:30,valid,3,3,0.191,0.99,16.2
exhaustion_short,15:00,all,15,7,0.544,1.95,311.9
exhaustion_short,15:00,train,13,5,0.624,2.27,313.1
exhaustion_short,15:00,valid,2,2,0.026,0.25,-1.2
heat_fade_long,11:00,all,238,37,-0.022,-0.29,-506.7
heat_fade_long,11:00,train,195,25,0.006,0.07,-307.0
heat_fade_long,11:00,valid,43,12,-0.151,-0.9,-199.7
heat_fade_long,11:30,all,103,30,0.143,1.26,1179.8
heat_fade_long,11:30,train,81,22,0.108,0.83,944.9
heat_fade_long,11:30,valid,22,8,0.269,1.4,234.9
heat_fade_long,12:00,all,141,31,0.353,1.58,2932.8
heat_fade_long,12:00,train,117,23,0.487,2.46,3067.5
heat_fade_long,12:00,valid,24,8,-0.297,-1.38,-134.7
heat_fade_long,12:30,all,44,26,-0.056,-0.31,84.0
heat_fade_long,12:30,train,33,17,-0.081,-0.34,66.2
heat_fade_long,12:30,valid,11,9,0.019,0.1,17.7
heat_fade_long,13:00,all,58,25,-0.199,-1.78,-353.6
heat_fade_long,13:00,train,50,19,-0.253,-2.15,-454.4
heat_fade_long,13:00,valid,8,6,0.139,0.48,100.8
heat_fade_long,13:30,all,8,5,0.215,1.16,84.4
heat_fade_long,13:30,train,8,5,0.215,1.16,84.4
heat_fade_short,09:30,all,425,42,0.102,0.98,1314.1
heat_fade_short,09:30,train,340,30,0.074,0.6,822.2
heat_fade_short,09:30,valid,85,12,0.214,1.31,491.9
heat_fade_short,10:00,all,207,43,0.013,0.14,-463.1
heat_fade_short,10:00,train,157,29,0.007,0.06,-699.5
heat_fade_short,10:00,valid,50,14,0.034,0.22,236.4
heat_fade_short,10:30,all,29,16,0.127,0.52,49.1
heat_fade_short,10:30,train,23,13,-0.079,-0.29,-102.9
heat_fade_short,10:30,valid,6,3,0.915,33.33,152.0
intraday_momentum,15:30,all,116,39,0.001,0.01,-5.2
intraday_momentum,15:30,train,80,27,-0.014,-0.16,-10.3
intraday_momentum,15:30,valid,36,12,0.033,0.29,5.0
orb20_a,09:30,all,198,44,0.071,1.02,1036.6
orb20_a,09:30,train,131,30,0.082,0.89,1051.2
orb20_a,09:30,valid,67,14,0.049,0.51,-14.5
orb20_a,10:00,all,83,42,-0.032,-0.29,47.6
orb20_a,10:00,train,58,28,-0.062,-0.42,-15.1
orb20_a,10:00,valid,25,14,0.04,0.46,62.7
orb20_a,10:30,all,16,15,0.187,0.7,59.6
orb20_a,10:30,train,11,10,0.267,0.76,68.0
orb20_a,10:30,valid,5,5,0.011,0.03,-8.3
orb20_a,11:00,all,12,12,0.049,0.18,20.6
orb20_a,11:00,train,8,8,-0.031,-0.09,6.6
orb20_a,11:00,valid,4,4,0.207,0.52,14.0
orb20_a,11:30,all,1,1,0.702,,5.8
orb20_a,11:30,train,1,1,0.702,,5.8
