variant,setup,base_per_trade_train,base_per_trade_valid,d_ex_best_train,d_ex_best_valid,d_t_day_train,d_t_day_valid,d_usd_train,d_usd_valid,n_var_train,n_var_valid,var_per_trade_train,var_per_trade_valid,pass
exit_be0.5,ALL4,6.05,3.16,-1483.1,-574.0,-1.64,-1.65,-1199.1,-500.1,1578,412,5.29,1.95,False
exit_be0.5,exhaustion_short,14.39,5.24,-95.9,-80.1,0.38,-0.41,86.7,-39.2,348,53,14.64,4.5,False
exit_be0.5,heat_fade_long,6.95,0.8,-306.6,-180.4,-0.4,-0.54,-166.8,-95.9,497,116,6.62,-0.03,False
exit_be0.5,heat_fade_short,0.11,6.24,-758.7,-137.4,-0.67,-0.72,-426.8,-88.6,521,141,-0.71,5.61,False
exit_be0.5,orb20_a,4.87,0.51,-860.3,-352.6,-1.69,-1.51,-692.2,-276.4,212,102,1.61,-2.2,False
exit_be0.75,ALL4,6.05,3.16,-380.9,-354.5,-0.59,-1.62,-262.7,-306.1,1578,412,5.89,2.42,False
exit_be0.75,exhaustion_short,14.39,5.24,-52.1,-39.8,-1.5,-1.0,-49.1,-39.8,348,53,14.25,4.49,False
exit_be0.75,heat_fade_long,6.95,0.8,-126.0,-62.6,-0.03,-1.04,-10.7,-44.9,497,116,6.93,0.41,False
exit_be0.75,heat_fade_short,0.11,6.24,-153.7,-159.0,-0.22,-1.19,-38.4,-125.1,521,141,0.04,5.36,False
exit_be0.75,orb20_a,4.87,0.51,-244.5,-112.5,-0.84,-0.81,-164.4,-96.2,212,102,4.1,-0.43,False
exit_tp0.5,ALL4,6.05,3.16,-4709.8,-282.9,-1.9,-0.4,-4123.6,-161.7,1578,412,3.44,2.77,False
exit_tp0.5,exhaustion_short,14.39,5.24,-1511.6,-241.6,-1.26,-0.78,-1417.5,-154.5,348,53,10.32,2.33,False
exit_tp0.5,heat_fade_long,6.95,0.8,-1612.0,-69.8,-1.31,0.3,-1380.4,68.1,497,116,4.18,1.39,False
exit_tp0.5,heat_fade_short,0.11,6.24,-1013.4,-309.0,-0.52,-1.52,-435.2,-260.3,521,141,-0.72,4.4,False
exit_tp0.5,orb20_a,4.87,0.51,-1216.8,21.4,-1.4,0.64,-890.5,185.0,212,102,0.67,2.33,False
exit_trail0.5_after0.5,ALL4,6.05,3.16,-2487.8,-821.6,-2.59,-2.09,-2182.0,-753.4,1578,412,4.67,1.34,False
exit_trail0.5_after0.5,exhaustion_short,14.39,5.24,-312.3,-70.6,-0.93,-0.29,-195.8,-24.6,348,53,13.83,4.78,False
exit_trail0.5_after0.5,heat_fade_long,6.95,0.8,-430.5,-112.4,-0.64,-0.2,-259.3,-32.9,497,116,6.43,0.52,False
exit_trail0.5_after0.5,heat_fade_short,0.11,6.24,-1151.1,-252.8,-0.99,-1.42,-764.4,-204.1,521,141,-1.36,4.8,False
exit_trail0.5_after0.5,orb20_a,4.87,0.51,-1145.1,-530.7,-1.79,-2.06,-962.5,-491.9,212,102,0.33,-4.31,False
maxloss_1.0,ALL4,6.05,3.16,-7909.0,-1047.8,-2.05,-2.56,-6930.0,-925.4,1578,412,1.66,0.92,False
maxloss_1.0,exhaustion_short,14.39,5.24,-4411.6,-227.5,-1.71,-1.26,-4276.8,-182.7,348,53,2.1,1.8,False
maxloss_1.0,heat_fade_long,6.95,0.8,-2364.6,-286.7,-1.95,-1.16,-2205.3,-250.0,497,116,2.52,-1.35,False
maxloss_1.0,heat_fade_short,0.11,6.24,-124.4,-408.5,0.81,-2.39,950.4,-382.1,521,141,1.93,3.53,False
maxloss_1.0,orb20_a,4.87,0.51,-1582.9,-205.8,-1.89,-0.49,-1398.3,-110.6,212,102,-1.72,-0.57,False
maxloss_1.5,ALL4,6.05,3.16,-4917.0,-782.8,-1.51,-2.59,-4144.3,-715.5,1578,412,3.43,1.43,False
maxloss_1.5,exhaustion_short,14.39,5.24,-2823.5,51.4,-1.66,2.24,-2708.3,79.1,348,53,6.61,6.74,False
maxloss_1.5,heat_fade_long,6.95,0.8,-2095.4,-280.0,-1.66,-1.76,-1929.1,-268.0,497,116,3.07,-1.51,False
maxloss_1.5,heat_fade_short,0.11,6.24,368.5,-241.7,1.38,-1.61,1234.0,-233.2,521,141,2.48,4.59,False
maxloss_1.5,orb20_a,4.87,0.51,-965.7,-379.2,-1.11,-1.43,-740.8,-293.4,212,102,1.38,-2.36,False
maxloss_2.0,ALL4,6.05,3.16,-2775.1,-428.8,-1.09,-1.84,-2111.7,-352.5,1578,412,4.72,2.31,False
maxloss_2.0,exhaustion_short,14.39,5.24,-1547.8,10.8,-1.37,1.49,-1452.3,28.5,348,53,10.22,5.78,False
maxloss_2.0,heat_fade_long,6.95,0.8,-1264.7,-252.2,-1.42,-1.6,-1082.4,-250.1,497,116,4.78,-1.36,False
maxloss_2.0,heat_fade_short,0.11,6.24,413.5,8.3,1.61,1.87,1081.1,12.9,521,141,2.19,6.33,True
maxloss_2.0,orb20_a,4.87,0.51,-843.6,-220.1,-1.09,-0.99,-658.0,-143.8,212,102,1.77,-0.9,False
maxloss_2.5,ALL4,6.05,3.16,-2090.1,-410.2,-1.16,-1.79,-1504.6,-343.3,1578,412,5.1,2.33,False
maxloss_2.5,exhaustion_short,14.39,5.24,-1218.5,0.0,-1.33,1.0,-1142.7,7.7,348,53,11.11,5.39,False
maxloss_2.5,heat_fade_long,6.95,0.8,-787.3,-204.5,-1.17,-1.29,-614.9,-204.5,497,116,5.72,-0.96,False
maxloss_2.5,heat_fade_short,0.11,6.24,79.0,0.0,1.12,,621.9,0.0,521,141,1.3,6.24,False
maxloss_2.5,orb20_a,4.87,0.51,-517.2,-213.4,-0.67,-1.01,-368.9,-146.6,212,102,3.13,-0.92,False
maxloss_3.0,ALL4,6.05,3.16,-1344.2,-368.0,-0.78,-1.72,-859.1,-310.7,1578,412,5.51,2.41,False
maxloss_3.0,exhaustion_short,14.39,5.24,-950.0,0.0,-1.15,,-893.9,0.0,348,53,11.82,5.24,False
maxloss_3.0,heat_fade_long,6.95,0.8,-637.2,-164.8,-0.95,-1.0,-474.8,-164.8,497,116,6.0,-0.62,False
maxloss_3.0,heat_fade_short,0.11,6.24,105.1,0.0,1.19,,557.3,0.0,521,141,1.18,6.24,False
maxloss_3.0,orb20_a,4.87,0.51,-166.3,-203.2,-0.14,-1.39,-47.7,-145.9,212,102,4.65,-0.92,False
