filter,split,n_base,n_keep,base_usd,keep_usd,base_per_trade,keep_per_trade,dropped_per_trade,d_vs_base_t_day,d_vs_random,d_vs_random_t_day,p_random_better,ex_best_d
orb_w_pct<=3,train,212,67,1033.1,-31.5,4.87,-0.47,7.34,-1.28,-358.0,-1.33,0.832,-1329.4
orb_w_pct<=3,valid,102,33,52.3,28.5,0.51,0.86,0.35,-0.1,11.6,0.11,0.464,-96.7
orb_w_pct<=4,train,212,96,1033.1,-219.4,4.87,-2.29,10.8,-1.64,-687.2,-2.19,0.954,-1482.3
orb_w_pct<=4,valid,102,47,52.3,12.5,0.51,0.27,0.72,-0.18,-11.6,-0.1,0.519,-110.1
orb_w_pct<=5,train,212,120,1033.1,-339.8,4.87,-2.83,14.92,-1.73,-924.5,-2.01,0.992,-1669.1
orb_w_pct<=5,valid,102,57,52.3,48.4,0.51,0.85,0.09,-0.01,19.1,0.11,0.452,-129.9
orb_w_pct<=6,train,212,144,1033.1,97.8,4.87,0.68,13.75,-1.24,-603.9,-1.15,0.939,-1231.5
orb_w_pct<=6,valid,102,70,52.3,57.9,0.51,0.83,-0.17,0.02,21.9,0.12,0.448,-120.4
orb_w_pct<=8,train,212,175,1033.1,211.4,4.87,1.21,22.21,-1.52,-641.4,-1.48,0.982,-989.8
orb_w_pct<=8,valid,102,87,52.3,83.6,0.51,0.96,-2.08,0.15,38.9,0.18,0.393,-94.7
orb_w_atr<=0.5,train,212,25,1033.1,100.6,4.87,4.02,4.99,-1.13,-21.2,-0.15,0.546,-1200.1
orb_w_atr<=0.5,valid,102,7,52.3,19.7,0.51,2.82,0.34,-0.11,16.1,0.4,0.421,-141.6
orb_w_atr<=0.75,train,212,57,1033.1,213.0,4.87,3.74,5.29,-1.02,-64.8,-0.19,0.567,-1087.7
orb_w_atr<=0.75,valid,102,29,52.3,-54.0,0.51,-1.86,1.46,-0.43,-68.9,-0.48,0.659,-232.3
orb_w_atr<=1.0,train,212,87,1033.1,312.5,4.87,3.59,5.76,-0.97,-111.5,-0.28,0.615,-983.3
orb_w_atr<=1.0,valid,102,42,52.3,106.0,0.51,2.52,-0.89,0.2,84.4,0.46,0.344,-72.3
