entry,R,R_pct,mfe_r,t_mfe,mae_r,t_mae,first,at,close_1555_r,label,sym,bar,side
32.805,2.052,6.25,0.4,10:33,-0.36,15:02,time,,-0.18,owner 09:46 short (live orb R),HESM,09:45,-1
32.85,2.052,6.25,0.42,10:33,-0.34,15:02,time,,-0.16,owner 10:26 short (live orb R),HESM,10:25,-1
32.188,2.052,6.37,0.1,10:33,-0.66,15:02,time,,-0.48,LIVE orb20 short (reference),HESM,10:32,-1
18.205,0.336,1.85,0.79,11:26,-0.91,15:54,time,,-0.86,owner 10:55 short (live lab R),RIOT,10:54,-1
18.225,0.336,1.84,0.57,13:00,-0.85,15:54,time,,-0.8,owner 12:37 short (live lab R),RIOT,12:36,-1
18.35,0.336,1.83,0.39,13:42,-0.48,15:54,time,,-0.43,LIVE exhaustion short (reference),RIOT,13:19,-1
109.78,1.505,1.37,2.5,13:48,-1.2,09:55,stop -1R,09:53,1.55,LIVE heat_fade_short (09:50 entry),CHTR,09:49,-1
110.135,1.505,1.37,2.73,13:48,-0.97,09:55,target +1.0R,10:15,1.79,CHTR +1 min,CHTR,09:50,-1
110.73,1.505,1.36,3.13,13:48,-0.57,09:55,target +1.0R,10:12,2.19,CHTR +2 min,CHTR,09:51,-1
110.9,1.505,1.36,3.24,13:48,-0.46,09:55,target +1.0R,10:08,2.3,CHTR +3 min,CHTR,09:52,-1
111.33,1.505,1.35,3.53,13:48,-0.17,09:55,target +1.0R,10:05,2.58,CHTR next 5-min bar close (09:55),CHTR,09:54,-1
107.4,1.255,1.17,0.75,11:58,-1.1,13:48,stop -1R,13:35,0.03,LIVE heat_fade_long 11:05,CHTR,11:04,1
107.13,1.255,1.17,0.96,11:58,-0.88,13:48,time,,0.25,CHTR long +2 min,CHTR,11:06,1
75.589,3.81,5.04,1.1,13:33,-0.13,09:56,target +1.0R,13:33,0.78,PENG opposite: short at the long's entry (orb R),PENG,09:50,-1
24.17,0.632,2.62,1.04,13:32,-0.27,10:19,target +1.0R,13:29,0.81,BKV opposite: short at the long's entry (orb R),BKV,10:16,-1
268.03,4.192,1.56,1.95,11:31,-0.33,10:36,target +1.0R,10:55,-0.25,ILMN opposite: long at the short's entry,ILMN,10:24,1
372.75,5.307,1.42,2.9,15:43,-0.99,10:53,target +1.0R,13:08,1.21,ALAB opposite: long at the short's entry,ALAB,10:24,1
