id,period,days,months,cagr,vol,sharpe,maxdd,turnover_yr,cost_drag_yr,active,active_t,active_t_ex_best,hit_vs_bench,wf_share,active_up_months,active_down_months,excess_ew,excess_spy,ret,bench_ret,entry_days,exposure,base,variant
P_RAW_top10_H20_K50__cost2x,train,1008,48,0.02836,0.15580,0.25793,-0.27179,5.07825,0.00656,0.01807,0.76681,0.38542,0.60417,0.60000,0.02601,-0.00104,-0.15286,-0.11121,0.11837,0.04697,612,0.40657,P_RAW_top10_H20_K50,cost2x
P_RAW_top10_H20_K50__cost2x,valid,461,22,0.17453,0.11844,1.41773,-0.08120,5.81601,0.00726,0.05891,1.62079,1.21789,0.45455,0.42105,0.07283,0.01806,-0.05992,-0.07057,0.34217,0.21220,301,0.45340,P_RAW_top10_H20_K50,cost2x
P_RAW_top10_H20_K50__cost2x,valid2,405,20,0.17318,0.12052,1.38594,-0.06685,5.46436,0.00602,0.03581,0.85844,0.33003,0.60000,0.58824,0.07547,-0.06022,-0.08520,-0.02806,0.29265,0.22749,235,0.43292,P_RAW_top10_H20_K50,cost2x
P_RAW_top10_H20_K50__cost2x,all,1874,90,0.09323,0.14022,0.70617,-0.27179,5.34318,0.00661,0.03195,1.81816,1.56873,0.56667,0.56322,0.04964,-0.00933,-0.11538,-0.08324,0.94032,0.55784,1148,0.42379,P_RAW_top10_H20_K50,cost2x
P_RAW_top10_H20_K50__delay1,train,1008,48,0.02219,0.15865,0.21826,-0.28256,5.07237,0.00328,0.01785,0.70795,0.33359,0.56250,0.55556,0.02473,0.00192,-0.15842,-0.11676,0.09177,0.02296,611,0.40596,P_RAW_top10_H20_K50,delay1
P_RAW_top10_H20_K50__delay1,valid,461,22,0.17224,0.11629,1.42493,-0.07037,5.79661,0.00361,0.05407,1.36489,0.89520,0.59091,0.57895,0.06777,0.01416,-0.06213,-0.07277,0.33739,0.21824,301,0.45272,P_RAW_top10_H20_K50,delay1
P_RAW_top10_H20_K50__delay1,valid2,405,20,0.16434,0.11777,1.35125,-0.06883,5.44872,0.00300,0.03776,0.94830,0.50304,0.65000,0.64706,0.07341,-0.05023,-0.09310,-0.03596,0.27702,0.20851,234,0.43317,P_RAW_top10_H20_K50,delay1
P_RAW_top10_H20_K50__delay1,all,1874,90,0.08739,0.14099,0.66514,-0.28256,5.33186,0.00330,0.03107,1.68580,1.40776,0.58889,0.58621,0.04719,-0.00634,-0.12061,-0.08848,0.86462,0.50606,1146,0.42334,P_RAW_top10_H20_K50,delay1
P_RAW_top10_H20_K50__top300,train,1008,48,0.00828,0.08577,0.13901,-0.16068,2.32099,0.00120,-0.00417,-0.32607,-0.66029,0.52083,0.53333,-0.00863,0.00101,-0.18112,-0.13947,0.03353,0.05690,471,0.18549,P_RAW_top10_H20_K50,top300
P_RAW_top10_H20_K50__top300,valid,461,22,0.07519,0.04659,1.57973,-0.03372,2.11262,0.00112,0.02397,0.99498,0.53330,0.50000,0.52632,0.03597,-0.00704,-0.15424,-0.16488,0.14183,0.09381,216,0.16608,P_RAW_top10_H20_K50,top300
P_RAW_top10_H20_K50__top300,valid2,405,20,0.06266,0.06700,0.94065,-0.05064,2.06944,0.00092,0.02249,0.58218,-0.24226,0.50000,0.47059,0.02101,0.02289,-0.18921,-0.13207,0.10260,0.06640,167,0.16444,P_RAW_top10_H20_K50,top300
P_RAW_top10_H20_K50__top300,all,1874,90,0.03604,0.07392,0.51592,-0.16068,2.21537,0.00112,0.00851,0.60243,0.15610,0.51111,0.51724,0.00987,0.00387,-0.17626,-0.14412,0.30119,0.23280,854,0.17617,P_RAW_top10_H20_K50,top300
V1_L5_low_N20_W__cost2x,train,1008,48,0.21982,0.24463,0.93623,-0.39268,36.46867,0.04962,0.03599,0.70093,0.45677,0.52083,0.55556,-0.01685,0.12522,0.03599,0.07764,1.21403,0.90649,207,,V1_L5_low_N20_W,cost2x
V1_L5_low_N20_W__cost2x,valid,461,22,0.21770,0.14600,1.42256,-0.13712,36.15212,0.05230,-0.02013,-0.38058,-0.90505,0.45455,0.52632,-0.07185,0.11108,-0.02013,-0.03078,0.43378,0.48561,96,,V1_L5_low_N20_W,cost2x
V1_L5_low_N20_W__cost2x,valid2,405,20,0.16656,0.18933,0.90791,-0.13250,33.09495,0.04481,-0.08034,-0.85522,-1.41160,0.45000,0.41176,-0.11902,0.01750,-0.08034,-0.02320,0.28094,0.45845,83,,V1_L5_low_N20_W,cost2x
V1_L5_low_N20_W__cost2x,all,1874,90,0.20759,0.21256,0.99470,-0.39268,35.66169,0.04924,-0.00296,-0.13748,-0.37548,0.48889,0.50575,-0.05472,0.10001,-0.00296,0.02918,3.06627,3.13078,386,,V1_L5_low_N20_W,cost2x
V1_L5_low_N20_W__delay1,train,1008,48,0.24769,0.24201,1.03688,-0.38275,36.45702,0.02484,0.05788,1.38590,1.12684,0.56250,0.60000,0.02736,0.11265,0.05788,0.09954,1.42339,0.90649,207,,V1_L5_low_N20_W,delay1
V1_L5_low_N20_W__delay1,valid,461,22,0.21437,0.14507,1.41192,-0.15490,36.13107,0.02611,-0.02300,-0.39568,-0.88343,0.40909,0.47368,-0.05591,0.06361,-0.02300,-0.03365,0.42662,0.48561,96,,V1_L5_low_N20_W,delay1
V1_L5_low_N20_W__delay1,valid2,405,20,0.14064,0.18530,0.80232,-0.15739,33.06338,0.02236,-0.10356,-1.28080,-1.82602,0.40000,0.35294,-0.15456,0.02343,-0.10356,-0.04642,0.23550,0.45845,83,,V1_L5_low_N20_W,delay1
V1_L5_low_N20_W__delay1,all,1874,90,0.21561,0.21002,1.03559,-0.38275,35.64342,0.02461,0.00310,0.07868,-0.13454,0.48889,0.50575,-0.03623,0.08404,0.00310,0.03523,3.27146,3.13078,386,,V1_L5_low_N20_W,delay1
V1_L5_low_N20_W__top300,train,1008,48,0.20813,0.23270,0.93026,-0.37191,31.63082,0.01707,0.02342,0.44595,-0.02275,0.52083,0.55556,-0.03839,0.13317,0.02342,0.06508,1.13034,0.90649,207,,V1_L5_low_N20_W,top300
V1_L5_low_N20_W__top300,valid,461,22,0.22851,0.13036,1.64451,-0.10293,30.08873,0.01695,-0.01345,-0.22301,-0.56926,0.50000,0.47368,-0.06107,0.11020,-0.01345,-0.02410,0.45715,0.48561,96,,V1_L5_low_N20_W,top300
V1_L5_low_N20_W__top300,valid2,405,20,0.21346,0.19404,1.09411,-0.12634,29.64735,0.01446,-0.03993,-0.43993,-0.92781,0.40000,0.35294,-0.08201,0.06059,-0.03993,0.01721,0.36472,0.45845,83,,V1_L5_low_N20_W,top300
V1_L5_low_N20_W__top300,all,1874,90,0.21426,0.20358,1.05639,-0.37191,30.82281,0.01648,0.00066,-0.00813,-0.37266,0.48889,0.50575,-0.05435,0.11340,0.00066,0.03280,3.23639,3.13078,386,,V1_L5_low_N20_W,top300
V1_L5_low_N20_W__lag1,train,1008,48,0.21236,0.24643,0.90622,-0.38026,36.97421,0.02535,0.03027,0.64150,0.33951,0.54167,0.55556,0.00962,0.06601,0.03027,0.07193,1.16036,0.90649,207,,V1_L5_low_N20_W,lag1
V1_L5_low_N20_W__lag1,valid,461,22,0.18492,0.13982,1.28398,-0.09164,35.70618,0.02600,-0.04830,-0.85923,-1.43640,0.40909,0.47368,-0.12718,0.14993,-0.04830,-0.05895,0.36398,0.48561,96,,V1_L5_low_N20_W,lag1
V1_L5_low_N20_W__lag1,valid2,405,20,0.20477,0.19324,1.06011,-0.12762,32.91160,0.02141,-0.04738,-0.49366,-0.97671,0.50000,0.47059,-0.10962,0.09899,-0.04738,0.00976,0.34903,0.45845,83,,V1_L5_low_N20_W,lag1
V1_L5_low_N20_W__lag1,all,1874,90,0.20392,0.21341,0.97724,-0.38026,35.78428,0.02466,-0.00584,-0.20568,-0.45002,0.50000,0.50575,-0.05363,0.09019,-0.00584,0.02630,2.97518,3.13078,386,,V1_L5_low_N20_W,lag1
V1_L20_lowQ5_W__cost2x,train,1008,48,0.16515,0.24078,0.75642,-0.38162,9.84197,0.01370,-0.01091,-0.44278,-0.79767,0.39583,0.42222,-0.06159,0.07267,-0.01091,0.03074,0.84300,0.90649,205,,V1_L20_lowQ5_W,cost2x
V1_L20_lowQ5_W__cost2x,valid,461,22,0.24358,0.13822,1.64703,-0.12547,9.08519,0.01319,-0.00018,-0.02794,-0.44679,0.50000,0.57895,-0.02799,0.07137,-0.00018,-0.01083,0.49003,0.48561,96,,V1_L20_lowQ5_W,cost2x
V1_L20_lowQ5_W__cost2x,valid2,405,20,0.33123,0.19336,1.57685,-0.16622,8.48929,0.01132,0.05266,1.48198,1.11681,0.65000,0.64706,0.06493,0.02065,0.05266,0.10980,0.58377,0.45845,81,,V1_L20_lowQ5_W,cost2x
V1_L20_lowQ5_W__cost2x,all,1874,90,0.21856,0.20970,1.04846,-0.38162,9.36347,0.01306,0.00547,0.18707,-0.07644,0.47778,0.49425,-0.02374,0.06164,0.00547,0.03760,3.34922,3.13078,382,,V1_L20_lowQ5_W,cost2x
V1_L20_lowQ5_W__delay1,train,1008,48,0.17593,0.24099,0.79425,-0.38215,9.84025,0.00686,-0.00164,-0.13468,-0.44927,0.45833,0.48889,-0.05430,0.08623,-0.00164,0.04001,0.91217,0.90649,205,,V1_L20_lowQ5_W,delay1
V1_L20_lowQ5_W__delay1,valid,461,22,0.24248,0.13835,1.63919,-0.12124,9.06501,0.00658,-0.00105,-0.05752,-0.50401,0.45455,0.52632,-0.03237,0.07918,-0.00105,-0.01169,0.48762,0.48561,96,,V1_L20_lowQ5_W,delay1
V1_L20_lowQ5_W__delay1,valid2,405,20,0.33614,0.19311,1.59776,-0.16683,8.49103,0.00563,0.05631,1.55725,1.17551,0.65000,0.70588,0.07850,0.00194,0.05631,0.11345,0.59317,0.45845,81,,V1_L20_lowQ5_W,delay1
V1_L20_lowQ5_W__delay1,all,1874,90,0.22533,0.20979,1.07450,-0.38215,9.35795,0.00653,0.01103,0.44480,0.20326,0.50000,0.51724,-0.01807,0.06733,0.01103,0.04316,3.53193,3.13078,382,,V1_L20_lowQ5_W,delay1
V1_L20_lowQ5_W__top300,train,1008,48,0.13296,0.23324,0.65268,-0.34627,10.58718,0.00586,-0.04082,-1.21368,-1.97749,0.41667,0.44444,-0.09505,0.04912,-0.04082,0.00084,0.64762,0.90649,205,,V1_L20_lowQ5_W,top300
V1_L20_lowQ5_W__top300,valid,461,22,0.24062,0.12889,1.73797,-0.10503,9.78294,0.00549,-0.00383,-0.07009,-0.57593,0.45455,0.47368,-0.03892,0.09007,-0.00383,-0.01447,0.48353,0.48561,96,,V1_L20_lowQ5_W,top300
V1_L20_lowQ5_W__top300,valid2,405,20,0.22550,0.19792,1.12635,-0.14999,9.95728,0.00516,-0.02931,-0.49702,-0.72253,0.55000,0.58824,0.00322,-0.10019,-0.02931,0.02783,0.38654,0.45845,81,,V1_L20_lowQ5_W,top300
V1_L20_lowQ5_W__top300,all,1874,90,0.17837,0.20449,0.90547,-0.34627,10.25321,0.00562,-0.02923,-1.16682,-1.63862,0.45556,0.47126,-0.05777,0.02670,-0.02923,0.00290,2.38911,3.13078,382,,V1_L20_lowQ5_W,top300
V1_L20_lowQ5_W__lag1,train,1008,48,0.16127,0.24057,0.74298,-0.38279,9.90496,0.00690,-0.01431,-0.55443,-0.87446,0.37500,0.40000,-0.06653,0.07200,-0.01431,0.02735,0.81857,0.90649,205,,V1_L20_lowQ5_W,lag1
V1_L20_lowQ5_W__lag1,valid,461,22,0.24350,0.13832,1.64546,-0.12301,9.00281,0.00653,-0.00023,-0.02370,-0.41397,0.50000,0.57895,-0.02835,0.07287,-0.00023,-0.01088,0.48985,0.48561,96,,V1_L20_lowQ5_W,lag1
V1_L20_lowQ5_W__lag1,valid2,405,20,0.34295,0.19302,1.62476,-0.15458,8.40828,0.00559,0.06138,1.67612,1.32579,0.70000,0.70588,0.06899,0.03888,0.06138,0.11852,0.60624,0.45845,80,,V1_L20_lowQ5_W,lag1
V1_L20_lowQ5_W__lag1,all,1874,90,0.21867,0.20952,1.04957,-0.38279,9.35958,0.00653,0.00551,0.18943,-0.04508,0.47778,0.49425,-0.02541,0.06533,0.00551,0.03765,3.35195,3.13078,381,,V1_L20_lowQ5_W,lag1
V2_S6_N20_W_dropD5_q10__cost2x,train,1008,48,0.53203,0.38973,1.29177,-0.43673,18.24070,0.02728,-0.01856,-0.69028,-1.21792,0.47917,0.48889,-0.02702,-0.00936,0.31039,0.35205,4.50895,4.88925,208,,V2_S6_N20_W_dropD5_q10,cost2x
V2_S6_N20_W_dropD5_q10__cost2x,valid,461,22,0.49377,0.31312,1.43928,-0.21413,17.82522,0.03037,0.01180,0.26882,-0.59614,0.45455,0.42105,0.02621,-0.02269,0.22284,0.21220,1.08367,1.03529,96,,V2_S6_N20_W_dropD5_q10,cost2x
V2_S6_N20_W_dropD5_q10__cost2x,valid2,405,20,1.03698,0.55877,1.55338,-0.34232,17.48058,0.02611,0.00710,0.29790,-0.40475,0.50000,0.52941,-0.00126,0.04515,0.61574,0.67288,2.13750,2.09059,84,,V2_S6_N20_W_dropD5_q10,cost2x
V2_S6_N20_W_dropD5_q10__cost2x,all,1874,90,0.61921,0.41641,1.36704,-0.43673,17.97422,0.02779,-0.00555,-0.23443,-0.65228,0.47778,0.48276,-0.00715,-0.00084,0.35485,0.38698,35.01487,36.04473,388,,V2_S6_N20_W_dropD5_q10,cost2x
V2_S6_N20_W_dropD5_q10__delay1,train,1008,48,0.50443,0.39168,1.24077,-0.43556,18.23944,0.01367,-0.03602,-0.94680,-1.52149,0.33333,0.33333,-0.10258,0.06176,0.29294,0.33460,4.12258,4.88925,208,,V2_S6_N20_W_dropD5_q10,delay1
V2_S6_N20_W_dropD5_q10__delay1,valid,461,22,0.48292,0.31249,1.41820,-0.20261,17.82613,0.01515,0.00430,0.09368,-0.61370,0.36364,0.31579,-0.00725,0.03745,0.21534,0.20469,1.05608,1.03529,96,,V2_S6_N20_W_dropD5_q10,delay1
V2_S6_N20_W_dropD5_q10__delay1,valid2,405,20,1.03511,0.56310,1.54425,-0.35008,17.42796,0.01295,0.00868,0.36290,-0.02578,0.55000,0.52941,0.03220,-0.01037,0.61733,0.67447,2.13288,2.09059,84,,V2_S6_N20_W_dropD5_q10,delay1
V2_S6_N20_W_dropD5_q10__delay1,all,1874,90,0.60026,0.41854,1.33405,-0.43556,17.96240,0.01388,-0.01644,-0.59678,-1.00327,0.38889,0.39080,-0.04664,0.04181,0.34396,0.37609,31.99677,36.04473,388,,V2_S6_N20_W_dropD5_q10,delay1
V2_S6_N20_W_dropD5_q10__lag1,train,1008,48,0.52723,0.38801,1.28778,-0.43358,18.25969,0.01358,-0.02233,-1.14584,-1.47162,0.41667,0.42222,-0.02709,-0.01498,0.30662,0.34828,4.44020,4.88925,208,,V2_S6_N20_W_dropD5_q10,lag1
V2_S6_N20_W_dropD5_q10__lag1,valid,461,22,0.51302,0.31421,1.47612,-0.20454,18.04378,0.01531,0.02494,0.45022,-0.01172,0.63636,0.63158,0.02367,0.01583,0.23598,0.22533,1.13306,1.03529,96,,V2_S6_N20_W_dropD5_q10,lag1
V2_S6_N20_W_dropD5_q10__lag1,valid2,405,20,0.92074,0.55770,1.44982,-0.36930,17.45451,0.01313,-0.05232,-0.84575,-1.18477,0.50000,0.47059,-0.02560,-0.09923,0.55632,0.61346,1.85480,2.09059,84,,V2_S6_N20_W_dropD5_q10,lag1
V2_S6_N20_W_dropD5_q10__lag1,all,1874,90,0.60112,0.41540,1.34234,-0.43358,18.03256,0.01391,-0.01719,-0.87370,-1.19085,0.48889,0.49425,-0.01343,-0.02604,0.34321,0.37535,32.12785,36.04473,388,,V2_S6_N20_W_dropD5_q10,lag1
