id,family,kind,bench,verdict,G1,G2,G3,G4,G5,active_train,active_valid,active_valid2,active_all,active_t_all,active_t_ex_best,wf_share,act_up,act_down,excess_ew_all,cagr_all,sharpe_all,maxdd_all,turnover_all,cost_drag_all,exposure_all,nb_active_all,neighbours
P_RAW_top10_H20_K20,P,cand,EXPO_EW,near,True,False,False,True,True,0.0409,0.0053,0.0494,0.0340,1.1301,0.8904,0.5517,0.0373,0.0206,-0.0627,0.1451,0.8434,-0.2295,7.7721,0.0048,0.6150,0.0259,P_RAW_top10_H20_K50;P_RAW_top10_H40_K20;P_RAW_top20_H20_K20;P_Z_top10_H20_K20;P_OC_top10_H20_K20
P_RAW_top10_H20_K50,P,cand,EXPO_EW,near,True,False,False,False,True,0.0213,0.0625,0.0389,0.0353,2.0102,1.7684,0.5747,0.0531,-0.0062,-0.1121,0.0969,0.7298,-0.2709,5.3428,0.0033,0.4238,0.0242,P_RAW_top10_H20_K20;P_RAW_top10_H40_K50;P_RAW_top20_H20_K50;P_Z_top10_H20_K50;P_OC_top10_H20_K50
P_RAW_top10_H40_K20,P,cand,EXPO_EW,fail,False,False,False,True,True,-0.0070,-0.0249,0.1298,0.0181,0.4405,0.0259,0.5057,0.0150,0.0156,-0.0683,0.1302,0.6729,-0.3951,4.5177,0.0028,0.7139,0.0127,P_RAW_top10_H20_K20;P_RAW_top10_H40_K50;P_RAW_top10_H60_K20;P_RAW_top20_H40_K20;P_Z_top10_H40_K20;P_OC_top10_H40_K20
P_RAW_top10_H40_K50,P,cand,EXPO_EW,near,True,False,False,False,True,0.0002,0.0436,0.0841,0.0290,1.1707,0.8972,0.5287,0.0483,-0.0182,-0.0804,0.1202,0.6653,-0.3750,4.0708,0.0025,0.6444,0.0176,P_RAW_top10_H20_K50;P_RAW_top10_H40_K20;P_RAW_top10_H60_K50;P_RAW_top20_H40_K50;P_Z_top10_H40_K50;P_OC_top10_H40_K50
P_RAW_top10_H60_K20,P,cand,EXPO_EW,near,True,False,False,True,True,0.0965,0.0017,0.0063,0.0537,1.1710,0.9103,0.5402,0.0367,0.0874,0.0216,0.2315,1.0047,-0.3413,3.8246,0.0023,0.9073,0.0153,P_RAW_top10_H40_K20;P_RAW_top10_H60_K50;P_RAW_top20_H60_K20;P_Z_top10_H60_K20;P_OC_top10_H60_K20
P_RAW_top10_H60_K50,P,cand,EXPO_EW,near,True,False,False,False,True,0.0262,0.0662,0.0856,0.0489,1.5271,1.2593,0.5747,0.0763,-0.0131,0.0013,0.2070,0.9225,-0.3697,3.6583,0.0023,0.8816,0.0156,P_RAW_top10_H40_K50;P_RAW_top10_H60_K20;P_RAW_top20_H60_K50;P_Z_top10_H60_K50;P_OC_top10_H60_K50
P_RAW_top20_H20_K20,P,cand,EXPO_EW,near,True,False,False,True,True,0.0205,0.0258,0.0793,0.0345,1.1670,0.9397,0.5287,0.0408,0.0143,-0.0693,0.1326,0.7175,-0.3592,9.0081,0.0055,0.7141,0.0110,P_RAW_top10_H20_K20;P_RAW_top20_H20_K50;P_RAW_top20_H40_K20;P_Z_top20_H20_K20;P_OC_top20_H20_K20
P_RAW_top20_H20_K50,P,cand,EXPO_EW,near,True,False,False,True,True,0.0219,0.0107,0.0241,0.0196,1.3427,1.1430,0.5402,0.0072,0.0391,-0.1047,0.1041,0.7524,-0.2393,6.8112,0.0041,0.5385,0.0160,P_RAW_top10_H20_K50;P_RAW_top20_H20_K20;P_RAW_top20_H40_K50;P_Z_top20_H20_K50;P_OC_top20_H20_K50
P_RAW_top20_H40_K20,P,cand,EXPO_EW,fail,False,False,False,False,False,-0.0296,-0.0510,-0.0150,-0.0317,-0.9998,-1.2568,0.4713,-0.0145,-0.0700,-0.0867,0.1083,0.5735,-0.3863,5.1386,0.0031,0.8177,-0.0027,P_RAW_top10_H40_K20;P_RAW_top20_H20_K20;P_RAW_top20_H40_K50;P_RAW_top20_H60_K20;P_Z_top20_H40_K20;P_OC_top20_H40_K20
P_RAW_top20_H40_K50,P,cand,EXPO_EW,fail,False,False,False,False,False,-0.0041,-0.0113,0.0076,-0.0033,-0.2366,-0.5357,0.4943,0.0000,-0.0139,-0.0900,0.1122,0.6561,-0.3748,4.4580,0.0026,0.7040,-0.0021,P_RAW_top10_H40_K50;P_RAW_top20_H20_K50;P_RAW_top20_H40_K20;P_RAW_top20_H60_K50;P_Z_top20_H40_K50;P_OC_top20_H40_K50
P_RAW_top20_H60_K20,P,cand,EXPO_EW,fail,False,False,False,False,True,0.1028,-0.0744,-0.1052,0.0143,0.3358,-0.1303,0.5172,-0.0037,0.0537,-0.0040,0.2017,0.9130,-0.2824,3.9252,0.0023,0.9281,0.0035,P_RAW_top10_H60_K20;P_RAW_top20_H40_K20;P_RAW_top20_H60_K50;P_Z_top20_H60_K20;P_OC_top20_H60_K20
P_RAW_top20_H60_K50,P,cand,EXPO_EW,fail,False,False,False,False,True,0.0361,-0.0331,-0.0648,-0.0027,-0.0920,-0.4388,0.4828,-0.0107,0.0145,-0.0310,0.1746,0.8681,-0.3416,3.8107,0.0022,0.9043,0.0072,P_RAW_top10_H60_K50;P_RAW_top20_H40_K50;P_RAW_top20_H60_K20;P_Z_top20_H60_K50;P_OC_top20_H60_K50
P_Z_top10_H20_K20,P,cand,EXPO_EW,near,True,False,False,True,True,0.0003,0.0267,0.0394,0.0153,0.7806,0.4715,0.4828,0.0141,0.0175,-0.0967,0.1144,0.8629,-0.2653,7.4471,0.0039,0.5898,0.0151,P_RAW_top10_H20_K20;P_Z_top10_H20_K50;P_Z_top10_H40_K20;P_Z_top20_H20_K20;P_ZV_top10_H20_K20
P_Z_top10_H20_K50,P,cand,EXPO_EW,near,True,False,False,True,True,0.0087,0.0300,0.0125,0.0147,1.1758,0.8526,0.4713,0.0099,0.0247,-0.1516,0.0591,0.6087,-0.2472,5.0273,0.0026,0.3985,0.0138,P_RAW_top10_H20_K50;P_Z_top10_H20_K20;P_Z_top10_H40_K50;P_Z_top20_H20_K50;P_ZV_top10_H20_K50
P_Z_top10_H40_K20,P,cand,EXPO_EW,fail,False,False,False,False,False,-0.0022,-0.0440,-0.0229,-0.0170,-0.6746,-1.0361,0.4598,-0.0283,0.0087,-0.1121,0.0920,0.6068,-0.3563,4.5253,0.0024,0.7150,-0.0092,P_RAW_top10_H40_K20;P_Z_top10_H20_K20;P_Z_top10_H40_K50;P_Z_top10_H60_K20;P_Z_top20_H40_K20;P_ZV_top10_H40_K20
P_Z_top10_H40_K50,P,cand,EXPO_EW,fail,False,False,False,False,False,-0.0011,-0.0017,-0.0037,-0.0018,-0.1546,-0.4880,0.4943,-0.0248,0.0442,-0.1256,0.0789,0.5560,-0.3548,3.9673,0.0020,0.6276,-0.0019,P_RAW_top10_H40_K50;P_Z_top10_H20_K50;P_Z_top10_H40_K20;P_Z_top10_H60_K50;P_Z_top20_H40_K50;P_ZV_top10_H40_K50
P_Z_top10_H60_K20,P,cand,EXPO_EW,fail,False,False,False,False,False,-0.0142,-0.0758,-0.0679,-0.0409,-1.2490,-1.5625,0.4368,-0.0574,-0.0015,-0.0746,0.1284,0.7195,-0.3889,3.7605,0.0019,0.8939,-0.0072,P_RAW_top10_H60_K20;P_Z_top10_H40_K20;P_Z_top10_H60_K50;P_Z_top20_H60_K20;P_ZV_top10_H60_K20
P_Z_top10_H60_K50,P,cand,EXPO_EW,fail,False,False,False,False,False,-0.0086,-0.0208,-0.0579,-0.0223,-1.0539,-1.3087,0.4368,-0.0607,0.0516,-0.0795,0.1241,0.7154,-0.3523,3.5407,0.0018,0.8489,-0.0051,P_RAW_top10_H60_K50;P_Z_top10_H40_K50;P_Z_top10_H60_K20;P_Z_top20_H60_K50;P_ZV_top10_H60_K50
P_Z_top20_H20_K20,P,cand,EXPO_EW,near,False,False,False,True,True,-0.0129,0.0536,0.0295,0.0126,0.5671,0.3478,0.5402,0.0131,0.0113,-0.0895,0.1153,0.7069,-0.3839,8.8448,0.0048,0.7006,0.0059,P_RAW_top20_H20_K20;P_Z_top10_H20_K20;P_Z_top20_H20_K50;P_Z_top20_H40_K20;P_ZV_top20_H20_K20
P_Z_top20_H20_K50,P,cand,EXPO_EW,near,True,False,False,False,True,0.0017,0.0090,0.0063,0.0045,0.2981,0.0376,0.4828,-0.0017,0.0164,-0.1214,0.0896,0.7798,-0.2388,6.5643,0.0035,0.5190,0.0056,P_RAW_top20_H20_K50;P_Z_top10_H20_K50;P_Z_top20_H20_K20;P_Z_top20_H40_K50;P_ZV_top20_H20_K50
P_Z_top20_H40_K20,P,cand,EXPO_EW,fail,False,False,False,False,False,-0.0293,-0.0846,-0.0784,-0.0535,-1.7869,-2.1664,0.4138,-0.0645,-0.0238,-0.1190,0.0803,0.5011,-0.3917,5.0972,0.0027,0.8102,-0.0197,P_RAW_top20_H40_K20;P_Z_top10_H40_K20;P_Z_top20_H20_K20;P_Z_top20_H40_K50;P_Z_top20_H60_K20;P_ZV_top20_H40_K20
P_Z_top20_H40_K50,P,cand,EXPO_EW,fail,False,False,False,False,False,-0.0074,-0.0431,-0.0311,-0.0213,-1.1213,-1.4049,0.4253,-0.0355,0.0089,-0.1230,0.0806,0.5517,-0.3665,4.3816,0.0023,0.6915,-0.0167,P_RAW_top20_H40_K50;P_Z_top10_H40_K50;P_Z_top20_H20_K50;P_Z_top20_H40_K20;P_Z_top20_H60_K50;P_ZV_top20_H40_K50
P_Z_top20_H60_K20,P,cand,EXPO_EW,fail,False,False,False,False,False,0.0507,-0.0693,-0.1211,-0.0160,-0.3984,-0.9653,0.4713,-0.0288,0.0171,-0.0346,0.1732,0.8994,-0.3160,3.8606,0.0020,0.9146,-0.0276,P_RAW_top20_H60_K20;P_Z_top10_H60_K20;P_Z_top20_H40_K20;P_Z_top20_H60_K50;P_ZV_top20_H60_K20
P_Z_top20_H60_K50,P,cand,EXPO_EW,fail,False,False,False,False,False,0.0085,-0.0481,-0.0730,-0.0230,-0.9874,-1.3807,0.4253,-0.0263,-0.0134,-0.0564,0.1497,0.8253,-0.3717,3.7760,0.0020,0.8962,-0.0146,P_RAW_top20_H60_K50;P_Z_top10_H60_K50;P_Z_top20_H40_K50;P_Z_top20_H60_K20;P_ZV_top20_H60_K50
P_ZV_top10_H20_K20,P,cand,EXPO_EW,near,True,False,False,True,True,0.0157,0.0430,0.0559,0.0311,1.5349,1.2470,0.5287,0.0204,0.0507,-0.1134,0.0976,0.8051,-0.2555,6.2218,0.0032,0.4914,0.0169,P_Z_top10_H20_K20;P_ZV_top10_H20_K50;P_ZV_top10_H40_K20;P_ZV_top20_H20_K20
P_ZV_top10_H20_K50,P,cand,EXPO_EW,near,True,False,False,True,True,0.0061,0.0296,0.0243,0.0158,1.3225,0.9954,0.5057,0.0098,0.0284,-0.1577,0.0546,0.6741,-0.1881,3.8063,0.0019,0.3016,0.0133,P_Z_top10_H20_K50;P_ZV_top10_H20_K20;P_ZV_top10_H40_K50;P_ZV_top20_H20_K50
P_ZV_top10_H40_K20,P,cand,EXPO_EW,near,False,False,False,False,False,0.0123,-0.0125,0.0192,0.0077,0.3185,-0.0055,0.5402,-0.0060,0.0336,-0.1120,0.0923,0.6118,-0.3445,4.1049,0.0021,0.6466,-0.0120,P_Z_top10_H40_K20;P_ZV_top10_H20_K20;P_ZV_top10_H40_K50;P_ZV_top10_H60_K20;P_ZV_top20_H40_K20
P_ZV_top10_H40_K50,P,cand,EXPO_EW,near,False,False,False,False,False,0.0065,-0.0039,0.0117,0.0051,0.2831,-0.0178,0.4943,-0.0196,0.0540,-0.1257,0.0827,0.6547,-0.2828,3.3052,0.0017,0.5243,-0.0020,P_Z_top10_H40_K50;P_ZV_top10_H20_K50;P_ZV_top10_H40_K20;P_ZV_top10_H60_K50;P_ZV_top20_H40_K50
P_ZV_top10_H60_K20,P,cand,EXPO_EW,fail,False,False,False,False,False,-0.0137,-0.0358,-0.0859,-0.0348,-1.1384,-1.4280,0.4598,-0.0757,0.0419,-0.0836,0.1160,0.6393,-0.3420,3.6278,0.0018,0.8624,-0.0191,P_Z_top10_H60_K20;P_ZV_top10_H40_K20;P_ZV_top10_H60_K50;P_ZV_top20_H60_K20
P_ZV_top10_H60_K50,P,cand,EXPO_EW,fail,False,False,False,False,False,-0.0023,-0.0102,-0.0216,-0.0084,-0.4493,-0.7714,0.4943,-0.0379,0.0493,-0.0850,0.1222,0.7730,-0.3002,3.0924,0.0016,0.7405,-0.0156,P_Z_top10_H60_K50;P_ZV_top10_H40_K50;P_ZV_top10_H60_K20;P_ZV_top20_H60_K50
P_ZV_top20_H20_K20,P,cand,EXPO_EW,near,False,False,False,True,True,-0.0120,0.0561,0.0991,0.0288,1.2759,0.9528,0.5057,0.0278,0.0327,-0.0887,0.1205,0.8177,-0.3404,7.8859,0.0042,0.6254,0.0003,P_Z_top20_H20_K20;P_ZV_top10_H20_K20;P_ZV_top20_H20_K50;P_ZV_top20_H40_K20
P_ZV_top20_H20_K50,P,cand,EXPO_EW,fail,False,False,False,False,True,-0.0045,0.0204,-0.0015,0.0023,0.1504,-0.2115,0.4828,-0.0041,0.0148,-0.1524,0.0575,0.5651,-0.2504,5.5679,0.0029,0.4402,0.0065,P_Z_top20_H20_K50;P_ZV_top10_H20_K50;P_ZV_top20_H20_K20;P_ZV_top20_H40_K50
P_ZV_top20_H40_K20,P,cand,EXPO_EW,fail,False,False,False,False,False,-0.0165,-0.0765,-0.0787,-0.0447,-1.6513,-1.9691,0.3908,-0.0426,-0.0435,-0.1361,0.0654,0.4544,-0.3718,4.5585,0.0024,0.7227,-0.0150,P_Z_top20_H40_K20;P_ZV_top10_H40_K20;P_ZV_top20_H20_K20;P_ZV_top20_H40_K50;P_ZV_top20_H60_K20
P_ZV_top20_H40_K50,P,cand,EXPO_EW,fail,False,False,False,False,False,-0.0040,-0.0219,-0.0724,-0.0232,-1.5656,-1.9799,0.4483,-0.0396,0.0085,-0.1427,0.0600,0.4397,-0.3642,4.0396,0.0021,0.6361,-0.0138,P_Z_top20_H40_K50;P_ZV_top10_H40_K50;P_ZV_top20_H20_K50;P_ZV_top20_H40_K20;P_ZV_top20_H60_K50
P_ZV_top20_H60_K20,P,cand,EXPO_EW,fail,False,False,False,False,False,0.0023,-0.0787,-0.0768,-0.0347,-1.1233,-1.3728,0.4023,-0.0723,0.0426,-0.0699,0.1333,0.7352,-0.3654,3.7285,0.0019,0.8853,-0.0265,P_Z_top20_H60_K20;P_ZV_top10_H60_K20;P_ZV_top20_H40_K20;P_ZV_top20_H60_K50
P_ZV_top20_H60_K50,P,cand,EXPO_EW,fail,False,False,False,False,False,0.0202,-0.0278,-0.0678,-0.0106,-0.6219,-0.8725,0.4943,-0.0455,0.0556,-0.0635,0.1410,0.7763,-0.3738,3.6340,0.0019,0.8634,-0.0223,P_Z_top20_H60_K50;P_ZV_top10_H60_K50;P_ZV_top20_H40_K50;P_ZV_top20_H60_K20
P_OC_top10_H20_K20,P,cand,EXPO_EW,near,False,False,False,True,True,0.0183,-0.0383,0.1200,0.0263,0.8628,0.4474,0.4828,0.0319,0.0095,-0.0852,0.1197,0.7184,-0.2590,7.2389,0.0049,0.5732,0.0216,P_RAW_top10_H20_K20;P_OC_top10_H20_K50;P_OC_top10_H40_K20;P_OC_top20_H20_K20
P_OC_top10_H20_K50,P,cand,EXPO_EW,near,False,False,False,False,True,-0.0055,0.0222,0.0970,0.0235,1.1219,0.5839,0.5057,0.0622,-0.0541,-0.1309,0.0751,0.5626,-0.3452,5.2406,0.0035,0.4149,0.0198,P_RAW_top10_H20_K50;P_OC_top10_H20_K20;P_OC_top10_H40_K50;P_OC_top20_H20_K50
P_OC_top10_H40_K20,P,cand,EXPO_EW,fail,False,False,False,False,True,-0.0009,-0.0441,0.0897,0.0081,0.2601,-0.0787,0.4713,0.0300,-0.0375,-0.0776,0.1203,0.6370,-0.4406,4.5028,0.0030,0.7093,0.0124,P_RAW_top10_H40_K20;P_OC_top10_H20_K20;P_OC_top10_H40_K50;P_OC_top10_H60_K20;P_OC_top20_H40_K20
P_OC_top10_H40_K50,P,cand,EXPO_EW,fail,False,False,False,False,True,-0.0250,-0.0100,0.1120,0.0083,0.4142,-0.0931,0.4483,0.0345,-0.0456,-0.0987,0.1008,0.5862,-0.4122,4.0929,0.0027,0.6465,0.0150,P_RAW_top10_H40_K50;P_OC_top10_H20_K50;P_OC_top10_H40_K20;P_OC_top10_H60_K50;P_OC_top20_H40_K50
P_OC_top10_H60_K20,P,cand,EXPO_EW,near,False,False,False,False,True,0.0527,-0.0823,0.1289,0.0359,0.9440,0.5966,0.5287,0.0681,-0.0162,-0.0028,0.2027,0.9119,-0.4007,3.7917,0.0025,0.9002,0.0240,P_RAW_top10_H60_K20;P_OC_top10_H40_K20;P_OC_top10_H60_K50;P_OC_top20_H60_K20
P_OC_top10_H60_K50,P,cand,EXPO_EW,fail,False,False,False,False,True,-0.0123,-0.0240,0.1512,0.0201,0.7008,0.3090,0.4713,0.0710,-0.0779,-0.0324,0.1682,0.7936,-0.4198,3.5918,0.0024,0.8640,0.0231,P_RAW_top10_H60_K50;P_OC_top10_H40_K50;P_OC_top10_H60_K20;P_OC_top20_H60_K50
P_OC_top20_H20_K20,P,cand,EXPO_EW,near,False,False,False,False,True,0.0445,-0.0163,0.0037,0.0207,0.6527,0.2943,0.4943,0.0720,-0.0818,-0.0848,0.1120,0.6009,-0.4273,8.7717,0.0058,0.6960,0.0109,P_RAW_top20_H20_K20;P_OC_top10_H20_K20;P_OC_top20_H20_K50;P_OC_top20_H40_K20
P_OC_top20_H20_K50,P,cand,EXPO_EW,near,False,False,False,False,True,0.0292,-0.0321,0.0062,0.0092,0.5879,0.3382,0.5172,0.0203,-0.0159,-0.1148,0.0927,0.6742,-0.2747,6.5162,0.0042,0.5151,0.0145,P_RAW_top20_H20_K50;P_OC_top10_H20_K50;P_OC_top20_H20_K20;P_OC_top20_H40_K50
P_OC_top20_H40_K20,P,cand,EXPO_EW,fail,False,False,False,False,True,-0.0106,-0.0807,-0.0047,-0.0266,-0.7051,-1.2605,0.4023,0.0078,-0.0945,-0.0979,0.0938,0.5031,-0.4357,4.9622,0.0032,0.7857,0.0011,P_RAW_top20_H40_K20;P_OC_top10_H40_K20;P_OC_top20_H20_K20;P_OC_top20_H40_K50;P_OC_top20_H60_K20
P_OC_top20_H40_K50,P,cand,EXPO_EW,fail,False,False,False,False,False,0.0164,-0.0607,0.0014,-0.0058,-0.3059,-0.5748,0.5057,0.0093,-0.0364,-0.0980,0.1032,0.6129,-0.3858,4.3931,0.0027,0.6913,-0.0026,P_RAW_top20_H40_K50;P_OC_top10_H40_K50;P_OC_top20_H20_K50;P_OC_top20_H40_K20;P_OC_top20_H60_K50
P_OC_top20_H60_K20,P,cand,EXPO_EW,near,False,False,False,False,True,0.0335,-0.0382,0.0262,0.0143,0.4425,0.0764,0.4483,0.0548,-0.0563,-0.0133,0.1877,0.8355,-0.4311,3.9065,0.0026,0.9217,0.0057,P_RAW_top20_H60_K20;P_OC_top10_H60_K20;P_OC_top20_H40_K20;P_OC_top20_H60_K50
P_OC_top20_H60_K50,P,cand,EXPO_EW,fail,False,False,False,False,True,0.0158,-0.0509,0.0157,-0.0006,0.0535,-0.2593,0.4368,0.0148,-0.0273,-0.0312,0.1734,0.8510,-0.4190,3.8114,0.0024,0.9028,0.0065,P_RAW_top20_H60_K50;P_OC_top10_H60_K50;P_OC_top20_H40_K50;P_OC_top20_H60_K20
P_RAW_bot10_H20_K50,P,diag,EXPO_EW,diagnostic,False,False,False,False,True,0.0234,-0.0392,0.0086,0.0048,0.1319,-0.1369,0.4828,0.0227,-0.0386,-0.1395,0.0648,0.4826,-0.3471,5.4162,0.0039,0.4291,0.0084,P_RAW_bot10_H40_K50;P_Z_bot10_H20_K50;P_OC_bot10_H20_K50
P_RAW_bot10_H40_K50,P,diag,EXPO_EW,diagnostic,False,False,False,False,True,0.0471,-0.0153,0.0259,0.0272,1.0242,0.7376,0.5402,0.0614,-0.0519,-0.0830,0.1148,0.6180,-0.3955,4.1517,0.0030,0.6569,0.0065,P_RAW_bot10_H20_K50;P_RAW_bot10_H60_K50;P_Z_bot10_H40_K50;P_OC_bot10_H40_K50
P_RAW_bot10_H60_K50,P,diag,EXPO_EW,diagnostic,False,False,False,False,True,0.0195,-0.0192,0.0846,0.0240,0.7324,0.4444,0.5287,0.0732,-0.0846,-0.0141,0.1853,0.8156,-0.4093,3.6987,0.0027,0.8873,0.0027,P_RAW_bot10_H40_K50;P_Z_bot10_H60_K50;P_OC_bot10_H60_K50
P_Z_bot10_H20_K50,P,diag,EXPO_EW,diagnostic,False,False,False,False,False,-0.0054,-0.0262,-0.0178,-0.0132,-1.0023,-1.2801,0.4713,-0.0121,-0.0151,-0.1728,0.0358,0.3684,-0.3075,5.0899,0.0030,0.4024,-0.0102,P_RAW_bot10_H20_K50;P_Z_bot10_H40_K50;P_ZV_bot10_H20_K50
P_Z_bot10_H40_K50,P,diag,EXPO_EW,diagnostic,False,False,False,False,False,-0.0022,-0.0503,-0.0639,-0.0274,-1.6731,-2.0400,0.3908,-0.0322,-0.0161,-0.1568,0.0451,0.3527,-0.3881,3.9976,0.0023,0.6303,-0.0099,P_RAW_bot10_H40_K50;P_Z_bot10_H20_K50;P_Z_bot10_H60_K50;P_ZV_bot10_H40_K50
P_Z_bot10_H60_K50,P,diag,EXPO_EW,diagnostic,False,False,False,False,False,-0.0222,-0.0529,-0.0424,-0.0341,-1.8623,-2.1694,0.3333,-0.0275,-0.0466,-0.0970,0.1036,0.6083,-0.4087,3.5755,0.0021,0.8567,-0.0063,P_RAW_bot10_H60_K50;P_Z_bot10_H40_K50;P_ZV_bot10_H60_K50
P_ZV_bot10_H20_K50,P,diag,EXPO_EW,diagnostic,False,False,False,False,False,-0.0091,-0.0191,0.0071,-0.0081,-0.5849,-0.9035,0.4828,0.0015,-0.0285,-0.1848,0.0252,0.3045,-0.2635,3.8549,0.0023,0.3049,-0.0163,P_Z_bot10_H20_K50;P_ZV_bot10_H40_K50
P_ZV_bot10_H40_K50,P,diag,EXPO_EW,diagnostic,False,False,False,False,False,-0.0086,-0.0427,-0.0197,-0.0194,-1.0975,-1.3596,0.4368,-0.0095,-0.0391,-0.1593,0.0435,0.3501,-0.3802,3.5018,0.0020,0.5537,-0.0170,P_Z_bot10_H40_K50;P_ZV_bot10_H20_K50;P_ZV_bot10_H60_K50
P_ZV_bot10_H60_K50,P,diag,EXPO_EW,diagnostic,False,False,False,False,False,-0.0081,-0.0152,-0.0345,-0.0156,-0.8174,-1.1276,0.4598,0.0009,-0.0516,-0.1025,0.0997,0.6110,-0.3843,3.1417,0.0018,0.7511,-0.0267,P_Z_bot10_H60_K50;P_ZV_bot10_H40_K50
P_OC_bot10_H20_K50,P,diag,EXPO_EW,diagnostic,False,False,False,False,True,0.0311,-0.0160,-0.0077,0.0112,0.4754,0.1161,0.4713,0.0228,-0.0174,-0.1244,0.0815,0.5918,-0.3699,5.1949,0.0038,0.4114,0.0148,P_RAW_bot10_H20_K50;P_OC_bot10_H40_K50
P_OC_bot10_H40_K50,P,diag,EXPO_EW,diagnostic,False,False,False,False,True,0.0513,-0.0055,-0.0072,0.0247,0.9203,0.5657,0.4943,0.0487,-0.0320,-0.0818,0.1163,0.6263,-0.4180,4.0444,0.0029,0.6388,0.0178,P_RAW_bot10_H40_K50;P_OC_bot10_H20_K50;P_OC_bot10_H60_K50
P_OC_bot10_H60_K50,P,diag,EXPO_EW,diagnostic,False,False,False,False,True,0.0187,0.0245,-0.0053,0.0149,0.4874,0.1770,0.5172,0.0537,-0.0699,-0.0214,0.1774,0.7943,-0.4234,3.6315,0.0027,0.8705,0.0244,P_RAW_bot10_H60_K50;P_OC_bot10_H40_K50
V1_L5_low_N20_W,V1,cand,BENCH_EW,near,False,False,False,False,False,0.0606,0.0059,-0.0580,0.0215,0.5598,0.3349,0.5402,-0.0294,0.1234,0.0215,0.2376,1.1110,-0.3909,35.6537,0.0246,,-0.0166,V1_L5_low_N20_M;V1_L5_low_N50_W;V1_L20_low_N20_W;V1_D5_low_N20_W
V1_L5_low_N20_M,V1,cand,BENCH_EW,fail,False,False,False,False,False,0.0352,-0.0208,-0.0877,-0.0052,-0.0923,-0.3850,0.5172,-0.0412,0.0769,-0.0052,0.2071,1.0245,-0.3799,10.2124,0.0070,,-0.0123,V1_L5_low_N20_W;V1_L5_low_N50_M;V1_L20_low_N20_M;V1_D5_low_N20_M
V1_L5_low_N50_W,V1,cand,BENCH_EW,fail,False,False,False,False,False,0.0127,-0.0112,-0.0023,0.0036,0.0658,-0.2374,0.5632,-0.0453,0.1008,0.0036,0.2166,1.0467,-0.4065,31.1499,0.0214,,-0.0074,V1_L5_low_N20_W;V1_L5_low_N50_M;V1_L20_low_N50_W;V1_D5_low_N50_W
V1_L5_low_N50_M,V1,cand,BENCH_EW,fail,False,False,False,False,False,0.0176,-0.0346,-0.0159,-0.0025,-0.1131,-0.2975,0.5172,-0.0546,0.1057,-0.0025,0.2108,1.0482,-0.3752,9.2650,0.0063,,-0.0207,V1_L5_low_N20_M;V1_L5_low_N50_W;V1_L20_low_N50_M;V1_D5_low_N50_M
V1_L20_low_N20_W,V1,cand,BENCH_EW,fail,False,False,False,False,False,-0.0221,-0.0195,-0.0698,-0.0318,-0.9916,-1.2648,0.5287,-0.0987,0.1074,-0.0318,0.1739,0.8701,-0.4378,15.7207,0.0111,,-0.0252,V1_L5_low_N20_W;V1_L20_low_N20_M;V1_L20_low_N50_W;V1_D20_low_N20_W
V1_L20_low_N20_M,V1,cand,BENCH_EW,fail,False,False,False,False,False,-0.0458,-0.0005,-0.0491,-0.0354,-1.0227,-1.2239,0.4943,-0.0773,0.0555,-0.0354,0.1699,0.8571,-0.4556,8.6031,0.0060,,-0.0300,V1_L5_low_N20_M;V1_L20_low_N20_W;V1_L20_low_N50_M;V1_D20_low_N20_M
V1_L20_low_N50_W,V1,cand,BENCH_EW,fail,False,False,False,False,False,-0.0021,-0.0220,-0.0395,-0.0151,-0.6126,-0.8887,0.5172,-0.0575,0.0701,-0.0151,0.1947,0.9679,-0.4051,13.0184,0.0091,,-0.0259,V1_L5_low_N50_W;V1_L20_low_N20_W;V1_L20_low_N50_M;V1_D20_low_N50_W
V1_L20_low_N50_M,V1,cand,BENCH_EW,fail,False,False,False,False,False,-0.0123,-0.0147,-0.0152,-0.0135,-0.4921,-0.7539,0.4713,-0.0569,0.0769,-0.0135,0.1969,0.9824,-0.4041,7.5585,0.0052,,-0.0303,V1_L5_low_N50_M;V1_L20_low_N20_M;V1_L20_low_N50_W;V1_D20_low_N50_M
V1_D5_low_N20_W,V1,cand,BENCH_EW,fail,False,False,False,False,False,-0.0439,-0.0272,-0.0126,-0.0330,-0.9907,-1.3760,0.4713,-0.0753,0.0475,-0.0330,0.1710,0.8408,-0.3722,39.1071,0.0246,,-0.0292,V1_L5_low_N20_W;V1_D5_low_N20_M;V1_D5_low_N50_W;V1_D20_low_N20_W
V1_D5_low_N20_M,V1,cand,BENCH_EW,fail,False,False,False,False,False,-0.0112,-0.0047,-0.1199,-0.0331,-1.0781,-1.3483,0.5057,-0.0833,0.0693,-0.0331,0.1717,0.8517,-0.3774,10.8311,0.0068,,-0.0438,V1_L5_low_N20_M;V1_D5_low_N20_W;V1_D5_low_N50_M;V1_D20_low_N20_M
V1_D5_low_N50_W,V1,cand,BENCH_EW,fail,False,False,False,False,False,-0.0202,-0.0355,-0.0641,-0.0334,-1.3727,-1.6520,0.4598,-0.0880,0.0714,-0.0334,0.1713,0.8513,-0.3812,35.9549,0.0227,,-0.0398,V1_L5_low_N50_W;V1_D5_low_N20_W;V1_D5_low_N50_M;V1_D20_low_N50_W
V1_D5_low_N50_M,V1,cand,BENCH_EW,fail,False,False,False,False,False,-0.0440,-0.0472,-0.1501,-0.0677,-2.6317,-2.8780,0.4023,-0.1135,0.0223,-0.0677,0.1324,0.6958,-0.3749,10.4090,0.0066,,-0.0344,V1_L5_low_N50_M;V1_D5_low_N20_M;V1_D5_low_N50_W;V1_D20_low_N50_M
V1_D20_low_N20_W,V1,cand,BENCH_EW,fail,False,False,False,False,False,-0.0321,-0.1028,-0.1353,-0.0718,-2.2120,-2.4789,0.3908,-0.1456,0.0782,-0.0718,0.1276,0.6746,-0.4001,20.8321,0.0135,,-0.0491,V1_L20_low_N20_W;V1_D5_low_N20_W;V1_D20_low_N20_M;V1_D20_low_N50_W
V1_D20_low_N20_M,V1,cand,BENCH_EW,fail,False,False,False,False,False,-0.0421,-0.0794,-0.1258,-0.0694,-2.0183,-2.2978,0.3908,-0.1367,0.0728,-0.0694,0.1315,0.7015,-0.3855,10.4199,0.0066,,-0.0522,V1_L20_low_N20_M;V1_D5_low_N20_M;V1_D20_low_N20_W;V1_D20_low_N50_M
V1_D20_low_N50_W,V1,cand,BENCH_EW,fail,False,False,False,False,False,-0.0305,-0.0987,-0.0989,-0.0621,-2.4821,-2.7170,0.3793,-0.1062,0.0255,-0.0621,0.1389,0.7255,-0.4004,18.1331,0.0116,,-0.0472,V1_L20_low_N50_W;V1_D5_low_N50_W;V1_D20_low_N20_W;V1_D20_low_N50_M
V1_D20_low_N50_M,V1,cand,BENCH_EW,fail,False,False,False,False,False,-0.0438,-0.0795,-0.1171,-0.0684,-2.5994,-2.7927,0.4368,-0.1049,0.0119,-0.0684,0.1328,0.7109,-0.3999,9.8994,0.0063,,-0.0532,V1_L20_low_N50_M;V1_D5_low_N50_M;V1_D20_low_N20_M;V1_D20_low_N50_W
V1_L5_lowQ5_W,V1q,cand,BENCH_EW,near,False,False,False,False,False,-0.0027,0.0039,0.0519,0.0107,0.4724,0.2272,0.5747,-0.0240,0.0759,0.0107,0.2240,1.0562,-0.3944,22.8855,0.0155,,-0.0087,V1_L5_lowQ5_M;V1_L20_lowQ5_W;V1_D5_lowQ5_W
V1_L5_lowQ5_M,V1q,cand,BENCH_EW,fail,False,False,False,False,False,-0.0059,-0.0074,0.0203,-0.0006,-0.0881,-0.2768,0.5632,-0.0371,0.0723,-0.0006,0.2115,1.0267,-0.3775,7.0252,0.0048,,-0.0104,V1_L5_lowQ5_W;V1_L20_lowQ5_M;V1_D5_lowQ5_M
V1_L20_lowQ5_W,V1q,cand,BENCH_EW,near,False,False,False,False,False,-0.0041,0.0064,0.0583,0.0120,0.5119,0.2545,0.5172,-0.0170,0.0679,0.0120,0.2265,1.0796,-0.3811,9.3629,0.0065,,-0.0124,V1_L5_lowQ5_W;V1_L20_lowQ5_M;V1_D20_lowQ5_W
V1_L20_lowQ5_M,V1q,cand,BENCH_EW,fail,False,False,False,False,False,-0.0308,0.0008,0.0584,-0.0038,-0.2410,-0.4803,0.4598,-0.0401,0.0678,-0.0038,0.2078,1.0125,-0.3805,5.6353,0.0038,,-0.0144,V1_L5_lowQ5_M;V1_L20_lowQ5_W;V1_D20_lowQ5_M
V1_D5_lowQ5_W,V1q,cand,BENCH_EW,fail,False,False,False,False,False,-0.0310,-0.0417,-0.0480,-0.0373,-1.9101,-2.1896,0.4023,-0.0741,0.0330,-0.0373,0.1665,0.8283,-0.3888,28.6106,0.0182,,-0.0239,V1_L5_lowQ5_W;V1_D5_lowQ5_M;V1_D20_lowQ5_W
V1_D5_lowQ5_M,V1q,cand,BENCH_EW,fail,False,False,False,False,False,-0.0305,-0.0370,-0.0583,-0.0381,-1.8934,-2.0801,0.4253,-0.0690,0.0242,-0.0381,0.1665,0.8381,-0.3839,8.8546,0.0057,,-0.0308,V1_L5_lowQ5_M;V1_D5_lowQ5_W;V1_D20_lowQ5_M
V1_D20_lowQ5_W,V1q,cand,BENCH_EW,fail,False,False,False,False,False,-0.0516,-0.0373,-0.0336,-0.0442,-2.2791,-2.5342,0.3678,-0.0742,0.0127,-0.0442,0.1588,0.7999,-0.3913,13.5155,0.0088,,-0.0266,V1_L20_lowQ5_W;V1_D5_lowQ5_W;V1_D20_lowQ5_M
V1_D20_lowQ5_M,V1q,cand,BENCH_EW,fail,False,False,False,False,False,-0.0577,-0.0595,-0.0407,-0.0545,-2.7778,-2.9500,0.4023,-0.0839,0.0046,-0.0545,0.1475,0.7596,-0.3851,8.2162,0.0053,,-0.0287,V1_L20_lowQ5_M;V1_D5_lowQ5_M;V1_D20_lowQ5_W
V1_L5_high_N50_W,V1h,diag,BENCH_EW,diagnostic,False,False,False,False,False,-0.0667,-0.0116,-0.0865,-0.0574,-2.3064,-2.6470,0.3448,-0.0414,-0.0912,-0.0574,0.1378,0.6653,-0.4124,31.4109,0.0187,,-0.0457,V1_L5_high_N50_M;V1_L20_high_N50_W;V1_D5_high_N50_W
V1_L5_high_N50_M,V1h,diag,BENCH_EW,diagnostic,False,False,False,False,False,-0.0725,-0.0271,-0.0603,-0.0587,-2.1615,-2.6514,0.4023,-0.0469,-0.0878,-0.0587,0.1362,0.6583,-0.3960,8.8167,0.0052,,-0.0439,V1_L5_high_N50_W;V1_L20_high_N50_M;V1_D5_high_N50_M
V1_L20_high_N50_W,V1h,diag,BENCH_EW,diagnostic,False,False,False,False,False,-0.0384,0.0143,-0.0502,-0.0280,-0.9947,-1.4453,0.4023,-0.0219,-0.0446,-0.0280,0.1700,0.7696,-0.3803,12.9622,0.0078,,-0.0469,V1_L5_high_N50_W;V1_L20_high_N50_M;V1_D20_high_N50_W
V1_L20_high_N50_M,V1h,diag,BENCH_EW,diagnostic,False,False,False,False,False,-0.0503,0.0236,-0.0964,-0.0421,-1.3614,-1.7592,0.4713,-0.0224,-0.0823,-0.0421,0.1547,0.7223,-0.3877,7.1286,0.0043,,-0.0387,V1_L5_high_N50_M;V1_L20_high_N50_W;V1_D20_high_N50_M
V1_D5_high_N50_W,V1h,diag,BENCH_EW,diagnostic,False,False,False,False,False,-0.0490,-0.0622,-0.0403,-0.0504,-1.9670,-2.1555,0.4253,-0.0835,0.0189,-0.0504,0.1508,0.7575,-0.4051,36.6318,0.0228,,-0.0436,V1_L5_high_N50_W;V1_D5_high_N50_M;V1_D20_high_N50_W
V1_D5_high_N50_M,V1h,diag,BENCH_EW,diagnostic,False,False,False,False,False,-0.0411,-0.0451,0.0050,-0.0321,-1.1504,-1.4698,0.4483,-0.0595,0.0278,-0.0321,0.1724,0.8502,-0.4047,10.1921,0.0063,,-0.0461,V1_L5_high_N50_M;V1_D5_high_N50_W;V1_D20_high_N50_M
V1_D20_high_N50_W,V1h,diag,BENCH_EW,diagnostic,False,False,False,False,False,-0.0676,-0.0324,0.0137,-0.0413,-1.4908,-1.8010,0.4253,-0.0703,0.0160,-0.0413,0.1606,0.7902,-0.3699,18.0051,0.0113,,-0.0359,V1_L20_high_N50_W;V1_D5_high_N50_W;V1_D20_high_N50_M
V1_D20_high_N50_M,V1h,diag,BENCH_EW,diagnostic,False,False,False,False,False,-0.0546,-0.0182,0.0214,-0.0292,-1.0538,-1.3963,0.4598,-0.0349,-0.0180,-0.0292,0.1745,0.8425,-0.3916,9.7112,0.0061,,-0.0385,V1_L20_high_N50_M;V1_D5_high_N50_M;V1_D20_high_N50_W
V2_S6_N20_W_dropL5_q10,V2,cand,S6_N20_W,fail,False,False,False,False,False,-0.0448,-0.0245,0.0327,-0.0230,-1.4014,-1.7068,0.4138,-0.0175,-0.0371,0.3374,0.5877,1.3089,-0.4512,17.2777,0.0133,,-0.0104,V2_S6_N20_M_dropL5_q10;V2_S6_N20_W_dropL5_q20;V2_S6_N20_W_dropL20_q10;V2_S6_N20_W_dropD5_q10
V2_S6_N20_M_dropL5_q10,V2,cand,S6_N20_M,fail,False,False,False,False,False,-0.0384,-0.0144,0.0332,-0.0170,-0.9961,-1.3854,0.4943,-0.0206,-0.0062,0.3584,0.6235,1.3685,-0.4065,7.1027,0.0056,,-0.0216,V2_S6_N20_W_dropL5_q10;V2_S6_N20_M_dropL5_q20;V2_S6_N20_M_dropL20_q10;V2_S6_N20_M_dropD5_q10
V2_S6_N20_W_dropL5_q20,V2,cand,S6_N20_W,fail,False,False,False,False,False,-0.0569,-0.0044,0.0700,-0.0166,-0.6465,-0.9443,0.4713,-0.0153,-0.0172,0.3438,0.5988,1.3274,-0.4609,18.8340,0.0144,,-0.0334,V2_S6_N20_W_dropL5_q10;V2_S6_N20_M_dropL5_q20;V2_S6_N20_W_dropL5_q30;V2_S6_N20_W_dropL20_q20;V2_S6_N20_W_dropD5_q20;V2_S6_N10_W_dropL5_q20;V2_S6_N50_W_dropL5_q20
V2_S6_N20_M_dropL5_q20,V2,cand,S6_N20_M,fail,False,False,False,False,False,-0.0576,-0.1169,0.0455,-0.0499,-1.7148,-1.9490,0.4368,-0.0598,-0.0364,0.3256,0.5731,1.2995,-0.4013,7.2701,0.0056,,-0.0320,V2_S6_N20_M_dropL5_q10;V2_S6_N20_W_dropL5_q20;V2_S6_N20_M_dropL5_q30;V2_S6_N20_M_dropL20_q20;V2_S6_N20_M_dropD5_q20
V2_S6_N20_W_dropL5_q30,V2,cand,S6_N20_W,fail,False,False,False,False,False,-0.0551,-0.0367,0.0553,-0.0267,-0.8919,-1.1459,0.4598,-0.0326,-0.0273,0.3337,0.5883,1.3301,-0.4505,20.6511,0.0156,,-0.0369,V2_S6_N20_W_dropL5_q20;V2_S6_N20_M_dropL5_q30;V2_S6_N20_W_dropL20_q30;V2_S6_N20_W_dropD5_q30
V2_S6_N20_M_dropL5_q30,V2,cand,S6_N20_M,fail,False,False,False,False,False,-0.0958,-0.0945,0.0283,-0.0687,-2.0022,-2.1922,0.4598,-0.1052,-0.0232,0.3068,0.5487,1.2772,-0.4073,7.5977,0.0058,,-0.0497,V2_S6_N20_M_dropL5_q20;V2_S6_N20_W_dropL5_q30;V2_S6_N20_M_dropL20_q30;V2_S6_N20_M_dropD5_q30
V2_S6_N20_W_dropL20_q10,V2,cand,S6_N20_W,fail,False,False,False,False,False,-0.0192,-0.0165,-0.0083,-0.0162,-1.1984,-1.5951,0.5172,-0.0109,-0.0303,0.3442,0.5992,1.3270,-0.4365,16.4596,0.0128,,-0.0076,V2_S6_N20_W_dropL5_q10;V2_S6_N20_M_dropL20_q10;V2_S6_N20_W_dropL20_q20;V2_S6_N20_W_dropD20_q10
V2_S6_N20_M_dropL20_q10,V2,cand,S6_N20_M,near,False,False,False,False,False,-0.0200,0.0013,0.0549,0.0014,0.1608,-0.2349,0.5172,0.0089,-0.0122,0.3769,0.6524,1.4065,-0.4066,7.0834,0.0055,,-0.0120,V2_S6_N20_M_dropL5_q10;V2_S6_N20_W_dropL20_q10;V2_S6_N20_M_dropL20_q20;V2_S6_N20_M_dropD20_q10
V2_S6_N20_W_dropL20_q20,V2,cand,S6_N20_W,fail,False,False,False,False,False,-0.0181,-0.0601,0.0350,-0.0170,-0.7249,-1.1644,0.4368,-0.0266,-0.0024,0.3434,0.5985,1.3284,-0.4345,16.9085,0.0132,,-0.0162,V2_S6_N20_W_dropL5_q20;V2_S6_N20_W_dropL20_q10;V2_S6_N20_M_dropL20_q20;V2_S6_N20_W_dropL20_q30;V2_S6_N20_W_dropD20_q20;V2_S6_N10_W_dropL20_q20;V2_S6_N50_W_dropL20_q20
V2_S6_N20_M_dropL20_q20,V2,cand,S6_N20_M,fail,False,False,False,False,False,-0.0295,-0.0821,0.0906,-0.0165,-0.7793,-1.0427,0.4598,-0.0365,0.0207,0.3590,0.6222,1.3589,-0.3965,7.2213,0.0056,,-0.0290,V2_S6_N20_M_dropL5_q20;V2_S6_N20_M_dropL20_q10;V2_S6_N20_W_dropL20_q20;V2_S6_N20_M_dropL20_q30;V2_S6_N20_M_dropD20_q20
V2_S6_N20_W_dropL20_q30,V2,cand,S6_N20_W,fail,False,False,False,False,False,-0.0275,-0.0773,0.0765,-0.0173,-0.5011,-0.7828,0.4598,-0.0039,-0.0453,0.3431,0.6032,1.3528,-0.4349,17.2786,0.0132,,-0.0269,V2_S6_N20_W_dropL5_q30;V2_S6_N20_W_dropL20_q20;V2_S6_N20_M_dropL20_q30;V2_S6_N20_W_dropD20_q30
V2_S6_N20_M_dropL20_q30,V2,cand,S6_N20_M,fail,False,False,False,False,False,-0.0984,-0.0730,0.0675,-0.0563,-1.6382,-1.8116,0.4943,-0.0805,-0.0334,0.3192,0.5655,1.2956,-0.3827,7.3118,0.0057,,-0.0382,V2_S6_N20_M_dropL5_q30;V2_S6_N20_M_dropL20_q20;V2_S6_N20_W_dropL20_q30;V2_S6_N20_M_dropD20_q30
V2_S6_N20_W_dropD5_q10,V2,cand,S6_N20_W,near,False,False,False,True,False,-0.0050,0.0269,0.0200,0.0082,0.4192,0.0425,0.4943,0.0073,0.0131,0.3686,0.6417,1.4004,-0.4353,17.9722,0.0139,,-0.0170,V2_S6_N20_W_dropL5_q10;V2_S6_N20_M_dropD5_q10;V2_S6_N20_W_dropD5_q20;V2_S6_N20_W_dropD20_q10
V2_S6_N20_M_dropD5_q10,V2,cand,S6_N20_M,fail,False,False,False,False,False,-0.0169,-0.0119,-0.0134,-0.0149,-0.9338,-1.1554,0.4943,-0.0267,0.0126,0.3605,0.6301,1.3895,-0.3956,7.2083,0.0056,,-0.0121,V2_S6_N20_M_dropL5_q10;V2_S6_N20_W_dropD5_q10;V2_S6_N20_M_dropD5_q20;V2_S6_N20_M_dropD20_q10
V2_S6_N20_W_dropD5_q20,V2,cand,S6_N20_W,fail,False,False,False,False,False,-0.0353,-0.0445,-0.0399,-0.0385,-1.2446,-1.5287,0.4483,-0.0494,-0.0161,0.3219,0.5710,1.3078,-0.4380,20.4503,0.0156,,-0.0251,V2_S6_N20_W_dropL5_q20;V2_S6_N20_W_dropD5_q10;V2_S6_N20_M_dropD5_q20;V2_S6_N20_W_dropD5_q30;V2_S6_N20_W_dropD20_q20;V2_S6_N10_W_dropD5_q20;V2_S6_N50_W_dropD5_q20
V2_S6_N20_M_dropD5_q20,V2,cand,S6_N20_M,fail,False,False,False,False,False,-0.0454,-0.0631,-0.0058,-0.0412,-1.4819,-1.6843,0.4828,-0.0451,-0.0259,0.3343,0.5926,1.3487,-0.3767,7.5732,0.0057,,-0.0384,V2_S6_N20_M_dropL5_q20;V2_S6_N20_M_dropD5_q10;V2_S6_N20_W_dropD5_q20;V2_S6_N20_M_dropD5_q30;V2_S6_N20_M_dropD20_q20
V2_S6_N20_W_dropD5_q30,V2,cand,S6_N20_W,fail,False,False,False,False,False,-0.0505,-0.0174,-0.0635,-0.0452,-1.1557,-1.4749,0.4253,-0.0583,-0.0136,0.3152,0.5654,1.3153,-0.4174,22.5602,0.0169,,-0.0347,V2_S6_N20_W_dropL5_q30;V2_S6_N20_W_dropD5_q20;V2_S6_N20_M_dropD5_q30;V2_S6_N20_W_dropD20_q30
V2_S6_N20_M_dropD5_q30,V2,cand,S6_N20_M,fail,False,False,False,False,False,-0.0602,-0.0323,-0.1179,-0.0658,-2.0145,-2.2457,0.4138,-0.0638,-0.0763,0.3096,0.5578,1.3083,-0.3760,7.9066,0.0059,,-0.0513,V2_S6_N20_M_dropL5_q30;V2_S6_N20_M_dropD5_q20;V2_S6_N20_W_dropD5_q30;V2_S6_N20_M_dropD20_q30
V2_S6_N20_W_dropD20_q10,V2,cand,S6_N20_W,fail,False,False,False,False,False,0.0186,-0.0054,-0.0013,0.0084,0.4115,0.0879,0.4828,-0.0040,0.0337,0.3688,0.6426,1.4040,-0.4133,16.7600,0.0130,,-0.0037,V2_S6_N20_W_dropL20_q10;V2_S6_N20_W_dropD5_q10;V2_S6_N20_M_dropD20_q10;V2_S6_N20_W_dropD20_q20
V2_S6_N20_M_dropD20_q10,V2,cand,S6_N20_M,near,False,False,False,False,False,-0.0244,0.0057,0.0615,0.0016,0.2116,-0.2174,0.4713,-0.0234,0.0599,0.3771,0.6557,1.4214,-0.4067,7.1903,0.0056,,-0.0070,V2_S6_N20_M_dropL20_q10;V2_S6_N20_M_dropD5_q10;V2_S6_N20_W_dropD20_q10;V2_S6_N20_M_dropD20_q20
V2_S6_N20_W_dropD20_q20,V2,cand,S6_N20_W,fail,False,False,False,False,False,0.0015,0.0073,-0.0513,-0.0085,-0.3153,-0.6503,0.4598,-0.0276,0.0294,0.3519,0.6201,1.3886,-0.4046,17.6710,0.0135,,-0.0208,V2_S6_N20_W_dropL20_q20;V2_S6_N20_W_dropD5_q20;V2_S6_N20_W_dropD20_q10;V2_S6_N20_M_dropD20_q20;V2_S6_N20_W_dropD20_q30;V2_S6_N10_W_dropD20_q20;V2_S6_N50_W_dropD20_q20
V2_S6_N20_M_dropD20_q20,V2,cand,S6_N20_M,fail,False,False,False,False,False,-0.0297,-0.0454,0.0190,-0.0230,-0.8937,-1.1750,0.4943,-0.0402,0.0178,0.3524,0.6231,1.4004,-0.3594,7.5345,0.0058,,-0.0230,V2_S6_N20_M_dropL20_q20;V2_S6_N20_M_dropD5_q20;V2_S6_N20_M_dropD20_q10;V2_S6_N20_W_dropD20_q20;V2_S6_N20_M_dropD20_q30
V2_S6_N20_W_dropD20_q30,V2,cand,S6_N20_W,fail,False,False,False,False,False,-0.0007,0.0438,-0.0841,-0.0078,-0.2182,-0.5349,0.4713,-0.0167,0.0120,0.3526,0.6259,1.4141,-0.4111,18.4239,0.0139,,-0.0303,V2_S6_N20_W_dropL20_q30;V2_S6_N20_W_dropD5_q30;V2_S6_N20_W_dropD20_q20;V2_S6_N20_M_dropD20_q30
V2_S6_N20_M_dropD20_q30,V2,cand,S6_N20_M,fail,False,False,False,False,False,-0.0293,-0.0426,-0.1117,-0.0504,-1.5202,-1.8356,0.4138,-0.0577,-0.0316,0.3251,0.5843,1.3591,-0.3830,8.0115,0.0061,,-0.0382,V2_S6_N20_M_dropL20_q30;V2_S6_N20_M_dropD5_q30;V2_S6_N20_M_dropD20_q20;V2_S6_N20_W_dropD20_q30
V2_S6_N10_W_dropL5_q20,V2,cand,S6_N10_W,fail,False,False,False,False,False,-0.1289,0.0496,0.0700,-0.0420,-0.9732,-1.4185,0.4828,-0.0917,0.0698,0.4256,0.6934,1.3470,-0.5013,20.5210,0.0166,,-0.0277,V2_S6_N20_W_dropL5_q20;V2_S6_N10_W_dropL20_q20;V2_S6_N10_W_dropD5_q20
V2_S6_N50_W_dropL5_q20,V2,cand,S6_N50_W,fail,False,False,False,False,False,-0.0735,0.0199,-0.0105,-0.0369,-2.4062,-2.7042,0.4598,-0.0437,-0.0192,0.1773,0.3935,1.1355,-0.4084,16.7795,0.0116,,-0.0203,V2_S6_N20_W_dropL5_q20;V2_S6_N50_W_dropL20_q20;V2_S6_N50_W_dropD5_q20
V2_S6_N10_W_dropL20_q20,V2,cand,S6_N10_W,fail,False,False,False,False,False,-0.0565,0.0428,-0.0020,-0.0203,-0.6382,-0.9927,0.4713,-0.0786,0.0860,0.4474,0.7326,1.3987,-0.4627,18.8770,0.0157,,-0.0364,V2_S6_N20_W_dropL20_q20;V2_S6_N10_W_dropL5_q20;V2_S6_N10_W_dropD20_q20
V2_S6_N50_W_dropL20_q20,V2,cand,S6_N50_W,fail,False,False,False,False,False,-0.0261,-0.0103,-0.0076,-0.0182,-1.3558,-1.6373,0.4368,-0.0332,0.0127,0.1960,0.4203,1.1927,-0.3883,14.5109,0.0101,,-0.0237,V2_S6_N20_W_dropL20_q20;V2_S6_N50_W_dropL5_q20;V2_S6_N50_W_dropD20_q20
V2_S6_N10_W_dropD5_q20,V2,cand,S6_N10_W,fail,False,False,False,False,False,-0.0570,0.0520,-0.1321,-0.0464,-0.9579,-1.2578,0.4713,-0.0508,-0.0180,0.4213,0.6937,1.3654,-0.4591,21.9976,0.0180,,-0.0436,V2_S6_N20_W_dropD5_q20;V2_S6_N10_W_dropL5_q20;V2_S6_N10_W_dropD20_q20
V2_S6_N50_W_dropD5_q20,V2,cand,S6_N50_W,fail,False,False,False,False,False,-0.0480,0.0061,-0.0086,-0.0262,-1.4576,-1.7302,0.4483,-0.0282,-0.0168,0.1881,0.4114,1.1863,-0.4071,18.1396,0.0125,,-0.0308,V2_S6_N20_W_dropD5_q20;V2_S6_N50_W_dropL5_q20;V2_S6_N50_W_dropD20_q20
V2_S6_N10_W_dropD20_q20,V2,cand,S6_N10_W,fail,False,False,False,False,False,-0.0377,-0.0354,-0.0983,-0.0502,-1.2228,-1.5636,0.4828,-0.0922,0.0201,0.4174,0.6870,1.3559,-0.4417,19.5892,0.0159,,-0.0251,V2_S6_N20_W_dropD20_q20;V2_S6_N10_W_dropL20_q20;V2_S6_N10_W_dropD5_q20
V2_S6_N50_W_dropD20_q20,V2,cand,S6_N50_W,fail,False,False,False,False,False,-0.0284,-0.0046,-0.0032,-0.0171,-0.9957,-1.3287,0.4598,-0.0226,-0.0009,0.1971,0.4258,1.2245,-0.3853,15.2565,0.0105,,-0.0176,V2_S6_N20_W_dropD20_q20;V2_S6_N50_W_dropL20_q20;V2_S6_N50_W_dropD5_q20
