timestamp,brd
2026-10-09 09:30:00-04:00,0.5568274734260016
2026-10-09 09:31:00-04:00,0.5192150449713818
2026-10-09 09:32:00-04:00,0.49304987735077677
2026-10-09 09:33:00-04:00,0.40964840556009813
2026-10-09 09:34:00-04:00,0.39329517579721995
2026-10-09 09:35:00-04:00,0.4570727718724448
2026-10-09 09:36:00-04:00,0.49959116925592806
2026-10-09 09:37:00-04:00,0.4873262469337694
2026-10-09 09:38:00-04:00,0.4922322158626329
2026-10-09 09:39:00-04:00,0.46443172526574
2026-10-09 09:40:00-04:00,0.4349959116925593
2026-10-09 09:41:00-04:00,0.49141455437448894
2026-10-09 09:42:00-04:00,0.4693376941946034
2026-10-09 09:43:00-04:00,0.4652493867538839
2026-10-09 09:44:00-04:00,0.4145543744889616
2026-10-09 09:45:00-04:00,0.446443172526574
2026-10-09 09:46:00-04:00,0.4382665576451349
2026-10-09 09:47:00-04:00,0.446443172526574
2026-10-09 09:48:00-04:00,0.42927228127555195
2026-10-09 09:49:00-04:00,0.4562551103843009
2026-10-09 09:50:00-04:00,0.4922322158626329
2026-10-09 09:51:00-04:00,0.5004088307440719
2026-10-09 09:52:00-04:00,0.4742436631234669
2026-10-09 09:53:00-04:00,0.47506132461161077
2026-10-09 09:54:00-04:00,0.47914963205233035
2026-10-09 09:55:00-04:00,0.4783319705641864
2026-10-09 09:56:00-04:00,0.4873262469337694
2026-10-09 09:57:00-04:00,0.4897792313982011
2026-10-09 09:58:00-04:00,0.48650858544562553
2026-10-09 09:59:00-04:00,0.5102207686017989
2026-10-09 10:00:00-04:00,0.5061324611610794
2026-10-09 10:01:00-04:00,0.49304987735077677
2026-10-09 10:02:00-04:00,0.49141455437448894
2026-10-09 10:03:00-04:00,0.46197874080130824
2026-10-09 10:04:00-04:00,0.45461978740801307
2026-10-09 10:05:00-04:00,0.4652493867538839
2026-10-09 10:06:00-04:00,0.4807849550286182
2026-10-09 10:07:00-04:00,0.5012264922322158
2026-10-09 10:08:00-04:00,0.49304987735077677
2026-10-09 10:09:00-04:00,0.46361406377759606
2026-10-09 10:10:00-04:00,0.48405560098119377
2026-10-09 10:11:00-04:00,0.47015535568274736
2026-10-09 10:12:00-04:00,0.4668847097301717
2026-10-09 10:13:00-04:00,0.45952575633687653
2026-10-09 10:14:00-04:00,0.4627964022894522
2026-10-09 10:15:00-04:00,0.4971381847914963
2026-10-09 10:16:00-04:00,0.4987735077677841
2026-10-09 10:17:00-04:00,0.49141455437448894
2026-10-09 10:18:00-04:00,0.46116107931316436
2026-10-09 10:19:00-04:00,0.4603434178250204
2026-10-09 10:20:00-04:00,0.4562551103843009
2026-10-09 10:21:00-04:00,0.47097301717089124
2026-10-09 10:22:00-04:00,0.4848732624693377
2026-10-09 10:23:00-04:00,0.4873262469337694
2026-10-09 10:24:00-04:00,0.49550286181520853
2026-10-09 10:25:00-04:00,0.5028618152085037
2026-10-09 10:26:00-04:00,0.4963205233033524
2026-10-09 10:27:00-04:00,0.4758789860997547
2026-10-09 10:28:00-04:00,0.46197874080130824
2026-10-09 10:29:00-04:00,0.46116107931316436
2026-10-09 10:30:00-04:00,0.4562551103843009
2026-10-09 10:31:00-04:00,0.4488961569910057
2026-10-09 10:32:00-04:00,0.4472608340147179
2026-10-09 10:33:00-04:00,0.44153720359771054
2026-10-09 10:34:00-04:00,0.43908421913327883
2026-10-09 10:35:00-04:00,0.43417825020441536
2026-10-09 10:36:00-04:00,0.437448896156991
2026-10-09 10:37:00-04:00,0.4562551103843009
2026-10-09 10:38:00-04:00,0.44317252657399836
2026-10-09 10:39:00-04:00,0.44153720359771054
2026-10-09 10:40:00-04:00,0.4538021259198692
2026-10-09 10:41:00-04:00,0.44317252657399836
2026-10-09 10:42:00-04:00,0.4488961569910057
2026-10-09 10:43:00-04:00,0.44562551103843007
2026-10-09 10:44:00-04:00,0.4578904333605887
2026-10-09 10:45:00-04:00,0.4578904333605887
2026-10-09 10:46:00-04:00,0.473426001635323
2026-10-09 10:47:00-04:00,0.4627964022894522
2026-10-09 10:48:00-04:00,0.45870809484873265
2026-10-09 10:49:00-04:00,0.4570727718724448
2026-10-09 10:50:00-04:00,0.4717906786590352
2026-10-09 10:51:00-04:00,0.4897792313982011
2026-10-09 10:52:00-04:00,0.48242027800490594
2026-10-09 10:53:00-04:00,0.47914963205233035
2026-10-09 10:54:00-04:00,0.47015535568274736
2026-10-09 10:55:00-04:00,0.47914963205233035
2026-10-09 10:56:00-04:00,0.4807849550286182
2026-10-09 10:57:00-04:00,0.48160261651676206
2026-10-09 10:58:00-04:00,0.4946852003270646
2026-10-09 10:59:00-04:00,0.4897792313982011
2026-10-09 11:00:00-04:00,0.4946852003270646
2026-10-09 11:01:00-04:00,0.4897792313982011
2026-10-09 11:02:00-04:00,0.5110384300899428
2026-10-09 11:03:00-04:00,0.4971381847914963
2026-10-09 11:04:00-04:00,0.5028618152085037
2026-10-09 11:05:00-04:00,0.4848732624693377
2026-10-09 11:06:00-04:00,0.4783319705641864
2026-10-09 11:07:00-04:00,0.4660670482420278
2026-10-09 11:08:00-04:00,0.47015535568274736
2026-10-09 11:09:00-04:00,0.4807849550286182
2026-10-09 11:10:00-04:00,0.5004088307440719
2026-10-09 11:11:00-04:00,0.5126737530662305
2026-10-09 11:12:00-04:00,0.5159443990188062
2026-10-09 11:13:00-04:00,0.5143090760425184
2026-10-09 11:14:00-04:00,0.5298446443172526
2026-10-09 11:15:00-04:00,0.5412919051512673
2026-10-09 11:16:00-04:00,0.5421095666394112
2026-10-09 11:17:00-04:00,0.5486508585445625
2026-10-09 11:18:00-04:00,0.5617334423548651
2026-10-09 11:19:00-04:00,0.5560098119378577
2026-10-09 11:20:00-04:00,0.5494685200327064
2026-10-09 11:21:00-04:00,0.553556827473426
2026-10-09 11:22:00-04:00,0.5633687653311529
2026-10-09 11:23:00-04:00,0.5568274734260016
2026-10-09 11:24:00-04:00,0.5470155355682748
2026-10-09 11:25:00-04:00,0.5453802125919869
2026-10-09 11:26:00-04:00,0.5511038430089943
2026-10-09 11:27:00-04:00,0.5429272281275552
2026-10-09 11:28:00-04:00,0.5363859362224039
2026-10-09 11:29:00-04:00,0.5453802125919869
2026-10-09 11:30:00-04:00,0.5486508585445625
2026-10-09 11:31:00-04:00,0.5470155355682748
2026-10-09 11:32:00-04:00,0.5461978740801309
2026-10-09 11:33:00-04:00,0.5322976287816844
2026-10-09 11:34:00-04:00,0.5339329517579722
2026-10-09 11:35:00-04:00,0.5339329517579722
2026-10-09 11:36:00-04:00,0.5347506132461161
2026-10-09 11:37:00-04:00,0.5183973834832379
2026-10-09 11:38:00-04:00,0.5290269828291088
2026-10-09 11:39:00-04:00,0.5306623058053965
2026-10-09 11:40:00-04:00,0.5282093213409649
2026-10-09 11:41:00-04:00,0.5331152902698283
2026-10-09 11:42:00-04:00,0.526573998364677
2026-10-09 11:43:00-04:00,0.5298446443172526
2026-10-09 11:44:00-04:00,0.5273916598528209
2026-10-09 11:45:00-04:00,0.5061324611610794
2026-10-09 11:46:00-04:00,0.5077677841373671
2026-10-09 11:47:00-04:00,0.5159443990188062
2026-10-09 11:48:00-04:00,0.5134914145543745
2026-10-09 11:49:00-04:00,0.517579721995094
2026-10-09 11:50:00-04:00,0.5208503679476697
2026-10-09 11:51:00-04:00,0.5273916598528209
2026-10-09 11:52:00-04:00,0.5257563368765331
2026-10-09 11:53:00-04:00,0.5216680294358136
2026-10-09 11:54:00-04:00,0.5224856909239575
2026-10-09 11:55:00-04:00,0.5233033524121014
2026-10-09 11:56:00-04:00,0.5306623058053965
2026-10-09 11:57:00-04:00,0.5273916598528209
2026-10-09 11:58:00-04:00,0.5249386753883892
2026-10-09 11:59:00-04:00,0.5290269828291088
2026-10-09 12:00:00-04:00,0.5192150449713818
2026-10-09 12:01:00-04:00,0.5241210139002453
2026-10-09 12:02:00-04:00,0.5216680294358136
2026-10-09 12:03:00-04:00,0.5257563368765331
2026-10-09 12:04:00-04:00,0.5282093213409649
2026-10-09 12:05:00-04:00,0.5224856909239575
2026-10-09 12:06:00-04:00,0.5282093213409649
2026-10-09 12:07:00-04:00,0.5241210139002453
2026-10-09 12:08:00-04:00,0.5233033524121014
2026-10-09 12:09:00-04:00,0.5192150449713818
2026-10-09 12:10:00-04:00,0.5200327064595257
2026-10-09 12:11:00-04:00,0.5200327064595257
2026-10-09 12:12:00-04:00,0.5322976287816844
2026-10-09 12:13:00-04:00,0.5314799672935405
2026-10-09 12:14:00-04:00,0.5306623058053965
2026-10-09 12:15:00-04:00,0.5331152902698283
2026-10-09 12:16:00-04:00,0.5363859362224039
2026-10-09 12:17:00-04:00,0.5372035977105478
2026-10-09 12:18:00-04:00,0.5339329517579722
2026-10-09 12:19:00-04:00,0.526573998364677
2026-10-09 12:20:00-04:00,0.5290269828291088
2026-10-09 12:21:00-04:00,0.5224856909239575
2026-10-09 12:22:00-04:00,0.5241210139002453
2026-10-09 12:23:00-04:00,0.5233033524121014
2026-10-09 12:24:00-04:00,0.5208503679476697
2026-10-09 12:25:00-04:00,0.517579721995094
2026-10-09 12:26:00-04:00,0.5167620605069502
2026-10-09 12:27:00-04:00,0.5208503679476697
2026-10-09 12:28:00-04:00,0.5290269828291088
2026-10-09 12:29:00-04:00,0.5298446443172526
2026-10-09 12:30:00-04:00,0.5363859362224039
2026-10-09 12:31:00-04:00,0.5396565821749796
2026-10-09 12:32:00-04:00,0.5372035977105478
2026-10-09 12:33:00-04:00,0.53556827473426
2026-10-09 12:34:00-04:00,0.5331152902698283
2026-10-09 12:35:00-04:00,0.5306623058053965
2026-10-09 12:36:00-04:00,0.53556827473426
2026-10-09 12:37:00-04:00,0.5388389206868357
2026-10-09 12:38:00-04:00,0.5429272281275552
2026-10-09 12:39:00-04:00,0.5396565821749796
2026-10-09 12:40:00-04:00,0.5429272281275552
2026-10-09 12:41:00-04:00,0.5363859362224039
2026-10-09 12:42:00-04:00,0.5404742436631235
2026-10-09 12:43:00-04:00,0.5437448896156991
2026-10-09 12:44:00-04:00,0.5470155355682748
2026-10-09 12:45:00-04:00,0.5543744889615699
2026-10-09 12:46:00-04:00,0.5568274734260016
2026-10-09 12:47:00-04:00,0.5511038430089943
2026-10-09 12:48:00-04:00,0.544562551103843
2026-10-09 12:49:00-04:00,0.5486508585445625
2026-10-09 12:50:00-04:00,0.5584627964022895
2026-10-09 12:51:00-04:00,0.5658217497955846
2026-10-09 12:52:00-04:00,0.5543744889615699
2026-10-09 12:53:00-04:00,0.5502861815208504
2026-10-09 12:54:00-04:00,0.553556827473426
2026-10-09 12:55:00-04:00,0.5568274734260016
2026-10-09 12:56:00-04:00,0.5560098119378577
2026-10-09 12:57:00-04:00,0.553556827473426
2026-10-09 12:58:00-04:00,0.5568274734260016
2026-10-09 12:59:00-04:00,0.5560098119378577
2026-10-09 13:00:00-04:00,0.5543744889615699
2026-10-09 13:01:00-04:00,0.5609157808667212
2026-10-09 13:02:00-04:00,0.5715453802125919
2026-10-09 13:03:00-04:00,0.5715453802125919
2026-10-09 13:04:00-04:00,0.5715453802125919
2026-10-09 13:05:00-04:00,0.5633687653311529
2026-10-09 13:06:00-04:00,0.5633687653311529
2026-10-09 13:07:00-04:00,0.5592804578904333
2026-10-09 13:08:00-04:00,0.5658217497955846
2026-10-09 13:09:00-04:00,0.5584627964022895
2026-10-09 13:10:00-04:00,0.5609157808667212
2026-10-09 13:11:00-04:00,0.5576451349141456
2026-10-09 13:12:00-04:00,0.5551921504497138
2026-10-09 13:13:00-04:00,0.5592804578904333
2026-10-09 13:14:00-04:00,0.5576451349141456
2026-10-09 13:15:00-04:00,0.5576451349141456
2026-10-09 13:16:00-04:00,0.5576451349141456
2026-10-09 13:17:00-04:00,0.5641864268192968
2026-10-09 13:18:00-04:00,0.5600981193785772
2026-10-09 13:19:00-04:00,0.5658217497955846
2026-10-09 13:20:00-04:00,0.5658217497955846
2026-10-09 13:21:00-04:00,0.5551921504497138
2026-10-09 13:22:00-04:00,0.5584627964022895
2026-10-09 13:23:00-04:00,0.5584627964022895
2026-10-09 13:24:00-04:00,0.5600981193785772
2026-10-09 13:25:00-04:00,0.5641864268192968
2026-10-09 13:26:00-04:00,0.5600981193785772
2026-10-09 13:27:00-04:00,0.5609157808667212
2026-10-09 13:28:00-04:00,0.5633687653311529
2026-10-09 13:29:00-04:00,0.5674570727718724
2026-10-09 13:30:00-04:00,0.5666394112837285
2026-10-09 13:31:00-04:00,0.5723630417007359
2026-10-09 13:32:00-04:00,0.5780866721177432
2026-10-09 13:33:00-04:00,0.5690923957481603
2026-10-09 13:34:00-04:00,0.5690923957481603
2026-10-09 13:35:00-04:00,0.5715453802125919
2026-10-09 13:36:00-04:00,0.5780866721177432
2026-10-09 13:37:00-04:00,0.5772690106295993
2026-10-09 13:38:00-04:00,0.5666394112837285
2026-10-09 13:39:00-04:00,0.5739983646770237
2026-10-09 13:40:00-04:00,0.5756336876533116
2026-10-09 13:41:00-04:00,0.5797219950940311
2026-10-09 13:42:00-04:00,0.5813573180703189
2026-10-09 13:43:00-04:00,0.5862632869991823
2026-10-09 13:44:00-04:00,0.588716271463614
2026-10-09 13:45:00-04:00,0.580539656582175
2026-10-09 13:46:00-04:00,0.5821749795584628
2026-10-09 13:47:00-04:00,0.5813573180703189
2026-10-09 13:48:00-04:00,0.580539656582175
2026-10-09 13:49:00-04:00,0.5789043336058871
2026-10-09 13:50:00-04:00,0.5813573180703189
2026-10-09 13:51:00-04:00,0.5911692559280458
2026-10-09 13:52:00-04:00,0.5944399018806215
2026-10-09 13:53:00-04:00,0.5936222403924775
2026-10-09 13:54:00-04:00,0.6001635322976288
2026-10-09 13:55:00-04:00,0.5977105478331971
2026-10-09 13:56:00-04:00,0.6009811937857726
2026-10-09 13:57:00-04:00,0.6034341782502044
2026-10-09 13:58:00-04:00,0.6042518397383483
2026-10-09 13:59:00-04:00,0.60670482420278
2026-10-09 14:00:00-04:00,0.6009811937857726
2026-10-09 14:01:00-04:00,0.6042518397383483
2026-10-09 14:02:00-04:00,0.5993458708094849
2026-10-09 14:03:00-04:00,0.6017988552739166
2026-10-09 14:04:00-04:00,0.6034341782502044
2026-10-09 14:05:00-04:00,0.6099754701553557
2026-10-09 14:06:00-04:00,0.6099754701553557
2026-10-09 14:07:00-04:00,0.6075224856909239
2026-10-09 14:08:00-04:00,0.6099754701553557
2026-10-09 14:09:00-04:00,0.6091578086672118
2026-10-09 14:10:00-04:00,0.6148814390842191
2026-10-09 14:11:00-04:00,0.6173344235486509
2026-10-09 14:12:00-04:00,0.6124284546197875
2026-10-09 14:13:00-04:00,0.615699100572363
2026-10-09 14:14:00-04:00,0.6075224856909239
2026-10-09 14:15:00-04:00,0.6091578086672118
2026-10-09 14:16:00-04:00,0.6050695012264923
2026-10-09 14:17:00-04:00,0.60670482420278
2026-10-09 14:18:00-04:00,0.6099754701553557
2026-10-09 14:19:00-04:00,0.6140637775960752
2026-10-09 14:20:00-04:00,0.6107931316434996
2026-10-09 14:21:00-04:00,0.6050695012264923
2026-10-09 14:22:00-04:00,0.60670482420278
2026-10-09 14:23:00-04:00,0.6050695012264923
2026-10-09 14:24:00-04:00,0.6017988552739166
2026-10-09 14:25:00-04:00,0.6026165167620605
2026-10-09 14:26:00-04:00,0.6058871627146362
2026-10-09 14:27:00-04:00,0.6034341782502044
2026-10-09 14:28:00-04:00,0.598528209321341
2026-10-09 14:29:00-04:00,0.5977105478331971
2026-10-09 14:30:00-04:00,0.5944399018806215
2026-10-09 14:31:00-04:00,0.5919869174161897
2026-10-09 14:32:00-04:00,0.5936222403924775
2026-10-09 14:33:00-04:00,0.5960752248569092
2026-10-09 14:34:00-04:00,0.6009811937857726
2026-10-09 14:35:00-04:00,0.598528209321341
2026-10-09 14:36:00-04:00,0.598528209321341
2026-10-09 14:37:00-04:00,0.5936222403924775
2026-10-09 14:38:00-04:00,0.5895339329517579
2026-10-09 14:39:00-04:00,0.5919869174161897
2026-10-09 14:40:00-04:00,0.5919869174161897
2026-10-09 14:41:00-04:00,0.5944399018806215
2026-10-09 14:42:00-04:00,0.5895339329517579
2026-10-09 14:43:00-04:00,0.5862632869991823
2026-10-09 14:44:00-04:00,0.5878986099754702
2026-10-09 14:45:00-04:00,0.5911692559280458
2026-10-09 14:46:00-04:00,0.5903515944399019
2026-10-09 14:47:00-04:00,0.5870809484873263
2026-10-09 14:48:00-04:00,0.5895339329517579
2026-10-09 14:49:00-04:00,0.5960752248569092
2026-10-09 14:50:00-04:00,0.6107931316434996
2026-10-09 14:51:00-04:00,0.6099754701553557
2026-10-09 14:52:00-04:00,0.5993458708094849
2026-10-09 14:53:00-04:00,0.6026165167620605
2026-10-09 14:54:00-04:00,0.5977105478331971
2026-10-09 14:55:00-04:00,0.5928045789043336
2026-10-09 14:56:00-04:00,0.5952575633687653
2026-10-09 14:57:00-04:00,0.5977105478331971
2026-10-09 14:58:00-04:00,0.598528209321341
2026-10-09 14:59:00-04:00,0.6050695012264923
2026-10-09 15:00:00-04:00,0.60670482420278
2026-10-09 15:01:00-04:00,0.6075224856909239
2026-10-09 15:02:00-04:00,0.6116107931316435
2026-10-09 15:03:00-04:00,0.6124284546197875
2026-10-09 15:04:00-04:00,0.6132461161079313
2026-10-09 15:05:00-04:00,0.6107931316434996
2026-10-09 15:06:00-04:00,0.615699100572363
2026-10-09 15:07:00-04:00,0.6107931316434996
2026-10-09 15:08:00-04:00,0.60670482420278
2026-10-09 15:09:00-04:00,0.6099754701553557
2026-10-09 15:10:00-04:00,0.6140637775960752
2026-10-09 15:11:00-04:00,0.6140637775960752
2026-10-09 15:12:00-04:00,0.615699100572363
2026-10-09 15:13:00-04:00,0.6083401471790678
2026-10-09 15:14:00-04:00,0.6075224856909239
2026-10-09 15:15:00-04:00,0.6075224856909239
2026-10-09 15:16:00-04:00,0.6034341782502044
2026-10-09 15:17:00-04:00,0.5977105478331971
2026-10-09 15:18:00-04:00,0.6050695012264923
2026-10-09 15:19:00-04:00,0.6091578086672118
2026-10-09 15:20:00-04:00,0.6091578086672118
2026-10-09 15:21:00-04:00,0.6083401471790678
2026-10-09 15:22:00-04:00,0.6140637775960752
2026-10-09 15:23:00-04:00,0.616516762060507
2026-10-09 15:24:00-04:00,0.616516762060507
2026-10-09 15:25:00-04:00,0.6140637775960752
2026-10-09 15:26:00-04:00,0.6148814390842191
2026-10-09 15:27:00-04:00,0.6148814390842191
2026-10-09 15:28:00-04:00,0.6099754701553557
2026-10-09 15:29:00-04:00,0.60670482420278
2026-10-09 15:30:00-04:00,0.6083401471790678
2026-10-09 15:31:00-04:00,0.6107931316434996
2026-10-09 15:32:00-04:00,0.6058871627146362
2026-10-09 15:33:00-04:00,0.6083401471790678
2026-10-09 15:34:00-04:00,0.616516762060507
2026-10-09 15:35:00-04:00,0.6107931316434996
2026-10-09 15:36:00-04:00,0.6091578086672118
2026-10-09 15:37:00-04:00,0.6107931316434996
2026-10-09 15:38:00-04:00,0.6116107931316435
2026-10-09 15:39:00-04:00,0.6099754701553557
2026-10-09 15:40:00-04:00,0.6148814390842191
2026-10-09 15:41:00-04:00,0.616516762060507
2026-10-09 15:42:00-04:00,0.615699100572363
2026-10-09 15:43:00-04:00,0.6132461161079313
2026-10-09 15:44:00-04:00,0.6091578086672118
2026-10-09 15:45:00-04:00,0.60670482420278
2026-10-09 15:46:00-04:00,0.6026165167620605
2026-10-09 15:47:00-04:00,0.5960752248569092
2026-10-09 15:48:00-04:00,0.5952575633687653
2026-10-09 15:49:00-04:00,0.5928045789043336
2026-10-09 15:50:00-04:00,0.5870809484873263
2026-10-09 15:51:00-04:00,0.5682747342600164
2026-10-09 15:52:00-04:00,0.5682747342600164
2026-10-09 15:53:00-04:00,0.5748160261651676
2026-10-09 15:54:00-04:00,0.5723630417007359
2026-10-09 15:55:00-04:00,0.5764513491414555
2026-10-09 15:56:00-04:00,0.5780866721177432
2026-10-09 15:57:00-04:00,0.5813573180703189
2026-10-09 15:58:00-04:00,0.5797219950940311
2026-10-09 15:59:00-04:00,0.5772690106295993
