setup,group,kind,side,geom,min_adv,window,tries,tries_src,n,days,per_day,win_rate,exp_r,t,t_required,ex_best_day,green_days,up_n,up_exp,up_t,flat_n,flat_exp,flat_t,down_n,down_exp,down_t,wf_folds,wf_share_pos,wf_trailing_on_exp,dsr,unseen_n,unseen_exp,unseen_t,per_quarter,per_quarter_n,verdict,failed_gates
intraday_momentum,live original,bt,both,bt,,,15,setup screen (15 setups),1151.0,396.0,2.91,0.4448,-0.0669,-2.7,2.327,-0.0741,0.429,401.0,-0.0681,-1.77,377.0,-0.0223,-0.59,373.0,-0.1108,-2.15,17.0,0.294,-0.0267,0.0,740.0,-0.0917,-2.79,"{""2024Q4"": -0.0706, ""2025Q1"": -0.0687, ""2025Q2"": -0.1289, ""2025Q3"": -0.0439, ""2025Q4"": -0.0761, ""2026Q1"": -0.0698, ""2026Q2"": -0.0826, ""2026Q3"": 0.0114, ""2026Q4"": -0.0541}","{""2024Q4"": 57, ""2025Q1"": 62, ""2025Q2"": 198, ""2025Q3"": 135, ""2025Q4"": 165, ""2026Q1"": 179, ""2026Q2"": 163, ""2026Q3"": 177, ""2026Q4"": 15}",retire,exp<=0; t -2.7 < 2.327; regime (up and down must both be > 0); walk-forward share 0.294 < 0.6
orb20_a,live original,bt,both,bt,,,15,setup screen (15 setups),2827.0,423.0,6.68,0.4535,-0.0,-0.0,2.327,-0.0035,0.492,956.0,0.0509,1.33,921.0,-0.039,-1.2,950.0,-0.0135,-0.39,17.0,0.529,-0.0237,0.0383,1767.0,0.0183,0.7,"{""2024Q4"": 0.0219, ""2025Q1"": 0.1125, ""2025Q2"": -0.0175, ""2025Q3"": 0.0133, ""2025Q4"": 0.0689, ""2026Q1"": -0.0609, ""2026Q2"": -0.0436, ""2026Q3"": 0.017, ""2026Q4"": -0.1226}","{""2024Q4"": 77, ""2025Q1"": 145, ""2025Q2"": 427, ""2025Q3"": 397, ""2025Q4"": 406, ""2026Q1"": 454, ""2026Q2"": 426, ""2026Q3"": 452, ""2026Q4"": 43}",retire,exp<=0; t 0.0 < 2.327; regime (up and down must both be > 0); walk-forward share 0.529 < 0.6
heat_fade_short,live original,heat,short,t1s1,125000000.0,"(950, 1030)",19200,heat study,14433.0,425.0,33.96,0.5226,0.0168,0.68,4.441,0.0059,0.525,4544.0,-0.1989,-5.59,5187.0,0.0818,1.94,4702.0,0.1537,4.5,17.0,0.706,0.0041,0.0003,7742.0,-0.0015,-0.05,"{""2024Q4"": 0.1582, ""2025Q1"": 0.0826, ""2025Q2"": -0.072, ""2025Q3"": 0.0277, ""2025Q4"": 0.0386, ""2026Q1"": 0.0081, ""2026Q2"": -0.0153, ""2026Q3"": 0.0971, ""2026Q4"": 0.0613}","{""2024Q4"": 391, ""2025Q1"": 466, ""2025Q2"": 2564, ""2025Q3"": 1249, ""2025Q4"": 1693, ""2026Q1"": 1995, ""2026Q2"": 3313, ""2026Q3"": 2594, ""2026Q4"": 168}",rework,t 0.68 < 4.441; regime (up and down must both be > 0)
heat_fade_long,live original,heat,long,t1s1,125000000.0,"(1105, 1330)",19200,heat study,14460.0,426.0,33.94,0.4924,-0.0457,-1.16,4.441,-0.0552,0.561,2717.0,0.0761,2.47,4785.0,0.0353,0.69,6958.0,-0.149,-2.27,17.0,0.412,-0.0917,0.0,8518.0,-0.0683,-1.16,"{""2024Q4"": 0.1585, ""2025Q1"": -0.0987, ""2025Q2"": -0.0853, ""2025Q3"": 0.0201, ""2025Q4"": -0.1091, ""2026Q1"": -0.0358, ""2026Q2"": -0.0952, ""2026Q3"": 0.0385, ""2026Q4"": 0.1662}","{""2024Q4"": 191, ""2025Q1"": 593, ""2025Q2"": 2019, ""2025Q3"": 1430, ""2025Q4"": 2491, ""2026Q1"": 2633, ""2026Q2"": 2570, ""2026Q3"": 2347, ""2026Q4"": 186}",rework,exp<=0; t -1.16 < 4.441; regime (up and down must both be > 0); walk-forward share 0.412 < 0.6
exhaustion_short,live original,lab,short,t1s1,95000000.0,"(1300, 1500)",855600,setups2 swarm,5973.0,416.0,14.36,0.5146,-0.0103,-0.32,5.227,-0.0272,0.5,2678.0,-0.075,-1.68,1669.0,-0.025,-0.55,1626.0,0.1113,1.4,17.0,0.294,0.0451,0.0,3618.0,-0.0576,-1.79,"{""2024Q4"": -0.2026, ""2025Q1"": -0.2184, ""2025Q2"": 0.0629, ""2025Q3"": -0.0872, ""2025Q4"": -0.0329, ""2026Q1"": -0.0541, ""2026Q2"": -0.067, ""2026Q3"": 0.2591, ""2026Q4"": -0.0164}","{""2024Q4"": 73, ""2025Q1"": 571, ""2025Q2"": 887, ""2025Q3"": 495, ""2025Q4"": 843, ""2026Q1"": 930, ""2026Q2"": 1218, ""2026Q3"": 873, ""2026Q4"": 83}",retire,exp<=0; t -0.32 < 5.227; regime (up and down must both be > 0); walk-forward share 0.294 < 0.6
MF1-945-flowsell-vwapup,live probation,lab,short,t1s05,95000000.0,"(950, 1030)",8012,lineage scan,2389.0,388.0,6.16,0.3784,-0.058,-2.1,4.24,-0.065,0.438,924.0,-0.2282,-5.38,844.0,0.0353,0.77,621.0,0.0683,1.37,17.0,0.235,-0.0698,0.0,1518.0,-0.117,-3.47,"{""2024Q4"": -0.1338, ""2025Q1"": -0.1888, ""2025Q2"": -0.1114, ""2025Q3"": -0.1355, ""2025Q4"": -0.1009, ""2026Q1"": 0.0073, ""2026Q2"": -0.0389, ""2026Q3"": 0.1007, ""2026Q4"": -0.0774}","{""2024Q4"": 97, ""2025Q1"": 97, ""2025Q2"": 328, ""2025Q3"": 413, ""2025Q4"": 411, ""2026Q1"": 290, ""2026Q2"": 330, ""2026Q3"": 394, ""2026Q4"": 29}",retire,exp<=0; t -2.1 < 4.24; regime (up and down must both be > 0); walk-forward share 0.235 < 0.6
MF2-open-rsimidhi-flowsell,live probation,lab,short,t1s05,95000000.0,"(950, 1100)",8012,lineage scan,610.0,242.0,2.52,0.3639,-0.0304,-0.83,4.24,-0.0396,0.384,200.0,-0.1001,-1.67,189.0,0.0183,0.29,221.0,-0.009,-0.14,16.0,0.375,-0.0066,0.0,290.0,-0.1058,-2.1,"{""2024Q4"": -0.0383, ""2025Q1"": -0.0428, ""2025Q2"": -0.1645, ""2025Q3"": -0.2247, ""2025Q4"": -0.011, ""2026Q1"": -0.1394, ""2026Q2"": 0.0685, ""2026Q3"": 0.0676, ""2026Q4"": -0.0938}","{""2024Q4"": 8, ""2025Q1"": 37, ""2025Q2"": 49, ""2025Q3"": 43, ""2025Q4"": 96, ""2026Q1"": 104, ""2026Q2"": 126, ""2026Q3"": 135, ""2026Q4"": 12}",retire,exp<=0; t -0.83 < 4.24; regime (up and down must both be > 0); walk-forward share 0.375 < 0.6
MF3-open-flowsell-rsi5hi,live probation,lab,short,t1s1,95000000.0,"(950, 1100)",8012,lineage scan,4136.0,419.0,9.87,0.5017,-0.074,-2.5,4.24,-0.0789,0.47,1723.0,-0.29,-5.78,1402.0,0.0313,0.75,1011.0,0.1481,2.95,17.0,0.353,0.046,0.0,2694.0,-0.1225,-3.31,"{""2024Q4"": -0.1791, ""2025Q1"": -0.0157, ""2025Q2"": -0.1265, ""2025Q3"": -0.1255, ""2025Q4"": -0.1021, ""2026Q1"": -0.085, ""2026Q2"": -0.0138, ""2026Q3"": 0.0267, ""2026Q4"": -0.0909}","{""2024Q4"": 150, ""2025Q1"": 188, ""2025Q2"": 548, ""2025Q3"": 688, ""2025Q4"": 808, ""2026Q1"": 502, ""2026Q2"": 568, ""2026Q3"": 634, ""2026Q4"": 50}",rework,exp<=0; t -2.5 < 4.24; regime (up and down must both be > 0); walk-forward share 0.353 < 0.6
MF4-h40-open-flowsell,live probation,lab,short,t05s1,95000000.0,"(950, 1100)",8012,lineage scan,3318.0,415.0,8.0,0.6401,-0.0887,-3.02,4.24,-0.0938,0.489,1266.0,-0.2454,-4.28,1071.0,-0.0122,-0.34,981.0,0.0299,1.1,17.0,0.294,-0.0,0.0,1993.0,-0.1511,-3.63,"{""2024Q4"": -0.1654, ""2025Q1"": -0.1614, ""2025Q2"": -0.245, ""2025Q3"": -0.1741, ""2025Q4"": -0.0254, ""2026Q1"": -0.1803, ""2026Q2"": 0.0297, ""2026Q3"": 0.0111, ""2026Q4"": -0.1558}","{""2024Q4"": 77, ""2025Q1"": 164, ""2025Q2"": 459, ""2025Q3"": 351, ""2025Q4"": 624, ""2026Q1"": 454, ""2026Q2"": 541, ""2026Q3"": 605, ""2026Q4"": 43}",retire,exp<=0; t -3.02 < 4.24; regime (up and down must both be > 0); walk-forward share 0.294 < 0.6
MF5-flowsell-vwapup-rsi5hi,live probation,lab,short,t1s1,95000000.0,"(950, 1500)",8012,lineage scan,6827.0,425.0,16.06,0.4986,-0.052,-2.39,4.24,-0.0548,0.48,2743.0,-0.2784,-7.97,2347.0,0.0537,1.75,1737.0,0.1628,4.89,17.0,0.353,0.0602,0.0,4520.0,-0.0949,-3.5,"{""2024Q4"": -0.0934, ""2025Q1"": -0.1091, ""2025Q2"": -0.0784, ""2025Q3"": -0.1148, ""2025Q4"": -0.0703, ""2026Q1"": -0.035, ""2026Q2"": -0.0006, ""2026Q3"": 0.0279, ""2026Q4"": 0.0138}","{""2024Q4"": 285, ""2025Q1"": 320, ""2025Q2"": 980, ""2025Q3"": 1144, ""2025Q4"": 1198, ""2026Q1"": 862, ""2026Q2"": 917, ""2026Q3"": 1027, ""2026Q4"": 94}",rework,exp<=0; t -2.39 < 4.24; regime (up and down must both be > 0); walk-forward share 0.353 < 0.6
NS1-rsidip-rsi5pop-long,live probation,lab,long,t05s1,95000000.0,"(950, 1130)",7374,lineage scan,444.0,210.0,2.11,0.7027,0.0344,0.87,4.22,0.0188,0.624,194.0,0.0968,1.56,135.0,-0.0179,-0.29,115.0,-0.0092,-0.13,14.0,0.5,0.142,0.0014,217.0,-0.0139,-0.24,"{""2024Q4"": -0.0613, ""2025Q1"": -0.1613, ""2025Q2"": 0.0549, ""2025Q3"": 0.0633, ""2025Q4"": -0.0495, ""2026Q1"": -0.1367, ""2026Q2"": 0.0411, ""2026Q3"": 0.2301, ""2026Q4"": 0.4732}","{""2024Q4"": 8, ""2025Q1"": 12, ""2025Q2"": 53, ""2025Q3"": 35, ""2025Q4"": 59, ""2026Q1"": 84, ""2026Q2"": 96, ""2026Q3"": 94, ""2026Q4"": 3}",rework,t 0.87 < 4.22; regime (up and down must both be > 0); walk-forward share 0.5 < 0.6
NS2-sma50break-overbought-short,live probation,lab,short,t1s1,95000000.0,"(950, 1130)",7374,lineage scan,3124.0,368.0,8.49,0.5202,0.0064,0.11,4.22,-0.0417,0.454,1789.0,-0.0572,-0.54,682.0,0.0266,0.49,653.0,0.1596,2.19,17.0,0.353,0.0874,0.0001,1953.0,-0.0209,-0.23,"{""2024Q4"": 0.1119, ""2025Q1"": 0.2642, ""2025Q2"": 0.1437, ""2025Q3"": -0.2558, ""2025Q4"": -0.1315, ""2026Q1"": -0.1646, ""2026Q2"": 0.0269, ""2026Q3"": 0.1309, ""2026Q4"": 0.0296}","{""2024Q4"": 60, ""2025Q1"": 100, ""2025Q2"": 786, ""2025Q3"": 169, ""2025Q4"": 356, ""2026Q1"": 684, ""2026Q2"": 458, ""2026Q3"": 484, ""2026Q4"": 27}",rework,t 0.11 < 4.22; regime (up and down must both be > 0); walk-forward share 0.353 < 0.6
NS3-failed-vwap-reclaim-short,live probation,lab,short,t1s1,95000000.0,"(950, 1130)",7374,lineage scan,1510.0,317.0,4.76,0.551,0.0564,1.26,4.22,0.0411,0.476,360.0,-0.0887,-1.49,596.0,-0.0291,-0.41,554.0,0.2425,3.43,17.0,0.706,-0.0096,0.0071,715.0,0.0955,1.59,"{""2024Q4"": 0.118, ""2025Q1"": 0.1027, ""2025Q2"": 0.1163, ""2025Q3"": -0.0717, ""2025Q4"": 0.1327, ""2026Q1"": 0.1516, ""2026Q2"": -0.1193, ""2026Q3"": 0.1849, ""2026Q4"": 0.4329}","{""2024Q4"": 19, ""2025Q1"": 43, ""2025Q2"": 232, ""2025Q3"": 119, ""2025Q4"": 160, ""2026Q1"": 194, ""2026Q2"": 429, ""2026Q3"": 304, ""2026Q4"": 10}",rework,t 1.26 < 4.22; regime (up and down must both be > 0)
NS4-pm-vwap-reclaim-oversold-short,live probation,lab,short,t1s05,95000000.0,"(1130, 1500)",7374,lineage scan,1469.0,350.0,4.2,0.3901,-0.0647,-2.03,4.22,-0.0688,0.42,709.0,-0.1752,-3.79,451.0,-0.0214,-0.61,309.0,0.1255,2.78,17.0,0.353,-0.0014,0.0,828.0,-0.1125,-2.48,"{""2024Q4"": -0.0572, ""2025Q1"": 0.1184, ""2025Q2"": -0.2218, ""2025Q3"": -0.1531, ""2025Q4"": -0.029, ""2026Q1"": -0.0635, ""2026Q2"": -0.0897, ""2026Q3"": 0.0903, ""2026Q4"": -0.3356}","{""2024Q4"": 26, ""2025Q1"": 46, ""2025Q2"": 233, ""2025Q3"": 152, ""2025Q4"": 172, ""2026Q1"": 263, ""2026Q2"": 272, ""2026Q3"": 292, ""2026Q4"": 13}",rework,exp<=0; t -2.03 < 4.22; regime (up and down must both be > 0); walk-forward share 0.353 < 0.6
NS5-sma50-flush-oversold-long,live probation,lab,long,t1s1,95000000.0,"(950, 1130)",7374,lineage scan,1305.0,294.0,4.44,0.5011,-0.0385,-0.47,4.22,-0.0626,0.527,204.0,0.1014,1.4,449.0,0.1339,1.49,652.0,-0.2011,-1.66,17.0,0.529,-0.0045,0.0,791.0,-0.1222,-1.02,"{""2024Q4"": -0.0008, ""2025Q1"": 0.3633, ""2025Q2"": -0.3386, ""2025Q3"": 0.0735, ""2025Q4"": -0.2493, ""2026Q1"": 0.1546, ""2026Q2"": -0.0032, ""2026Q3"": 0.2046, ""2026Q4"": -0.4782}","{""2024Q4"": 17, ""2025Q1"": 56, ""2025Q2"": 283, ""2025Q3"": 121, ""2025Q4"": 188, ""2026Q1"": 211, ""2026Q2"": 190, ""2026Q3"": 213, ""2026Q4"": 26}",retire,exp<=0; t -0.47 < 4.22; regime (up and down must both be > 0); walk-forward share 0.529 < 0.6
RW1 bdi-rw-gapdn-bounce-flowsell,backlog RW (lab_module),lab,short,t1s1,95000000.0,"(950, 1100)",82068,backlog configs_tried,2489.0,390.0,6.38,0.5259,-0.007,-0.22,4.757,-0.0149,0.469,994.0,-0.2576,-5.75,762.0,0.0662,1.43,733.0,0.2566,5.44,17.0,0.529,0.0892,0.0,1435.0,-0.0691,-1.77,"{""2024Q4"": -0.116, ""2025Q1"": -0.068, ""2025Q2"": -0.2085, ""2025Q3"": -0.1271, ""2025Q4"": 0.037, ""2026Q1"": -0.0337, ""2026Q2"": 0.0182, ""2026Q3"": 0.2091, ""2026Q4"": -0.3279}","{""2024Q4"": 115, ""2025Q1"": 141, ""2025Q2"": 254, ""2025Q3"": 285, ""2025Q4"": 448, ""2026Q1"": 316, ""2026Q2"": 467, ""2026Q3"": 432, ""2026Q4"": 31}",rework,exp<=0; t -0.22 < 4.757; regime (up and down must both be > 0); walk-forward share 0.529 < 0.6
RW2 bdi-rw-exhaustion-noon-adv150,backlog RW (lab_module),lab,short,t1s1,150000000.0,"(1200, 1500)",934522,backlog configs_tried,7797.0,426.0,18.3,0.5144,-0.0089,-0.35,5.244,-0.0188,0.526,3565.0,-0.0784,-1.96,2274.0,0.0017,0.05,1958.0,0.1053,1.87,17.0,0.235,0.0265,0.0,4680.0,-0.0462,-1.52,"{""2024Q4"": -0.1472, ""2025Q1"": -0.2344, ""2025Q2"": 0.1151, ""2025Q3"": -0.1085, ""2025Q4"": -0.0614, ""2026Q1"": -0.0474, ""2026Q2"": -0.0428, ""2026Q3"": 0.1785, ""2026Q4"": -0.0813}","{""2024Q4"": 103, ""2025Q1"": 532, ""2025Q2"": 1175, ""2025Q3"": 687, ""2025Q4"": 1112, ""2026Q1"": 1303, ""2026Q2"": 1600, ""2026Q3"": 1204, ""2026Q4"": 81}",retire,exp<=0; t -0.35 < 5.244; regime (up and down must both be > 0); walk-forward share 0.235 < 0.6
RW3 bdi-rw-gapdn-rsi5pop-flowsell,backlog RW (lab_module),lab,short,t1s1,95000000.0,"(950, 1100)",82068,backlog configs_tried,1816.0,357.0,5.09,0.5039,-0.0412,-1.22,4.757,-0.0486,0.476,765.0,-0.2944,-6.41,615.0,0.1083,2.46,436.0,0.1923,2.91,17.0,0.353,0.1994,0.0,1161.0,-0.1134,-2.82,"{""2024Q4"": 0.031, ""2025Q1"": 0.0693, ""2025Q2"": -0.1593, ""2025Q3"": -0.1554, ""2025Q4"": -0.0794, ""2026Q1"": -0.1508, ""2026Q2"": -0.071, ""2026Q3"": 0.2298, ""2026Q4"": 0.1266}","{""2024Q4"": 92, ""2025Q1"": 112, ""2025Q2"": 178, ""2025Q3"": 256, ""2025Q4"": 374, ""2026Q1"": 252, ""2026Q2"": 246, ""2026Q3"": 283, ""2026Q4"": 23}",rework,exp<=0; t -1.22 < 4.757; regime (up and down must both be > 0); walk-forward share 0.353 < 0.6
RW4 bdi-rw-ns3-adv150,backlog RW (lab_module),lab,short,t1s1,150000000.0,"(950, 1130)",81430,backlog configs_tried,1216.0,288.0,4.22,0.5502,0.0541,1.13,4.756,0.039,0.483,285.0,-0.1073,-1.57,480.0,-0.0239,-0.31,451.0,0.2392,3.22,16.0,0.5,0.0119,0.0009,566.0,0.0904,1.37,"{""2024Q4"": 0.0382, ""2025Q1"": 0.1037, ""2025Q2"": 0.1231, ""2025Q3"": -0.1048, ""2025Q4"": 0.0688, ""2026Q1"": 0.2291, ""2026Q2"": -0.129, ""2026Q3"": 0.2019, ""2026Q4"": 0.4397}","{""2024Q4"": 15, ""2025Q1"": 33, ""2025Q2"": 184, ""2025Q3"": 95, ""2025Q4"": 127, ""2026Q1"": 156, ""2026Q2"": 360, ""2026Q3"": 240, ""2026Q4"": 6}",rework,t 1.13 < 4.756; regime (up and down must both be > 0); walk-forward share 0.5 < 0.6
RW5 bdi-rw-heat30-flowsell-rsi5pop-gapdn,backlog RW (lab_module),lab,short,t1s1,95000000.0,"(950, 1100)",82068,backlog configs_tried,1294.0,323.0,4.01,0.5278,-0.0133,-0.32,4.757,-0.0259,0.529,595.0,-0.2622,-4.48,438.0,0.1568,2.7,261.0,0.2686,3.63,17.0,0.588,0.0668,0.0,861.0,-0.0757,-1.42,"{""2024Q4"": -0.1329, ""2025Q1"": 0.237, ""2025Q2"": -0.0767, ""2025Q3"": 0.0036, ""2025Q4"": -0.0705, ""2026Q1"": -0.2236, ""2026Q2"": 0.0509, ""2026Q3"": 0.1936, ""2026Q4"": 0.0142}","{""2024Q4"": 59, ""2025Q1"": 90, ""2025Q2"": 134, ""2025Q3"": 188, ""2025Q4"": 258, ""2026Q1"": 203, ""2026Q2"": 166, ""2026Q3"": 174, ""2026Q4"": 22}",rework,exp<=0; t -0.32 < 4.757; regime (up and down must both be > 0); walk-forward share 0.588 < 0.6
RW6 bdi-rw-ns2-up3,backlog RW (lab_module),lab,short,t1s1,95000000.0,"(950, 1130)",81430,backlog configs_tried,1461.0,262.0,5.58,0.5428,0.0566,0.77,4.756,-0.0175,0.454,897.0,0.0276,0.23,272.0,0.0455,0.59,292.0,0.1559,1.48,17.0,0.471,0.0488,0.0,974.0,0.0403,0.38,"{""2024Q4"": 0.2864, ""2025Q1"": 0.3073, ""2025Q2"": 0.1658, ""2025Q3"": -0.1993, ""2025Q4"": -0.0638, ""2026Q1"": -0.1698, ""2026Q2"": 0.1049, ""2026Q3"": 0.1402, ""2026Q4"": 0.3012}","{""2024Q4"": 23, ""2025Q1"": 48, ""2025Q2"": 463, ""2025Q3"": 70, ""2025Q4"": 161, ""2026Q1"": 271, ""2026Q2"": 192, ""2026Q3"": 221, ""2026Q4"": 12}",rework,t 0.77 < 4.756; walk-forward share 0.471 < 0.6
RW7 bdi-rw-gapdn-bounce-early,backlog RW (lab_module),lab,short,t1s1,95000000.0,"(950, 1030)",82068,backlog configs_tried,1590.0,349.0,4.56,0.5132,-0.0293,-0.94,4.757,-0.035,0.453,677.0,-0.2522,-5.6,523.0,0.0659,1.31,390.0,0.23,4.45,17.0,0.412,0.0454,0.0,1091.0,-0.0727,-1.96,"{""2024Q4"": -0.0057, ""2025Q1"": -0.0943, ""2025Q2"": -0.1134, ""2025Q3"": -0.0496, ""2025Q4"": -0.0495, ""2026Q1"": -0.0133, ""2026Q2"": -0.014, ""2026Q3"": 0.1451, ""2026Q4"": -0.7765}","{""2024Q4"": 99, ""2025Q1"": 63, ""2025Q2"": 180, ""2025Q3"": 284, ""2025Q4"": 338, ""2026Q1"": 188, ""2026Q2"": 209, ""2026Q3"": 211, ""2026Q4"": 18}",rework,exp<=0; t -0.94 < 4.757; regime (up and down must both be > 0); walk-forward share 0.412 < 0.6
RW8 bdi-rw-sma50up-spikefade,backlog RW (lab_module),lab,short,t1s1,95000000.0,"(950, 1500)",81430,backlog configs_tried,459.0,213.0,2.15,0.4793,-0.0896,-1.4,4.756,-0.1104,0.451,225.0,-0.2352,-2.37,133.0,0.0998,1.18,101.0,-0.0146,-0.14,16.0,0.562,0.1137,0.0,240.0,-0.1196,-1.22,"{""2024Q4"": 0.0362, ""2025Q1"": 0.152, ""2025Q2"": -0.4062, ""2025Q3"": -0.02, ""2025Q4"": 0.1738, ""2026Q1"": -0.2692, ""2026Q2"": -0.2243, ""2026Q3"": 0.1106, ""2026Q4"": -0.0138}","{""2024Q4"": 10, ""2025Q1"": 8, ""2025Q2"": 69, ""2025Q3"": 45, ""2025Q4"": 60, ""2026Q1"": 70, ""2026Q2"": 80, ""2026Q3"": 114, ""2026Q4"": 3}",retire,exp<=0; t -1.4 < 4.756; regime (up and down must both be > 0); walk-forward share 0.562 < 0.6
VID1,BDI video,vid,,,,,692484,video digests Vol I+II,,,,,,,,,,,,,,,,,,,,,,,,,,,,not scored,structural exit (GEOM None) and extra 1-minute features: LabStrategy cannot run it
VID2,BDI video,vid,,,,,692484,video digests Vol I+II,,,,,,,,,,,,,,,,,,,,,,,,,,,,not scored,structural exit (GEOM None) and extra 1-minute features: LabStrategy cannot run it
VID3,BDI video,vid,,,,,692484,video digests Vol I+II,,,,,,,,,,,,,,,,,,,,,,,,,,,,not scored,structural exit (GEOM None) and extra 1-minute features: LabStrategy cannot run it
VID4,BDI video,vid,,,,,692484,video digests Vol I+II,,,,,,,,,,,,,,,,,,,,,,,,,,,,not scored,structural exit (GEOM None) and extra 1-minute features: LabStrategy cannot run it
VID5,BDI video,vid,,,,,692484,video digests Vol I+II,,,,,,,,,,,,,,,,,,,,,,,,,,,,not scored,structural exit (GEOM None) and extra 1-minute features: LabStrategy cannot run it
VID6,BDI video,vid,,,,,692484,video digests Vol I+II,,,,,,,,,,,,,,,,,,,,,,,,,,,,not scored,structural exit (GEOM None) and extra 1-minute features: LabStrategy cannot run it
VID7,BDI video,vid,,,,,692484,video digests Vol I+II,,,,,,,,,,,,,,,,,,,,,,,,,,,,not scored,structural exit (GEOM None) and extra 1-minute features: LabStrategy cannot run it
VID8,BDI video,vid,,,,,692484,video digests Vol I+II,,,,,,,,,,,,,,,,,,,,,,,,,,,,not scored,structural exit (GEOM None) and extra 1-minute features: LabStrategy cannot run it
