id,symbol,setup,side,signal_bar_end,r_live,vwap_dist_pct,vwap_sd_z,ema9_dist_pct,ema9_slope,ema21_slope,rsi,cmf,cmf_rising,obv_slope_pos,adx,di_gap,above_vah,below_val,G1k1,G1k2,G2e9,G2e21,G2e9or21,G3a,G3b,G4a25d5,G4a25d10,G4a30d5,G4a30d10,G5,Lr05,Lr10,Lm60,Lm120,sim_cur,sim_E1,sim_E2,E2_stop_dist_R,C3,C6,C12
121,IONQ,heat_fade_long,L,1135,-0.9963,-2.03,-1.79,-0.72,down,down,13.0,-0.168,False,False,26.1,-24.3,False,True,True,True,True,True,True,True,True,True,True,False,False,True,True,False,False,False,-1.05,0.36,-1.14,0.38,dropped,dropped,dropped
128,ACN,exhaustion_short,S,1300,-1.0439,0.78,0.49,0.78,up,up,77.6,0.161,True,False,21.1,15.9,True,False,False,False,True,True,True,True,True,False,False,False,False,True,True,False,True,True,-1.02,-1.02,-1.04,0.57,dropped,dropped,dropped
123,Z,exhaustion_short,S,1335,-1.1483,1.73,1.75,0.5,up,up,76.5,-0.006,False,False,32.8,25.3,True,False,True,True,True,True,True,False,False,True,True,True,True,True,True,True,False,False,-1.13,-1.13,-1.14,0.89,dropped,dropped,1425: -1.13
118,PATH,MF5-flowsell-vwapup-rsi5hi,S,1240,-0.988,0.21,0.38,0.24,up,up,79.1,0.01,True,True,15.4,12.4,False,False,False,False,True,True,True,True,True,False,False,False,False,False,False,False,True,True,-1.24,-0.39,-1.48,0.49,1250: -1.24,1250: -1.24,1250: -1.24
108,NOW,heat_fade_long,L,1110,-1.0442,-1.58,-1.53,-0.37,down,down,19.1,-0.026,True,False,17.7,-6.6,False,True,True,True,True,True,True,False,True,False,False,False,False,True,True,True,False,False,-1.03,-1.03,-1.05,0.6,dropped,dropped,1150: +0.98
124,LDOS,exhaustion_short,S,1335,-1.1132,2.82,2.87,1.25,up,up,83.9,0.356,False,True,36.6,41.2,True,False,True,True,True,True,True,False,True,True,True,True,True,True,True,True,False,False,-1.04,-1.04,-1.27,0.46,dropped,dropped,1420: -1.07
112,SHW,MF3-open-flowsell-rsi5hi,S,1045,-1.1499,0.42,1.1,0.11,up,up,82.8,-0.044,False,True,19.1,6.1,False,False,True,True,True,True,True,False,True,False,False,False,False,False,True,False,False,False,0.76,0.76,1.05,0.72,1055: -1.03,1055: -1.03,1055: -1.03
126,NLY,exhaustion_short,S,1345,-1.0141,1.4,2.67,0.64,up,up,77.1,0.067,True,True,43.9,30.3,True,False,True,True,True,True,True,True,True,True,True,True,True,True,True,False,False,False,-1.23,-1.23,-1.43,0.54,dropped,dropped,dropped
127,VTRS,exhaustion_short,S,1420,-1.0056,1.13,1.88,0.45,up,up,76.5,0.443,True,False,33.6,28.9,False,True,True,True,True,True,True,True,True,True,True,True,True,False,True,False,True,True,-1.25,-1.25,-1.38,0.64,dropped,dropped,dropped
120,BABA,heat_fade_long,L,1105,-1.0071,-1.34,-1.43,-0.35,down,down,16.2,-0.241,False,False,19.6,-14.2,False,True,True,True,True,True,True,True,True,False,False,False,False,True,True,True,False,False,-1.05,0.29,-1.09,0.58,dropped,dropped,dropped
113,GEV,NS4-pm-vwap-reclaim-oversold-short,S,1130,-1.3818,0.04,0.05,0.03,down,down,29.8,-0.117,True,True,21.2,-0.2,True,False,False,False,False,False,False,False,False,False,False,False,False,True,True,False,False,False,-1.02,-0.01,0.74,1.5,1135: -1.02,1135: -1.02,1135: -1.02
