symbol,name,exchange,shortable,easy_to_borrow,is_etf
QXO,"QXO, Inc.",NYSE,True,True,False
AMT,American Tower Corporation,NYSE,True,True,False
CSL,"Carlisle Companies, Inc.",NYSE,True,True,False
CMCSA,Comcast Corporation Class A Common Stock,NASDAQ,True,True,False
MO,"Altria Group, Inc.",NYSE,True,True,False
WWD,"Woodward, Inc. Common Stock",NASDAQ,True,True,False
CBRE,"CBRE GROUP, INC.",NYSE,True,True,False
LMT,Lockheed Martin Corp.,NYSE,True,True,False
APTV,Aptiv PLC,NYSE,True,True,False
BIO,"Bio-Rad Laboratories, Inc.Class A",NYSE,True,True,False
EGP,EastGroup Properties Inc.,NYSE,True,True,False
FCNCA,"First Citizens BancShares, Inc. Class A Common Stock",NASDAQ,True,True,False
IWO,iShares Russell 2000 Growth ETF,ARCA,True,True,True
ONC,BeOne Medicines Ltd. American Depositary Shares,NASDAQ,True,True,False
QLYS,"Qualys, Inc. Common Stock",NASDAQ,True,True,False
SUNB,"Sunbelt Rentals Holdings, Inc.",NYSE,True,True,False
TFX,Teleflex Incorporated,NYSE,True,True,False
PRAX,"Praxis Precision Medicines, Inc. Common Stock",NASDAQ,True,True,False
AYI,Acuity Inc.,NYSE,True,True,False
RBLX,Roblox Corporation,NYSE,True,True,False
IBN,ICICI Bank Limited,NYSE,True,True,False
CPRT,"Copart, Inc. (DE) Common Stock",NASDAQ,True,True,False
DHR,Danaher Corporation,NYSE,True,True,False
MLM,Martin Marietta Materials,NYSE,True,True,False
ORA,"Ormat Technologies, Inc.",NYSE,True,True,False
UNP,Union Pacific Corp.,NYSE,True,True,False
VZ,Verizon Communications,NYSE,True,True,False
V,VISA Inc.,NYSE,True,True,False
SN,"SharkNinja, Inc.",NYSE,True,True,False
AUGO,Aura Minerals Inc. Common Shares,NASDAQ,True,True,False
CELH,"Celsius Holdings, Inc. Common Stock",NASDAQ,True,True,False
CRM,"Salesforce, Inc.",NYSE,True,True,False
EAT,"Brinker International, Inc.",NYSE,True,True,False
LUV,Southwest Airlines Co.,NYSE,True,True,False
WMB,Williams Companies Inc.,NYSE,True,True,False
BLK,"Blackrock, Inc.",NYSE,True,True,False
OMC,Omnicom Group Inc.,NYSE,True,True,False
DT,"Dynatrace, Inc.",NYSE,True,True,False
NVS,Novartis AG,NYSE,True,True,False
FCX,Freeport-McMoran Inc.,NYSE,True,True,False
FDXF,"FedEx Freight Holding Company, Inc.",NYSE,True,True,False
FERG,Ferguson Enterprises Inc.,NYSE,True,True,False
FORM,"FormFactor, Inc. FormFactor, Inc. Common Stock",NASDAQ,True,True,False
FFIV,"F5, Inc. Common Stock",NASDAQ,True,True,False
FHN,First Horizon Corporation,NYSE,True,True,False
FOXA,Fox Corporation Class A Common Stock,NASDAQ,True,True,False
FIGR,"Figure Technology Solutions, Inc. Class A Common Stock",NASDAQ,True,True,False
FIS,"Fidelity National Information Services, Inc.",NYSE,True,True,False
FISV,"Fiserv, Inc. Common Stock",NASDAQ,True,True,False
FIVE,"Five Below, Inc. Common Stock",NASDAQ,True,True,False
FIX,"Comfort Systems USA, Inc.",NYSE,True,True,False
FLUT,Flutter Entertainment plc,NYSE,True,True,False
IQV,IQVIA Holdings Inc.,NYSE,True,True,False
IBB,iShares Biotechnology ETF,NASDAQ,True,True,True
AGCO,AGCO Corporation,NYSE,True,True,False
DRAM,Roundhill Memory ETF,BATS,True,True,True
AKAM,"Akamai Technologies, Inc. Common Stock",NASDAQ,True,True,False
XYL,Xylem Inc,NYSE,True,True,False
BN,Brookfield Corporation,NYSE,True,True,False
BURL,"BURLINGTON STORES, INC.",NYSE,True,True,False
CF,"CF Industries Holding, Inc.",NYSE,True,True,False
MP,MP Materials Corp.,NYSE,True,True,False
PNC,PNC Financial Services Group,NYSE,True,True,False
QURE,uniQure N.V. Ordinary Shares,NASDAQ,True,True,False
VGK,Vanguard FTSE Europe ETF,ARCA,True,True,True
VRSN,"VeriSign, Inc. Common Stock",NASDAQ,True,True,False
VLY,Valley National Bancorp Common Stock,NASDAQ,True,True,False
FND,"Floor & Decor Holdings, Inc.",NYSE,True,True,False
FNDF,Schwab Fundamental International Equity ETF,ARCA,True,True,True
FROG,JFrog Ltd. Ordinary Shares,NASDAQ,True,True,False
FNF,"Fidelity National Financial, Inc.",NYSE,True,True,False
LOW,Lowe's Companies Inc.,NYSE,True,True,False
EOG,"EOG Resources, Inc.",NYSE,True,True,False
AVT,"Avnet, Inc. Common Stock",NASDAQ,True,True,False
ETR,Entergy Corporation,NYSE,True,True,False
ABNB,"Airbnb, Inc. Class A Common Stock",NASDAQ,True,True,False
AMZN,"Amazon.com, Inc. Common Stock",NASDAQ,True,True,False
CMI,Cummins Inc.,NYSE,True,True,False
ELAN,Elanco Animal Health Incorporated Common Stock,NYSE,True,True,False
NEE,"NextEra Energy, Inc.",NYSE,True,True,False
PR,Permian Resources Corporation,NYSE,True,True,False
RF,Regions Financial Corp.,NYSE,True,True,False
BALL,Ball Corporation,NYSE,True,True,False
ROIV,Roivant Sciences Ltd. Common Shares,NASDAQ,True,True,False
ROKU,"Roku, Inc. Class A Common Stock",NASDAQ,True,True,False
ROP,"Roper Technologies, Inc. Common Stock",NASDAQ,True,True,False
ROST,"Ross Stores, Inc. Common Stock",NASDAQ,True,True,False
SMR,NuScale Power Corporation,NYSE,True,True,False
SMTC,Semtech Corporation Common Stock,NASDAQ,True,True,False
SNA,Snap-on Incorporated,NYSE,True,True,False
RPRX,Royalty Pharma plc Class A Ordinary Shares,NASDAQ,True,True,False
SNDK,Sandisk Corporation Common Stock,NASDAQ,True,True,False
RSG,Republic Services Inc.,NYSE,True,True,False
SOFI,"SoFi Technologies, Inc. Common Stock",NASDAQ,True,True,False
SOLS,Solstice Advanced Materials Inc. Common Stock,NASDAQ,True,True,False
SOUN,"SoundHound AI, Inc Class A Common Stock",NASDAQ,True,True,False
SOXL,Direxion Daily Semiconductor Bull 3X ETF,ARCA,True,True,True
SOXQ,Invesco Exchange-Traded Fund Trust II Invesco PHLX Semiconductor ETF,NASDAQ,True,True,True
SOXX,iShares Semiconductor ETF,NASDAQ,True,True,True
RVMD,"Revolution Medicines, Inc. Common Stock",NASDAQ,True,True,False
RY,Royal Bank of Canada,NYSE,True,True,False
SAIL,"SailPoint, Inc. Common Stock",NASDAQ,True,True,False
SAN,Banco Santander S.A.,NYSE,True,True,False
SANM,Sanmina Corporation Common Stock,NASDAQ,True,True,False
SBAC,SBA Communications Corporation Class A Common Stock,NASDAQ,True,True,False
SCHW,The Charles Schwab Corporation,NYSE,True,True,False
SCO,ProShares UltraShort Bloomberg Crude Oil,ARCA,True,True,True
SCZ,iShares MSCI EAFE Small-Cap ETF,NASDAQ,True,True,True
SE,"Sea Limited American Depositary Shares, each representing one Class A Ordinary Share",NYSE,True,True,False
SEDG,"SolarEdge Technologies, Inc. Common Stock",NASDAQ,True,True,False
SEI,"Solaris Energy Infrastructure, Inc.",NYSE,True,True,False
SFM,"Sprouts Farmers Market, Inc. Common Stock",NASDAQ,True,True,False
SGI,Somnigroup International Inc.,NYSE,True,True,False
SGOL,abrdn Physical Gold Shares ETF,ARCA,True,True,True
SHEL,Shell plc American Depositary Shares (Each represents two Ordinary shares),NYSE,True,True,False
SHLD,Global X Defense Tech ETF,ARCA,True,True,True
SHOP,Shopify Inc. Class A subordinate voting shares,NASDAQ,True,True,False
SHW,The Sherwin-Williams Company,NYSE,True,True,False
SILJ,Amplify Junior Silver Miners ETF,ARCA,True,True,True
SIMO,Silicon Motion Technology Corporation American Depositary Shares,NASDAQ,True,True,False
SIRI,SiriusXM Holdings Inc. Common Stock,NASDAQ,True,True,False
SITM,SiTime Corporation Common Stock,NASDAQ,True,True,False
SJM,The J.M. Smucker Company,NYSE,True,True,False
SKHY,SK hynix Inc. American Depositary Shares,NASDAQ,True,True,False
SLV,iShares Silver Trust,ARCA,True,True,True
ERY,Direxion Daily Energy Bear 2X ETF,ARCA,True,True,True
REGN,"Regeneron Pharmaceuticals, Inc. Common Stock",NASDAQ,True,True,False
ACM,Aecom,NYSE,True,True,False
ARMK,ARAMARK,NYSE,True,True,False
BROS,Dutch Bros Inc.,NYSE,True,True,False
BWXT,"BWX Technologies, Inc.",NYSE,True,True,False
CLX,Clorox Company,NYSE,True,True,False
IGV,iShares Expanded Tech-Software Sector ETF,BATS,True,True,True
MSCI,"MSCI, Inc.",NYSE,True,True,False
NKE,"Nike, Inc.",NYSE,True,True,False
AXSM,"Axsome Therapeutics, Inc. Common Stock",NASDAQ,True,True,False
AXTI,AXT Inc Common Stock,NASDAQ,True,True,False
FTV,Fortive Corporation,NYSE,True,True,False
COMP,"Compass, Inc.",NYSE,True,True,False
KVYO,"Klaviyo, Inc.",NYSE,True,True,False
PINS,"Pinterest, Inc. Class A Common Stock",NYSE,True,True,False
SPOT,Spotify Technology S.A.,NYSE,True,True,False
TGT,Target Corporation,NYSE,True,True,False
TJX,"TJX Companies, Inc. (The)",NYSE,True,True,False
ATI,ATI Inc.,NYSE,True,True,False
VOYA,"VOYA FINANCIAL, INC.",NYSE,True,True,False
EXR,"Extra Space Storage, Inc.",NYSE,True,True,False
IEFA,iShares Core MSCI EAFE ETF,BATS,True,True,True
ACN,Accenture PLC,NYSE,True,True,False
CNM,"Core & Main, Inc.",NYSE,True,True,False
BRKR,Bruker Corporation Common Stock,NASDAQ,True,True,False
WCC,Wesco International Inc.,NYSE,True,True,False
ES,Eversource Energy,NYSE,True,True,False
HCA,"HCA Healthcare, Inc.",NYSE,True,True,False
HNGE,"Hinge Health, Inc.",NYSE,True,True,False
IRM,Iron Mountain Inc.,NYSE,True,True,False
J,Jacobs Solutions Inc.,NYSE,True,True,False
L,Loews Corporation,NYSE,True,True,False
MCD,McDonald's Corporation,NYSE,True,True,False
TT,Trane Technologies plc,NYSE,True,True,False
IEMG,iShares Core MSCI Emerging Markets ETF,ARCA,True,True,True
IFF,International Flavors & Fragrances Inc.,NYSE,True,True,False
BDX,"Becton, Dickinson and Co.",NYSE,True,True,False
IGLB,iShares 10+ Year Investment Grade Corporate Bond ETF,ARCA,True,True,True
LLY,Eli Lilly & Co.,NYSE,True,True,False
RDW,Redwire Corporation,NYSE,True,True,False
SYF,SYNCHRONY FINANCIAL,NYSE,True,True,False
TSN,"Tyson Foods, Inc.",NYSE,True,True,False
CTAS,Cintas Corporation Common Stock,NASDAQ,True,True,False
EWZ,iShares MSCI Brazil ETF,ARCA,True,True,True
A,Agilent Technologies Inc.,NYSE,True,True,False
AA,Alcoa Corporation,NYSE,True,True,False
ADP,"Automatic Data Processing, Inc. Common Stock",NASDAQ,True,True,False
AEHR,Aehr Test Systems Common Stock,NASDAQ,True,True,False
AGNC,AGNC Investment Corp. Common Stock,NASDAQ,True,True,False
BA,Boeing Company,NYSE,True,True,False
ALK,"Alaska Air Group, Inc.",NYSE,True,True,False
ROK,"Rockwell Automation, Inc.",NYSE,True,True,False
PFE,Pfizer Inc.,NYSE,True,True,False
BKNG,Booking Holdings Inc. Common Stock,NASDAQ,True,True,False
ADSK,"Autodesk, Inc. Common Stock",NASDAQ,True,True,False
IOT,Samsara Inc.,NYSE,True,True,False
ALAB,"Astera Labs, Inc. Common Stock",NASDAQ,True,True,False
PWR,"Quanta Services, Inc.",NYSE,True,True,False
SPXL,Direxion Daily S&P 500 Bull 3x ETF,ARCA,True,True,True
SPY,State Street SPDR S&P 500 ETF Trust,ARCA,True,True,True
SPYG,State Street SPDR Portfolio S&P 500 Growth ETF,ARCA,True,True,True
TROW,"T. Rowe Price Group, Inc. Common Stock",NASDAQ,True,True,False
CL,Colgate-Palmolive Company,NYSE,True,True,False
COF,Capital One Financial,NYSE,True,True,False
SBUX,Starbucks Corporation Common Stock,NASDAQ,True,True,False
FDX,FedEx Corporation,NYSE,True,True,False
AER,Aercap Holdings N.V.,NYSE,True,True,False
AIZ,"Assurant, Inc.",NYSE,True,True,False
DGX,Quest Diagnostics Inc.,NYSE,True,True,False
EPAM,"EPAM SYSTEMS, INC.",NYSE,True,True,False
KVUE,Kenvue Inc.,NYSE,True,True,False
RRX,Regal Rexnord Corporation,NYSE,True,True,False
UPS,"United Parcel Service, Inc. Class B",NYSE,True,True,False
VG,"Venture Global, Inc.",NYSE,True,True,False
WDC,Western Digital Corporation Common Stock,NASDAQ,True,True,False
CVNA,Carvana Co.,NYSE,True,True,False
PNR,Pentair plc,NYSE,True,True,False
ALV,"Autoliv, Inc.",NYSE,True,True,False
AAON,"AAON, Inc. Common Stock",NASDAQ,True,True,False
BB,BlackBerry Limited,NYSE,True,True,False
DG,Dollar General Corp.,NYSE,True,True,False
ETSY,"Etsy, Inc.",NYSE,True,True,False
CUBE,CubeSmart,NYSE,True,True,False
EVR,Evercore Inc.,NYSE,True,True,False
HBM,Hudbay Minerals Inc.,NYSE,True,True,False
TEVA,Teva Pharmaceutical Industries Limited,NYSE,True,True,False
VSAT,"ViaSat, Inc. Common Stock",NASDAQ,True,True,False
WSM,"Williams-Sonoma, Inc.",NYSE,True,True,False
IBRX,"ImmunityBio, Inc. Common Stock",NASDAQ,True,True,False
GLW,Corning Incorporated,NYSE,True,True,False
ALLY,Ally Financial Inc.,NYSE,True,True,False
EW,Edwards Lifesciences Corp,NYSE,True,True,False
FICO,Fair Isaac Corporation,NYSE,True,True,False
IAG,IAMGold Corporation,NYSE,True,True,False
T,AT&T Inc.,NYSE,True,True,False
ICLN,iShares Global Clean Energy ETF,NASDAQ,True,True,True
IDEV,iShares Core MSCI International Developed Markets ETF,ARCA,True,True,True
AAOI,"Applied Optoelectronics, Inc. Common Stock",NASDAQ,True,True,False
ABT,Abbott Laboratories,NYSE,True,True,False
ABVX,Abivax SA American Depositary Shares,NASDAQ,True,True,False
DE,Deere & Company,NYSE,True,True,False
ACGL,Arch Capital Group Ltd. Common Stock,NASDAQ,True,True,False
ACMR,"ACM Research, Inc. Class A Common Stock",NASDAQ,True,True,False
DUK,Duke Energy Corporation,NYSE,True,True,False
ACWX,iShares MSCI ACWI ex US ETF,NASDAQ,True,True,True
ADC,Agree Realty Corporation,NYSE,True,True,False
ADI,"Analog Devices, Inc. Common Stock",NASDAQ,True,True,False
ADM,Archer Daniels Midland Company,NYSE,True,True,False
AEP,"American Electric Power Company, Inc. Common Stock",NASDAQ,True,True,False
AFRM,"Affirm Holdings, Inc. Class A Common Stock",NASDAQ,True,True,False
AG,FIRST MAJESTIC SILVER CORP,NYSE,True,True,False
AGI,Alamos Gold Inc. Class A Common Shares,NYSE,True,True,False
ITW,Illinois Tool Works Inc.,NYSE,True,True,False
IYR,iShares U.S. Real Estate ETF,ARCA,True,True,True
AGQ,ProShares Ultra Silver,ARCA,True,True,True
KTOS,"Kratos Defense & Security Solutions, Inc. Common Stock",NASDAQ,True,True,False
AIG,"American International Group, Inc.",NYSE,True,True,False
AIT,"Applied Industrial Technologies, Inc.",NYSE,True,True,False
ALC,Alcon Inc. Ordinary Shares,NYSE,True,True,False
ALGM,"Allegro MicroSystems, Inc. Common Stock",NASDAQ,True,True,False
ALGN,"Align Technology, Inc. Common Stock",NASDAQ,True,True,False
ALLE,Allegion Public Limited Company,NYSE,True,True,False
ALM,Almonty Industries Inc. Common Shares,NASDAQ,True,True,False
ALNY,"Alnylam Pharmaceuticals, Inc. Common Stock",NASDAQ,True,True,False
ALSN,"ALLISON TRANSMISSION HOLDINGS, INC.",NYSE,True,True,False
AMAT,"Applied Materials, Inc. Common Stock",NASDAQ,True,True,False
AMBA,"Ambarella, Inc. Ordinary Shares",NASDAQ,True,True,False
AMCR,Amcor plc Ordinary Shares,NYSE,True,True,False
AMG,Affiliated Managers Group,NYSE,True,True,False
AMGN,Amgen Inc. Common Stock,NASDAQ,True,True,False
AMH,AMERICAN HOMES 4 RENT,NYSE,True,True,False
AMKR,"Amkor Technology, Inc. Common Stock",NASDAQ,True,True,False
AMP,"Ameriprise Financial, Inc.",NYSE,True,True,False
ANET,Arista Networks,NYSE,True,True,False
ANF,Abercrombie & Fitch Co.,NYSE,True,True,False
AOS,A.O. Smith Corporation,NYSE,True,True,False
APA,APA Corporation Common Stock,NASDAQ,True,True,False
APD,"Air Products & Chemicals, Inc.",NYSE,True,True,False
APG,APi Group Corporation,NYSE,True,True,False
APLD,Applied Digital Corporation Common Stock,NASDAQ,True,True,False
APP,Applovin Corporation Class A Common Stock,NASDAQ,True,True,False
RBA,"RB Global, Inc.",NYSE,True,True,False
AR,ANTERO RESOURCES CORPORATION,NYSE,True,True,False
ARE,"Alexandria Real Estate Equities, Inc.",NYSE,True,True,False
ARGX,argenx SE American Depositary Shares,NASDAQ,True,True,False
RVTY,"Revvity, Inc.",NYSE,True,True,False
ARM,Arm Holdings plc American Depositary Shares,NASDAQ,True,True,False
ARQT,"Arcutis Biotherapeutics, Inc. Common Stock",NASDAQ,True,True,False
ARW,"Arrow Electronics, Inc.",NYSE,True,True,False
AS,"Amer Sports, Inc.",NYSE,True,True,False
ASAN,"Asana, Inc. Class A Common Stock",NYSE,True,True,False
ASML,ASML Holding N.V. New York Registry Shares,NASDAQ,True,True,False
ASO,"Academy Sports and Outdoors, Inc. Common Stock",NASDAQ,True,True,False
SPTL,State Street SPDR Portfolio Long Term Treasury ETF,ARCA,True,True,True
ASST,"Strive, Inc. Class A Common Stock",NASDAQ,True,True,False
ASTS,"AST SpaceMobile, Inc. Class A Common Stock",NASDAQ,True,True,False
TRI,Thomson Reuters Corporation Common Shares,NASDAQ,True,True,False
ATRC,"AtriCure, Inc. Common Stock",NASDAQ,True,True,False
AU,AngloGold Ashanti plc,NYSE,True,True,False
AUR,"Aurora Innovation, Inc. Class A Common Stock",NASDAQ,True,True,False
AVAV,"AeroVironment, Inc. Common Stock",NASDAQ,True,True,False
AVDE,Avantis International Equity ETF,ARCA,True,True,True
AVDV,Avantis International Small Cap Value ETF,ARCA,True,True,True
AVEM,Avantis Emerging Markets Equity ETF,ARCA,True,True,True
AVGO,Broadcom Inc. Common Stock,NASDAQ,True,True,False
AVY,Avery Dennison Corp.,NYSE,True,True,False
NOC,Northrop Grumman Corp.,NYSE,True,True,False
WM,"Waste Management, Inc.",NYSE,True,True,False
BG,Bunge Global SA,NYSE,True,True,False
SMMT,Summit Therapeutics Inc. Common Stock,NASDAQ,True,True,False
IDXX,"IDEXX Laboratories, Inc. Common Stock",NASDAQ,True,True,False
ARES,Ares Management Corporation Class A Common Stock,NYSE,True,True,False
BBY,"Best Buy Company, Inc.",NYSE,True,True,False
BEN,"Franklin Templeton, Inc.",NYSE,True,True,False
AVUV,Avantis U.S. Small Cap Value ETF,ARCA,True,True,True
AWK,"American Water Works Company, Inc",NYSE,True,True,False
AXON,"Axon Enterprise, Inc. Common Stock",NASDAQ,True,True,False
AXP,American Express Company,NYSE,True,True,False
AZO,"AutoZone, Inc.",NYSE,True,True,False
B,Barrick Mining Corporation,NYSE,True,True,False
BAC,Bank of America Corporation,NYSE,True,True,False
BAI,iShares A.I. Innovation and Tech Active ETF,ARCA,True,True,True
BAX,Baxter International Inc.,NYSE,True,True,False
BBIO,"BridgeBio Pharma, Inc. Common Stock",NASDAQ,True,True,False
BBWI,"Bath & Body Works, Inc.",NYSE,True,True,False
FPS,"Forgent Power Solutions, Inc.",NYSE,True,True,False
BHP,BHP Group Limited American Depositary Shares (Each representing two Ordinary Shares),NYSE,True,True,False
BIDU,"Baidu, Inc. ADS",NASDAQ,True,True,False
BIIB,Biogen Inc. Common Stock,NASDAQ,True,True,False
BITO,ProShares Bitcoin ETF,ARCA,True,True,True
BJ,"BJs Wholesale Club Holdings, Inc. Common Stock",NYSE,True,True,False
BKR,Baker Hughes Company Class A Common Stock,NASDAQ,True,True,False
BLDR,"Builders FirstSource, Inc.",NYSE,True,True,False
BMNR,"BitMine Immersion Technologies, Inc.",NYSE,True,True,False
BMRN,BioMarin Pharmaceutical Inc. Common Stock,NASDAQ,True,True,False
BNO,"United States Brent Oil Fund, LP",ARCA,True,True,True
BNY,Bank of New York Mellon Corporation,NYSE,True,True,False
BRX,BRIXMOR PROPERTY GROUP INC.,NYSE,True,True,False
Q,"Qnity Electronics, Inc.",NYSE,True,True,False
BSX,Boston Scientific Corp.,NYSE,True,True,False
BULL,Webull Corporation Class A Ordinary Shares,NASDAQ,True,True,False
SSO,ProShares Ultra S&P500,ARCA,True,True,True
BZ,KANZHUN LIMITED American Depository Shares,NASDAQ,True,True,False
CAI,"Caris Life Sciences, Inc. Common Stock",NASDAQ,True,True,False
CASY,"Casey's General Stores, Inc. Common Stock",NASDAQ,True,True,False
CBOE,"Cboe Global Markets, Inc.",BATS,True,True,False
CBRS,Cerebras Systems Inc. Class A Common Stock,NASDAQ,True,True,False
ZBH,"Zimmer Biomet Holdings, Inc.",NYSE,True,True,False
FRT,Federal Realty Investment Trust,NYSE,True,True,False
RGEN,Repligen Corporation Common Stock,NASDAQ,True,True,False
CCEP,Coca-Cola Europacific Partners plc Ordinary Shares,NASDAQ,True,True,False
CCI,Crown Castle Inc.,NYSE,True,True,False
CCJ,Cameco Corporation,NYSE,True,True,False
CCL,Carnival Corporation Ltd.,NYSE,True,True,False
CDNS,"Cadence Design Systems, Inc. Common Stock",NASDAQ,True,True,False
CDW,CDW Corporation Common Stock,NASDAQ,True,True,False
CEG,Constellation Energy Corporation Common Stock,NASDAQ,True,True,False
MOD,Modine Manufacturing Co,NYSE,True,True,False
CFG,"Citizens Financial Group, Inc.",NYSE,True,True,False
CG,The Carlyle Group Inc. Common Stock,NASDAQ,True,True,False
CGGR,Capital Group Growth ETF,ARCA,True,True,True
CHD,"Church & Dwight Co., Inc.",NYSE,True,True,False
GAP,"The Gap, Inc.",NYSE,True,True,False
CHKP,Check Point Software Technologies Ltd. Ordinary Shares,NASDAQ,True,True,False
CHRD,Chord Energy Corporation Common Stock,NASDAQ,True,True,False
CHTR,"Charter Communications, Inc. Class A Common Stock New",NASDAQ,True,True,False
CHYM,"Chime Financial, Inc. Class A Common Stock",NASDAQ,True,True,False
CIBR,First Trust Exchange-Traded Fund II First Trust NASDAQ Cybersecurity ETF,NASDAQ,True,True,True
CIFR,Cipher Digital Inc. Common Stock,NASDAQ,True,True,False
CINF,Cincinnati Financial Corporation Common Stock,NASDAQ,True,True,False
CLF,Cleveland-Cliffs Inc.,NYSE,True,True,False
CLSK,"CleanSpark, Inc. Common Stock",NASDAQ,True,True,False
CMG,"Chipotle Mexican Grill, Inc.",NYSE,True,True,False
CNH,CNH INDUSTRIAL N.V.,NYSE,True,True,False
CNP,"CenterPoint Energy, Inc.",NYSE,True,True,False
COIN,"Coinbase Global, Inc. Class A Common Stock",NASDAQ,True,True,False
COKE,"Coca-Cola Consolidated, Inc. Common Stock",NASDAQ,True,True,False
COO,"The Cooper Companies, Inc. Common Stock",NASDAQ,True,True,False
COPX,Global X Copper Miners ETF (NEW),ARCA,True,True,True
CORO,BlackRock ETF Trust iShares International Country Rotation Active ETF,NASDAQ,True,True,True
CORT,Corcept Therapeutics Incorporated Common Stock,NASDAQ,True,True,False
CORZ,"Core Scientific, Inc. Common Stock",NASDAQ,True,True,False
COST,Costco Wholesale Corporation Common Stock,NASDAQ,True,True,False
CP,Canadian Pacific Kansas City Limited,NYSE,True,True,False
CPB,The Campbell's Company Common Stock,NASDAQ,True,True,False
CRCL,"Circle Internet Group, Inc.",NYSE,True,True,False
CRDO,Credo Technology Group Holding Ltd Ordinary Shares,NASDAQ,True,True,False
CRH,CRH Public Limited Company,NYSE,True,True,False
CRL,"Charles River Laboratories International, Inc.",NYSE,True,True,False
CROX,"Crocs, Inc. Common Stock",NASDAQ,True,True,False
CRS,Carpenter Technology Corp,NYSE,True,True,False
CRUS,"Cirrus Logic, Inc. Common Stock",NASDAQ,True,True,False
CRWD,"CrowdStrike Holdings, Inc. Class A Common Stock",NASDAQ,True,True,False
CRWV,"CoreWeave, Inc. Class A Common Stock",NASDAQ,True,True,False
CSCO,"Cisco Systems, Inc. Common Stock (DE)",NASDAQ,True,True,False
CSX,CSX Corporation Common Stock,NASDAQ,True,True,False
CTSH,Cognizant Technology Solutions Corporation Class A Common Stock,NASDAQ,True,True,False
CTVA,"Corteva, Inc. Common Stock",NYSE,True,True,False
RMD,ResMed Inc.,NYSE,True,True,False
CVS,CVS HEALTH CORPORATION,NYSE,True,True,False
CW,Curtiss-Wright Corp.,NYSE,True,True,False
DAR,DARLING INGREDIENTS INC.,NYSE,True,True,False
DASH,"DoorDash, Inc. Class A Common Stock",NASDAQ,True,True,False
DAVE,Dave Inc. Class A Common Stock,NASDAQ,True,True,False
DBX,"Dropbox, Inc. Class A Common Stock",NASDAQ,True,True,False
DD,"DuPont de Nemours, Inc. Common Stock",NYSE,True,True,False
DELL,Dell Technologies Inc.,NYSE,True,True,False
DIA,State Street SPDR Dow Jones Industrial Average ETF Trust,ARCA,True,True,True
DINO,HF Sinclair Corporation,NYSE,True,True,False
DIS,The Walt Disney Company,NYSE,True,True,False
DKNG,DraftKings Inc. Class A Common Stock,NASDAQ,True,True,False
DKS,"Dick's Sporting Goods, Inc.",NYSE,True,True,False
DLR,"Digital Realty Trust, Inc.",NYSE,True,True,False
DLTR,Dollar Tree Inc. Common Stock,NASDAQ,True,True,False
DOC,"Healthpeak Properties, Inc.",NYSE,True,True,False
DOCN,"DigitalOcean Holdings, Inc.",NYSE,True,True,False
DPZ,Domino's Pizza Inc Common Stock,NASDAQ,True,True,False
DUOL,"Duolingo, Inc. Class A Common Stock",NASDAQ,True,True,False
DVN,Devon Energy Corporation,NYSE,True,True,False
ECHO,EchoStar Corporation Common Stock,NASDAQ,True,True,False
EDV,Vanguard World Funds Extended Duration ETF,ARCA,True,True,True
EEM,iShares MSCI Emerging Markets ETF,ARCA,True,True,True
EFA,iShares MSCI EAFE ETF,ARCA,True,True,True
EFG,iShares MSCI EAFE Growth ETF,BATS,True,True,True
EFX,"Equifax, Incorporated",NYSE,True,True,False
EG,"Everest Group, Ltd.",NYSE,True,True,False
EGO,Eldorado Gold Corporation,NYSE,True,True,False
EHC,Encompass Health Corporation Common Stock,NYSE,True,True,False
EIX,Edison International,NYSE,True,True,False
EL,The Estee Lauder Companies Inc. Class A,NYSE,True,True,False
ELF,"e.l.f. Beauty, Inc.",NYSE,True,True,False
ELS,"Equity Lifestyle Properties, Inc.",NYSE,True,True,False
ELV,"Elevance Health, Inc.",NYSE,True,True,False
EME,"EMCOR Group, Inc.",NYSE,True,True,False
EMXC,"iShares, Inc. iShares MSCI Emerging Markets ex China ETF",NASDAQ,True,True,True
ENB,"Enbridge, Inc",NYSE,True,True,False
ENTG,"Entegris, Inc. Common Stock",NASDAQ,True,True,False
EQH,"Equitable Holdings, Inc.",NYSE,True,True,False
EQIX,"Equinix, Inc. Common Stock REIT",NASDAQ,True,True,False
EQNR,"Equinor ASA American Depositary Shares (Each Representing One Ordinary Share, nominal value NOK 2.50 per share)",NYSE,True,True,False
EQX,Equinox Gold Corp.,AMEX,True,True,False
ESI,Element Solutions Inc.,NYSE,True,True,False
ESS,"Essex Property Trust, Inc",NYSE,True,True,False
ETHA,iShares Ethereum Trust ETF Shares,NASDAQ,True,True,True
ETN,"Eaton Corporation, plc Ordinary Shares",NYSE,True,True,False
EVRG,"Evergy, Inc. Common Stock",NASDAQ,True,True,False
EWBC,"East West Bancorp, Inc. Common Stock",NASDAQ,True,True,False
EWJ,iShares MSCI Japan ETF,ARCA,True,True,True
EWT,iShares MSCI Taiwan ETF,ARCA,True,True,True
EWY,iShares MSCI South Korea ETF,ARCA,True,True,True
EXC,Exelon Corporation Common Stock,NASDAQ,True,True,False
EXE,Expand Energy Corporation Common Stock,NASDAQ,True,True,False
EXEL,"Exelixis, Inc. Common Stock",NASDAQ,True,True,False
EXPD,"Expeditors International of Washington, Inc.",NYSE,True,True,False
EXPE,"Expedia Group, Inc. Common Stock",NASDAQ,True,True,False
F,Ford Motor Company,NYSE,True,True,False
FANG,"Diamondback Energy, Inc. Common Stock",NASDAQ,True,True,False
FAST,Fastenal Company Common Stock,NASDAQ,True,True,False
FCEL,"FuelCell Energy, Inc. Common Stock",NASDAQ,True,True,False
FSLY,"Fastly, Inc. Class A Common Stock",NASDAQ,True,True,False
FTAI,FTAI Aviation Ltd. Common Stock,NASDAQ,True,True,False
FTNT,"Fortinet, Inc. Common Stock",NASDAQ,True,True,False
FUTU,Futu Holdings Limited American Depositary Shares,NASDAQ,True,True,False
FWONK,Liberty Media Corporation Series C Common Stock,NASDAQ,True,True,False
GBTC,Grayscale Bitcoin Trust ETF,ARCA,True,True,True
GDXJ,VanEck Junior Gold Miners ETF,ARCA,True,True,True
GEHC,GE HealthCare Technologies Inc. Common Stock,NASDAQ,True,True,False
GEV,GE Vernova Inc.,NYSE,True,True,False
GFI,Gold Fields Ltd ADR,NYSE,True,True,False
GFL,GFL Environmental Inc. Subordinate Voting Shares,NYSE,True,True,False
GFS,GlobalFoundries Inc. Ordinary Shares,NASDAQ,True,True,False
GH,"Guardant Health, Inc. Common Stock",NASDAQ,True,True,False
GILD,"Gilead Sciences, Inc. Common Stock",NASDAQ,True,True,False
GIS,"General Mills, Inc.",NYSE,True,True,False
GLD,"SPDR Gold Trust, SPDR Gold Shares",ARCA,True,True,True
GLDM,SPDR Gold MiniShares,ARCA,True,True,True
GLPI,"Gaming and Leisure Properties, Inc. Common Stock",NASDAQ,True,True,False
GLXY,Galaxy Digital Inc. Class A Common Stock,NASDAQ,True,True,False
GM,General Motors Company,NYSE,True,True,False
GMAB,Genmab A/S ADS,NASDAQ,True,True,False
GME,GameStop Corp. Class A,NYSE,True,True,False
GNRC,GENERAC HOLDINGS INC,NYSE,True,True,False
GOOG,Alphabet Inc. Class C Capital Stock,NASDAQ,True,True,False
GOOGM,Alphabet Inc. Depositary Shares representing a 1/20th Interest in a Share of Series A Mandatory Convertible Preferred Stock,NASDAQ,True,True,False
GPC,Genuine Parts Company,NYSE,True,True,False
GPN,"Global Payments, Inc.",NYSE,True,True,False
GSK,GSK plc American Depositary Shares (Each representing two Ordinary Shares),NYSE,True,True,False
GTLB,GitLab Inc. Class A Common Stock,NASDAQ,True,True,False
GWRE,"GUIDEWIRE SOFTWARE, INC.",NYSE,True,True,False
GWW,"W.W. Grainger, Inc.",NYSE,True,True,False
HAL,Halliburton Company,NYSE,True,True,False
HALO,"Halozyme Therapeutics, Inc. Common Stock",NASDAQ,True,True,False
HAS,"Hasbro, Inc. Common Stock",NASDAQ,True,True,False
HBAN,Huntington Bancshares Incorporated Common Stock,NASDAQ,True,True,False
HD,"Home Depot, Inc.",NYSE,True,True,False
HDB,HDFC Bank Limited,NYSE,True,True,False
HEI,HEICO Corporation,NYSE,True,True,False
HIG,"The Hartford Insurance Group, Inc.",NYSE,True,True,False
HII,"Huntington Ingalls Industries, Inc.",NYSE,True,True,False
HIMS,"Hims & Hers Health, Inc.",NYSE,True,True,False
HLI,"Houlihan Lokey, Inc.",NYSE,True,True,False
HLN,Haleon plc American Depositary Shares (Each representing two Ordinary Shares),NYSE,True,True,False
HLT,Hilton Worldwide Holdings Inc.,NYSE,True,True,False
HON,Honeywell International Inc. Common Stock,NASDAQ,True,True,False
HONA,Honeywell Aerospace Inc. Common Stock,NASDAQ,True,True,False
HOOD,"Robinhood Markets, Inc. Class A Common Stock",NASDAQ,True,True,False
HRI,Herc Holdings Inc.,NYSE,True,True,False
HSBC,HSBC Holdings PLC,NYSE,True,True,False
HSIC,"Henry Schein, Inc. Common Stock",NASDAQ,True,True,False
HST,"Host Hotels & Resorts, Inc. Common Stock",NASDAQ,True,True,False
HSY,The Hershey Company,NYSE,True,True,False
HTFL,"Heartflow, Inc. Common Stock",NASDAQ,True,True,False
HUBB,Hubbell Incorporated,NYSE,True,True,False
HUBS,"HUBSPOT, INC.",NYSE,True,True,False
HUM,Humana Inc.,NYSE,True,True,False
HWM,Howmet Aerospace Inc.,NYSE,True,True,False
IAU,iShares Gold Trust,ARCA,True,True,True
IAUM,iShares Gold Trust Micro,ARCA,True,True,True
IBIT,iShares Bitcoin Trust ETF Shares,NASDAQ,True,True,True
IBKR,"Interactive Brokers Group, Inc. Class A Common Stock",NASDAQ,True,True,False
IBM,International Business Machines Corporation,NYSE,True,True,False
IJH,iShares Core S&P Mid-Cap ETF,ARCA,True,True,True
IJR,iShares Core S&P Small-Cap ETF,ARCA,True,True,True
INCY,Incyte Corp. Common Stock,NASDAQ,True,True,False
INFQ,"Infleqtion, Inc.",NYSE,True,True,False
INFY,Infosys Limited American Depositary Shares,NYSE,True,True,False
INIO,INNIO N.V. Ordinary Shares,NASDAQ,True,True,False
INOD,Innodata Inc. Common Stock,NASDAQ,True,True,False
INTC,Intel Corporation Common Stock,NASDAQ,True,True,False
INTU,Intuit Inc. Common Stock,NASDAQ,True,True,False
INVH,Invitation Homes Inc. Common Stock,NYSE,True,True,False
IONS,"Ionis Pharmaceuticals, Inc. Common Stock",NASDAQ,True,True,False
IR,Ingersoll Rand Inc. Common Stock,NYSE,True,True,False
IREN,IREN Limited Ordinary Shares,NASDAQ,True,True,False
ISRG,"Intuitive Surgical, Inc. Common Stock",NASDAQ,True,True,False
ITA,iShares U.S. Aerospace & Defense ETF,BATS,True,True,True
ITB,iShares U.S. Home Construction ETF,BATS,True,True,True
IVW,iShares S&P 500 Growth ETF,ARCA,True,True,True
IWF,iShares Russell 1000 Growth ETF,ARCA,True,True,True
IWM,iShares Russell 2000 ETF,ARCA,True,True,True
IWN,iShares Russell 2000 Value ETF,ARCA,True,True,True
IWP,iShares Russell Mid-Cap Growth ETF,ARCA,True,True,True
IWR,iShares Russell Mid-Cap ETF,ARCA,True,True,True
IXUS,iShares Core MSCI Total International Stock ETF,NASDAQ,True,True,True
IYW,iShares U.S. Technology ETF,ARCA,True,True,True
JAZZ,Jazz Pharmaceuticals plc Common Stock (Ireland),NASDAQ,True,True,False
JD,"JD.com, Inc. American Depositary Shares",NASDAQ,True,True,False
JEF,Jefferies Financial Group Inc.,NYSE,True,True,False
JLL,"Jones Lang LaSalle, Inc.",NYSE,True,True,False
JNJ,Johnson & Johnson,NYSE,True,True,False
JOBY,"Joby Aviation, Inc.",NYSE,True,True,False
JXN,Jackson Financial Inc.,NYSE,True,True,False
KBE,State Street SPDR S&P Bank ETF,ARCA,True,True,True
KBWB,Invesco Exchange-Traded Fund Trust II Invesco KBW Bank ETF,NASDAQ,True,True,True
KDP,Keurig Dr Pepper Inc. Common Stock,NASDAQ,True,True,False
KEY,KeyCorp,NYSE,True,True,False
KEYS,"Keysight Technologies, Inc.",NYSE,True,True,False
KHC,The Kraft Heinz Company,NYSE,True,True,False
KLAC,KLA Corporation Common Stock,NASDAQ,True,True,False
AIR,AAR Corp.,NYSE,True,True,False
KNX,Knight-Swift Transportation Holdings Inc. Class A Common Stock,NYSE,True,True,False
KOD,Kodiak Sciences Inc Common Stock,NASDAQ,True,True,False
KRMN,Karman Holdings Inc.,NYSE,True,True,False
KWEB,KraneShares CSI China Internet ETF,ARCA,True,True,True
LDOS,"Leidos Holdings, Inc.",NYSE,True,True,False
LECO,"Lincoln Electric Holdings, Inc. Common Shares",NASDAQ,True,True,False
LEN,Lennar Corporation Class A,NYSE,True,True,False
LEU,Centrus Energy Corp.,NYSE,True,True,False
LH,Labcorp Holdings Inc.,NYSE,True,True,False
LHX,"L3Harris Technologies, Inc.",NYSE,True,True,False
LII,Lennox International Inc.,NYSE,True,True,False
LITE,Lumentum Holdings Inc. Common Stock,NASDAQ,True,True,False
LNG,Cheniere Energy Inc,NYSE,True,True,False
LNT,Alliant Energy Corporation Common Stock,NASDAQ,True,True,False
LPLA,LPL Financial Holdings Inc. Common Stock,NASDAQ,True,True,False
LRCX,Lam Research Corporation Common Stock,NASDAQ,True,True,False
LSCC,Lattice Semiconductor Corporation Common Stock,NASDAQ,True,True,False
LTH,"Life Time Group Holdings, Inc.",NYSE,True,True,False
LULU,lululemon athletica inc. Common Stock,NASDAQ,True,True,False
LUNR,"Intuitive Machines, Inc. Class A Common Stock",NASDAQ,True,True,False
LVS,Las Vegas Sands Corp.,NYSE,True,True,False
LYB,LyondellBasell Industries N.V. Class A,NYSE,True,True,False
LYFT,"Lyft, Inc. Class A Common Stock",NASDAQ,True,True,False
LYV,Live Nation Entertainment Inc.,NYSE,True,True,False
MAA,"Mid-America Apartment Communities, Inc.",NYSE,True,True,False
MANH,"Manhattan Associates, Inc. Common Stock",NASDAQ,True,True,False
MAR,Marriott International Class A Common Stock,NASDAQ,True,True,False
MARA,"MARA Holdings, Inc. Common Stock",NASDAQ,True,True,False
MAT,"Mattel, Inc. Common Stock",NASDAQ,True,True,False
MCHP,Microchip Technology Incorporated Common Stock,NASDAQ,True,True,False
MCO,Moody's Corporation,NYSE,True,True,False
MDB,"MongoDB, Inc. Class A Common Stock",NASDAQ,True,True,False
MDGL,"Madrigal Pharmaceuticals, Inc. Common Stock",NASDAQ,True,True,False
MDLN,Medline Inc. Class A common stock,NASDAQ,True,True,False
MDLZ,"Mondelez International, Inc. Class A Common Stock",NASDAQ,True,True,False
MDY,State Street SPDR S&P MIDCAP 400 ETF Trust,ARCA,True,True,True
MEDP,"Medpace Holdings, Inc. Common Stock",NASDAQ,True,True,False
MELI,"MercadoLibre, Inc. Common Stock",NASDAQ,True,True,False
MGK,Vanguard Morningstar Mega Cap Growth ETF,ARCA,True,True,True
MGM,MGM RESORTS INTERNATIONAL,NYSE,True,True,False
MGY,Magnolia Oil & Gas Corporation Class A Common Stock,NYSE,True,True,False
MKC,"McCormick & Company, Incorporated Non-VTG CS",NYSE,True,True,False
MKSI,MKS Inc. Common Stock,NASDAQ,True,True,False
MNDY,monday.com Ltd. Ordinary Shares,NASDAQ,True,True,False
MOH,"Molina Healthcare, Inc.",NYSE,True,True,False
MOS,The Mosaic Company,NYSE,True,True,False
MPC,MARATHON PETROLEUM CORPORATION,NYSE,True,True,False
MPWR,"Monolithic Power Systems, Inc. Common Stock",NASDAQ,True,True,False
MRNA,"Moderna, Inc. Common Stock",NASDAQ,True,True,False
MRVL,"Marvell Technology, Inc. Common Stock",NASDAQ,True,True,False
MSFT,Microsoft Corporation Common Stock,NASDAQ,True,True,False
MSGS,Madison Square Garden Sports Corp.,NYSE,True,True,False
MSI,"Motorola Solutions, Inc. New",NYSE,True,True,False
MSTR,Strategy Inc Common Stock Class A,NASDAQ,True,True,False
MTB,M&T Bank Corp.,NYSE,True,True,False
MTD,Mettler-Toledo International,NYSE,True,True,False
MTDR,MATADOR RESOURCES COMPANY,NYSE,True,True,False
MTSI,"MACOM Technology Solutions Holdings, Inc. Common Stock",NASDAQ,True,True,False
MTUM,iShares MSCI USA Momentum Factor ETF,BATS,True,True,True
MU,"Micron Technology, Inc. Common Stock",NASDAQ,True,True,False
MXL,"MaxLinear, Inc. Common Stock",NASDAQ,True,True,False
NBIS,Nebius Group N.V. Class A Ordinary Shares,NASDAQ,True,True,False
NBIX,"Neurocrine Biosciences, Inc. Common Stock",NASDAQ,True,True,False
NCLH,Norwegian Cruise Line Holdings Ltd. Ordinary Shares,NYSE,True,True,False
NDAQ,"Nasdaq, Inc. Common Stock",NASDAQ,True,True,False
NEM,Newmont Corporation,NYSE,True,True,False
NET,"Cloudflare, Inc. Class A common stock, par value $0.001 per share",NYSE,True,True,False
MAS,Masco Corporation,NYSE,True,True,False
NKTR,Nektar Therapeutics Common Stock,NASDAQ,True,True,False
NLY,Annaly Capital Management. Inc.,NYSE,True,True,False
NSC,Norfolk Southern Corp.,NYSE,True,True,False
NTNX,"Nutanix, Inc. Class A Common Stock",NASDAQ,True,True,False
NTRA,"Natera, Inc. Common Stock",NASDAQ,True,True,False
NTRS,Northern Trust Corporation Common Stock,NASDAQ,True,True,False
NTSK,"Netskope, Inc. Class A Common Stock",NASDAQ,True,True,False
NUGT,Direxion Daily Gold Miners Index Bull 2X ETF,ARCA,True,True,True
NVDA,NVIDIA Corporation Common Stock,NASDAQ,True,True,False
NVMI,Nova Ltd. Ordinary Shares,NASDAQ,True,True,False
NVO,Novo-Nordisk A/S,NYSE,True,True,False
NVT,nVent Electric plc Ordinary Shares,NYSE,True,True,False
NVTS,Navitas Semiconductor Corporation Common Stock,NASDAQ,True,True,False
NWSA,News Corporation Class A Common Stock,NASDAQ,True,True,False
NXPI,NXP Semiconductors N.V. Common Stock,NASDAQ,True,True,False
ODFL,"Old Dominion Freight Line, Inc. Common Stock",NASDAQ,True,True,False
OHI,Omega Healthcare Investors Inc.,NYSE,True,True,False
OKE,"Oneok, Inc.",NYSE,True,True,False
OKTA,"Okta, Inc. Class A Common Stock",NASDAQ,True,True,False
OLLI,"Ollie's Bargain Outlet Holdings, Inc. Common Stock",NASDAQ,True,True,False
ON,ON Semiconductor Corporation Common Stock,NASDAQ,True,True,False
ONB,Old National Bancorp Common Stock,NASDAQ,True,True,False
ONDS,Ondas Inc. Common Stock,NASDAQ,True,True,False
ONTO,Onto Innovation Inc.,NYSE,True,True,False
ORLY,"O'Reilly Automotive, Inc. Common Stock",NASDAQ,True,True,False
OTIS,Otis Worldwide Corporation,NYSE,True,True,False
OWL,Blue Owl Capital Inc.,NYSE,True,True,False
PAAS,Pan American Silver Corp.,NYSE,True,True,False
PANW,"Palo Alto Networks, Inc. Common Stock",NASDAQ,True,True,False
PATH,"UiPath, Inc.",NYSE,True,True,False
PAYC,"PAYCOM SOFTWARE, INC.",NYSE,True,True,False
PAYX,"Paychex, Inc. Common Stock",NASDAQ,True,True,False
PBR,PETROLEO BRASILEIRO S.A.-PETROBRAS ADS (REP 1 COMMON SHARE),NYSE,True,True,False
PCG,PG&E Corporation,NYSE,True,True,False
PCOR,"Procore Technologies, Inc.",NYSE,True,True,False
PCTY,Paylocity Holding Corporation Common Stock,NASDAQ,True,True,False
PDBC,Invesco Actively Managed Exch-Traded Commodity Fd Tr Invesco Optimum Yield Diversified Commodity Strategy No K-1 ETF,NASDAQ,True,True,True
PDD,PDD Holdings Inc. American Depositary Shares,NASDAQ,True,True,False
PEG,Public Service Enterprise Group Incorporated,NYSE,True,True,False
PFG,Principal Financial Group Inc Common Stock,NASDAQ,True,True,False
PFGC,Performance Food Group Company,NYSE,True,True,False
PGR,Progressive Corporation,NYSE,True,True,False
PKG,Packaging Corp of America,NYSE,True,True,False
PLD,"PROLOGIS, INC.",NYSE,True,True,False
PLNT,"Planet Fitness, Inc.",NYSE,True,True,False
PLTR,Palantir Technologies Inc. Class A Common Stock,NASDAQ,True,True,False
PM,Philip Morris International Inc.,NYSE,True,True,False
PNFP,"Pinnacle Financial Partners, Inc.",NYSE,True,True,False
PNW,Pinnacle West Capital Corporation,NYSE,True,True,False
PODD,Insulet Corporation Common Stock,NASDAQ,True,True,False
PRU,"Prudential Financial, Inc.",NYSE,True,True,False
STX,Seagate Technology Holdings PLC Ordinary Shares (Ireland),NASDAQ,True,True,False
PSLV,Sprott Physical Silver Trust,ARCA,True,True,False
PTC,PTC Inc. Common Stock,NASDAQ,True,True,False
PTGX,"Protagonist Therapeutics, Inc. Common Stock",NASDAQ,True,True,False
PURR,Hyperliquid Strategies Inc Common Stock,NASDAQ,True,True,False
PYPL,"PayPal Holdings, Inc. Common Stock",NASDAQ,True,True,False
QBTS,D-Wave Quantum Inc. Common Stock,NASDAQ,True,True,False
QNT,Quantinuum Inc. Class A Common Stock,NASDAQ,True,True,False
QQQ,"Invesco QQQ Trust, Series 1",NASDAQ,True,True,True
QQQI,NEOS ETF Trust NEOS Nasdaq 100 High Income ETF,NASDAQ,True,True,True
QQQM,Invesco Exchange-Traded Fund Trust II Invesco NASDAQ 100 ETF,NASDAQ,True,True,True
QSR,Restaurant Brands International Inc.,NYSE,True,True,False
RBC,RBC Bearings Incorporated,NYSE,True,True,False
REG,Regency Centers Corporation Common Stock,NASDAQ,True,True,False
RGLD,"Royal Gold, Inc. Common Stock",NASDAQ,True,True,False
RGTI,"Rigetti Computing, Inc. Common Stock",NASDAQ,True,True,False
RIG,Transocean LTD.,NYSE,True,True,False
RIVN,"Rivian Automotive, Inc. Class A Common Stock",NASDAQ,True,True,False
RKLB,Rocket Lab Corporation Common Stock,NASDAQ,True,True,False
RKT,"Rocket Companies, Inc.",NYSE,True,True,False
RL,Ralph Lauren Corporation,NYSE,True,True,False
RMBS,Rambus Inc. Common Stock,NASDAQ,True,True,False
SPCX,Space Exploration Technologies Corp. Class A Common Stock,NASDAQ,True,True,False
SPDW,State Street SPDR Portfolio Developed World ex-US ETF,ARCA,True,True,True
SPSM,State Street SPDR Portfolio S&P 600 Small Cap ETF,ARCA,True,True,True
TAP,Molson Coors Beverage Company Class B,NYSE,True,True,False
TCOM,Trip.com Group Limited American Depositary Shares,NASDAQ,True,True,False
TEAM,Atlassian Corporation Class A Common Stock,NASDAQ,True,True,False
TECK,Teck Resources Limited,NYSE,True,True,False
TEM,"Tempus AI, Inc. Class A Common Stock",NASDAQ,True,True,False
TENB,"Tenable Holdings, Inc. Common Stock",NASDAQ,True,True,False
TFC,Truist Financial Corporation,NYSE,True,True,False
TGTX,"TG Therapeutics, Inc. Common Stock",NASDAQ,True,True,False
THC,Tenet Healthcare Corporation New,NYSE,True,True,False
TLN,Talen Energy Corporation Common Stock,NASDAQ,True,True,False
TRGP,Targa Resources Corp.,NYSE,True,True,False
TRV,"The Travelers Companies, Inc.",NYSE,True,True,False
TTD,"The Trade Desk, Inc. Class A Common Stock",NASDAQ,True,True,False
TVTX,"Travere Therapeutics, Inc. Common Stock",NASDAQ,True,True,False
TW,Tradeweb Markets Inc. Class A Common Stock,NASDAQ,True,True,False
TWLO,Twilio Inc.,NYSE,True,True,False
UAL,"United Airlines Holdings, Inc. Common Stock",NASDAQ,True,True,False
UBER,"Uber Technologies, Inc.",NYSE,True,True,False
UDOW,ProShares UltraPro Dow 30,ARCA,True,True,True
UHS,"Universal Health Services, Inc. Class B",NYSE,True,True,False
UL,Unilever plc,NYSE,True,True,False
ULTA,"Ulta Beauty, Inc. Common Stock",NASDAQ,True,True,False
UPRO,ProShares UltraPro S&P 500,ARCA,True,True,True
UPST,"Upstart Holdings, Inc. Common stock",NASDAQ,True,True,False
URA,Global X Uranium ETF,ARCA,True,True,True
USFD,US Foods Holding Corp.,NYSE,True,True,False
UTHR,United Therapeutics Corporation Common Stock,NASDAQ,True,True,False
VB,Vanguard Morningstar Small-Cap ETF,ARCA,True,True,True
VCLT,Vanguard Long-Term Corporate Bond ETF,NASDAQ,True,True,True
VEA,Vanguard FTSE Developed Markets ETF,ARCA,True,True,True
VEU,Vanguard FTSE All-World Ex-US ETF,ARCA,True,True,True
VFH,Vanguard Financials ETF,ARCA,True,True,True
VFLO,Victory Portfolios II VictoryShares Free Cash Flow ETF,NASDAQ,True,True,True
VGLT,Vanguard Long-Term Treasury ETF,NASDAQ,True,True,True
VGT,Vanguard Information Technology ETF,ARCA,True,True,True
VIAV,Viavi Solutions Inc. Common Stock,NASDAQ,True,True,False
VICI,VICI Properties Inc. Common Stock,NYSE,True,True,False
VICR,Vicor Corporation Common Stock,NASDAQ,True,True,False
VKTX,"Viking Therapeutics, Inc. Common Stock",NASDAQ,True,True,False
VLTO,Veralto Corporation,NYSE,True,True,False
VLUE,iShares MSCI USA Value Factor ETF,BATS,True,True,True
VRSK,"Verisk Analytics, Inc. Common Stock",NASDAQ,True,True,False
VRT,Vertiv Holdings Co Class A Common Stock,NYSE,True,True,False
VRTX,Vertex Pharmaceuticals Incorporated Common Stock,NASDAQ,True,True,False
VT,Vanguard Total World Stock ETF,ARCA,True,True,True
VTRS,Viatris Inc. Common Stock,NASDAQ,True,True,False
VTWO,Vanguard Scottsdale Funds Vanguard Russell 2000 ETF,NASDAQ,True,True,True
VUG,Vanguard Morningstar Growth ETF,ARCA,True,True,True
VWO,Vanguard FTSE Emerging Markets ETF,ARCA,True,True,True
VXUS,Vanguard STAR Funds Vanguard Total International Stock ETF,NASDAQ,True,True,True
WCN,"Waste Connections, Inc.",NYSE,True,True,False
WEC,"WEC Energy Group, Inc.",NYSE,True,True,False
WMT,Walmart Inc. Common Stock,NASDAQ,True,True,False
WST,"West Pharmaceutical Services, Inc.",NYSE,True,True,False
WTW,Willis Towers Watson Public Limited Company Ordinary Shares,NASDAQ,True,True,False
WULF,TeraWulf Inc. Common Stock,NASDAQ,True,True,False
WYNN,"Wynn Resorts, Limited Common stock",NASDAQ,True,True,False
XENE,Xenon Pharmaceuticals Inc. Common Shares,NASDAQ,True,True,False
XLI,State Street Industrial Select Sector SPDR ETF,ARCA,True,True,True
XLK,State Street Technology Select Sector SPDR ETF,ARCA,True,True,True
XLP,State Street Consumer Staples Select Sector SPDR ETF,ARCA,True,True,True
XLRE,State Street Real Estate Select Sector SPDR ETF,ARCA,True,True,True
XLU,State Street Utilities Select Sector SPDR ETF,ARCA,True,True,True
XLV,State Street Health Care Select Sector SPDR ETF,ARCA,True,True,True
XLY,State Street Consumer Discretionary Select Sector SPDR ETF,ARCA,True,True,True
ZM,"Zoom Communications, Inc. Class A Common Stock",NASDAQ,True,True,False
FRO,Frontline Plc,NYSE,True,True,False
BE,Bloom Energy Corporation,NYSE,True,True,False
ENPH,"Enphase Energy, Inc. Common Stock",NASDAQ,True,True,False
GRAL,"GRAIL, Inc. Common Stock",NASDAQ,True,True,False
IP,International Paper Co.,NYSE,True,True,False
APH,Amphenol Corporation,NYSE,True,True,False
D,"Dominion Energy, Inc Common Stock",NYSE,True,True,False
CAG,"Conagra Brands, Inc.",NYSE,True,True,False
WSO,"Watsco, Inc.",NYSE,True,True,False
APO,"Apollo Global Management, Inc.",NYSE,True,True,False
AAPL,Apple Inc. Common Stock,NASDAQ,True,True,False
CHWY,"Chewy, Inc.",NYSE,True,True,False
CMS,CMS Energy Corporation,NYSE,True,True,False
IVZ,Invesco LTD,NYSE,True,True,False
ROL,"Rollins, Inc.",NYSE,True,True,False
CAKE,Cheesecake Factory Incorporated (The) Common Stock,NASDAQ,True,True,False
ALHC,"Alignment Healthcare, Inc. Common Stock",NASDAQ,True,True,False
BTI,"British American Tobacco p.l.c. American Depositary Shares, American Depositary Shares, each representing one Ordinary Share",NYSE,True,True,False
SNPS,"Synopsys, Inc. Common Stock",NASDAQ,True,True,False
JCI,Johnson Controls International plc,NYSE,True,True,False
PCAR,PACCAR Inc. Common Stock,NASDAQ,True,True,False
SIG,Signet Jewelers Limited,NYSE,True,True,False
USB,U.S. Bancorp,NYSE,True,True,False
VAL,Valaris Limited,NYSE,True,True,False
ZTS,ZOETIS INC.,NYSE,True,True,False
SCCO,Southern Copper Corporation,NYSE,True,True,False
SCHA,Schwab U.S Small- Cap ETF,ARCA,True,True,True
SCHF,Schwab International Equity ETF,ARCA,True,True,True
SCHG,Schwab U.S. Large-Cap Growth ETF,ARCA,True,True,True
ARKK,ARK Innovation ETF,BATS,True,True,True
ENS,"EnerSys, Inc.",NYSE,True,True,False
AME,"Ametek, Inc.",NYSE,True,True,False
CDE,"Coeur Mining, Inc.",NYSE,True,True,False
SF,Stifel Financial Corp.,NYSE,True,True,False
AEIS,"Advanced Energy Industries, Inc. Common Stock",NASDAQ,True,True,False
AEM,Agnico Eagle Mines Ltd.,NYSE,True,True,False
CNI,Canadian National Railway,NYSE,True,True,False
JBL,Jabil Inc.,NYSE,True,True,False
UNM,Unum Group,NYSE,True,True,False
DOW,Dow Inc.,NYSE,True,True,False
GDX,VanEck Gold Miners ETF,ARCA,True,True,True
HUT,Hut 8 Corp. Common Stock,NASDAQ,True,True,False
REXR,"REXFORD INDUSTRIAL REALTY, INC.",NYSE,True,True,False
SWK,"Stanley Black & Decker, Inc.",NYSE,True,True,False
SWKS,"Skyworks Solutions, Inc. Common Stock",NASDAQ,True,True,False
SYRE,"Spyre Therapeutics, Inc. Common Stock",NASDAQ,True,True,False
TECL,Direxion Daily Technology Bull 3x ETF,ARCA,True,True,True
TMO,"Thermo Fisher Scientific, Inc.",NYSE,True,True,False
TMUS,"T-Mobile US, Inc. Common Stock",NASDAQ,True,True,False
TPL,Texas Pacific Land Corporation,NYSE,True,True,False
TPR,"Tapestry, Inc. Common Stock",NYSE,True,True,False
TQQQ,ProShares UltraPro QQQ,NASDAQ,True,True,True
TRMB,Trimble Inc. Common Stock,NASDAQ,True,True,False
TTWO,"Take-Two Interactive Software, Inc. Common Stock",NASDAQ,True,True,False
TWST,Twist Bioscience Corporation Common Stock,NASDAQ,True,True,False
TXG,"10x Genomics, Inc. Class A Common Stock",NASDAQ,True,True,False
TXN,Texas Instruments Incorporated Common Stock,NASDAQ,True,True,False
U,Unity Software Inc.,NYSE,True,True,False
UNG,"United States Natural Gas Fund, LP Unit",ARCA,True,True,True
UNH,UNITEDHEALTH GROUP INCORPORATED (Delaware),NYSE,True,True,False
USAR,"USA Rare Earth, Inc. Class A Common Stock",NASDAQ,True,True,False
VDE,Vanguard Energy ETF,ARCA,True,True,True
VMC,Vulcan Materials Company(Holding Company),NYSE,True,True,False
VNQ,Vanguard Real Estate ETF,ARCA,True,True,True
VO,Vanguard Morningstar Mid-Cap ETF,ARCA,True,True,True
VONG,Vanguard Scottsdale Funds Vanguard Russell 1000 Growth ETF,NASDAQ,True,True,True
VOOG,Vanguard S&P 500 Growth ETF,ARCA,True,True,True
WRB,W.R. Berkley Corporation,NYSE,True,True,False
WTRG,"Essential Utilities, Inc.",NYSE,True,True,False
XBI,State Street SPDR S&P Biotech ETF,ARCA,True,True,True
XLE,State Street Energy Select Sector SPDR ETF,ARCA,True,True,True
XLF,State Street Financial Select Sector SPDR ETF,ARCA,True,True,True
ZBRA,Zebra Technologies Corporation Class A Common Stock,NASDAQ,True,True,False
ZION,Zions Bancorporation N.A. Common Stock,NASDAQ,True,True,False
ZS,"Zscaler, Inc. Common Stock",NASDAQ,True,True,False
IOVA,"Iovance Biotherapeutics, Inc. Common Stock",NASDAQ,True,True,False
ATO,Atmos Energy Corporation,NYSE,True,True,False
GEN,Gen Digital Inc. Common Stock,NASDAQ,True,True,False
ITUB,Itau Unibanco Holding S.A. American Depositary Shares,NYSE,True,True,False
DRI,"Darden Restaurants, Inc.",NYSE,True,True,False
ADBE,Adobe Inc. Common Stock,NASDAQ,True,True,False
AON,Aon plc Class A,NYSE,True,True,False
HRL,Hormel Foods Corporation,NYSE,True,True,False
ICE,Intercontinental Exchange  Inc.,NYSE,True,True,False
RTX,RTX Corporation,NYSE,True,True,False
FTI,TechnipFMC plc Ordinary Share,NYSE,True,True,False
OKLO,Oklo Inc.,NYSE,True,True,False
DHI,D.R. Horton Inc.,NYSE,True,True,False
TER,"Teradyne, Inc. Common Stock",NASDAQ,True,True,False
AN,"AutoNation, Inc.",NYSE,True,True,False
QCOM,QUALCOMM Incorporated Common Stock,NASDAQ,True,True,False
CI,The Cigna Group,NYSE,True,True,False
DBMF,iMGP DBi Managed Futures Strategy ETF,ARCA,True,True,True
EFV,iShares MSCI EAFE Value ETF,BATS,True,True,True
FBTC,Fidelity Wise Origin Bitcoin Fund,BATS,True,True,True
FDS,Factset Research Systems,NYSE,True,True,False
KMX,CarMax Inc.,NYSE,True,True,False
PSX,PHILLIPS 66,NYSE,True,True,False
QLD,ProShares Ultra QQQ,ARCA,True,True,True
WMS,"ADVANCED DRAINAGE SYSTEMS, INC.",NYSE,True,True,False
SNX,TD SYNNEX Corporation,NYSE,True,True,False
BTG,B2Gold Corp.,AMEX,True,True,False
BWA,BorgWarner Inc.,NYSE,True,True,False
CNQ,Canadian Natural Resources Limited,NYSE,True,True,False
CIEN,Ciena Corporation,NYSE,True,True,False
FER,Ferrovial N.V. Ordinary Shares,NASDAQ,True,True,False
TEL,TE Connectivity plc,NYSE,True,True,False
MMM,3M Company,NYSE,True,True,False
ECL,"Ecolab, Inc.",NYSE,True,True,False
CRBG,"Corebridge Financial, Inc.",NYSE,True,True,False
JPM,JPMorgan Chase & Co.,NYSE,True,True,False
KO,Coca-Cola Company,NYSE,True,True,False
MCK,McKesson Corporation,NYSE,True,True,False
NU,Nu Holdings Ltd.,NYSE,True,True,False
RRC,Range Resources Corp,NYSE,True,True,False
TYL,"Tyler Technologies, Inc.",NYSE,True,True,False
SYNA,Synaptics Incorporated Common Stock $0.001 Par Value,NASDAQ,True,True,False
TMF,Direxion Daily 20+ Year Treasury Bull 3X ETF,ARCA,True,True,True
TXRH,"Texas Roadhouse, Inc. Common Stock",NASDAQ,True,True,False
WDAY,"Workday, Inc. Class A Common Stock",NASDAQ,True,True,False
XLB,State Street Materials Select Sector SPDR ETF,ARCA,True,True,True
XLC,State Street Communication Services Select Sector SPDR ETF,ARCA,True,True,True
XOM,ExxonMobil Holdings Corporation,NYSE,True,True,False
XOP,State Street SPDR S&P Oil & Gas Exploration & Production ETF,ARCA,True,True,True
XP,XP Inc. Class A Common Stock,NASDAQ,True,True,False
Z,"Zillow Group, Inc. Class C Capital Stock",NASDAQ,True,True,False
RDDT,"Reddit, Inc.",NYSE,True,True,False
NNN,"NNN REIT, Inc.",NYSE,True,True,False
TPG,TPG Inc. Class A Common Stock,NASDAQ,True,True,False
AIRR,First Trust Exchange-Traded Fund VI First Trust RBA American Industrial Renaissance ETF,NASDAQ,True,True,True
DTM,"DT Midstream, Inc.",NYSE,True,True,False
BAH,Booz Allen Hamilton Holding Corporation,NYSE,True,True,False
CAT,Caterpillar Inc.,NYSE,True,True,False
ED,"Consolidated Edison, Inc.",NYSE,True,True,False
META,"Meta Platforms, Inc. Class A Common Stock",NASDAQ,True,True,False
RBRK,"Rubrik, Inc.",NYSE,True,True,False
ARWR,"Arrowhead Pharmaceuticals, Inc. Common Stock",NASDAQ,True,True,False
SNAP,Snap Inc.,NYSE,True,True,False
OXY,Occidental Petroleum Corporation,NYSE,True,True,False
DY,"Dycom Industries, Inc.",NYSE,True,True,False
IONQ,"IonQ, Inc.",NYSE,True,True,False
KIM,Kimco Realty Corp.,NYSE,True,True,False
MA,Mastercard Incorporated,NYSE,True,True,False
ABBV,ABBVIE INC.,NYSE,True,True,False
MTZ,"MasTec, Inc.",NYSE,True,True,False
KGC,Kinross Gold Corporation,NYSE,True,True,False
KGS,"Kodiak Gas Services, Inc.",NYSE,True,True,False
AAL,American Airlines Group Inc. Common Stock,NASDAQ,True,True,False
CNC,Centene Corporation,NYSE,True,True,False
CHRW,"C.H. Robinson Worldwide, Inc. Common Stock",NASDAQ,True,True,False
CYTK,"Cytokinetics, Incorporated Common Stock",NASDAQ,True,True,False
JKHY,"Jack Henry & Associates, Inc. Common Stock",NASDAQ,True,True,False
XYZ,"Block, Inc.",NYSE,True,True,False
TOST,"Toast, Inc.",NYSE,True,True,False
MHK,"Mohawk Industries, Inc.",NYSE,True,True,False
RS,"Reliance, Inc.",NYSE,True,True,False
AVTR,"Avantor, Inc.",NYSE,True,True,False
GD,General Dynamics Corporation,NYSE,True,True,False
NAVN,"Navan, Inc. Class A Common Stock",NASDAQ,True,True,False
NTAP,"NetApp, Inc. Common Stock",NASDAQ,True,True,False
NXT,Nextpower Inc. Common Stock,NASDAQ,True,True,False
O,Realty Income Corporation,NYSE,True,True,False
PH,Parker-Hannifin Corporation,NYSE,True,True,False
SPMD,State Street SPDR Portfolio S&P 400 Mid Cap ETF,ARCA,True,True,True
TKO,"TKO Group Holdings, Inc.",NYSE,True,True,False
TSCO,Tractor Supply Company Common Stock,NASDAQ,True,True,False
TSEM,Tower Semiconductor Ltd. Ordinary Shares,NASDAQ,True,True,False
TSLA,"Tesla, Inc. Common Stock",NASDAQ,True,True,False
TSM,Taiwan Semiconductor Manufacturing Company Ltd.,NYSE,True,True,False
TTAN,"ServiceTitan, Inc. Class A Common Stock",NASDAQ,True,True,False
LIN,Linde plc Ordinary Shares,NASDAQ,True,True,False
TOL,"Toll Brothers, Inc.",NYSE,True,True,False
AFL,Aflac Inc.,NYSE,True,True,False
BX,Blackstone Inc.,NYSE,True,True,False
BTSG,"BrightSpring Health Services, Inc. Common Stock",NASDAQ,True,True,False
CARR,Carrier Global Corporation,NYSE,True,True,False
DOCU,"DocuSign, Inc. Common Stock",NASDAQ,True,True,False
UDR,"UDR, Inc.",NYSE,True,True,False
KKR,KKR & Co. Inc.,NYSE,True,True,False
STE,STERIS plc,NYSE,True,True,False
VTR,"Ventas, Inc.",NYSE,True,True,False
AXTA,Axalta Coating Systems Ltd.,NYSE,True,True,False
XEL,Xcel Energy Inc. Common Stock,NASDAQ,True,True,False
UGL,ProShares Ultra Gold,ARCA,True,True,True
RH,RH,NYSE,True,True,False
NI,NiSource Inc.,NYSE,True,True,False
OVV,Ovintiv Inc.,NYSE,True,True,False
SMCI,"Super Micro Computer, Inc. Common Stock",NASDAQ,True,True,False
SMH,VanEck Semiconductor ETF,NASDAQ,True,True,True
NDSN,Nordson Corporation Common Stock,NASDAQ,True,True,False
AMRZ,Amrize Ltd,NYSE,True,True,False
AHR,"American Healthcare REIT, Inc.",NYSE,True,True,False
BTDR,Bitdeer Technologies Group Class A Ordinary Shares,NASDAQ,True,True,False
CPAY,"Corpay, Inc.",NYSE,True,True,False
CVX,Chevron Corporation,NYSE,True,True,False
GOOGL,Alphabet Inc. Class A Common Stock,NASDAQ,True,True,False
XRT,State Street SPDR S&P Retail ETF,ARCA,True,True,True
ZETA,Zeta Global Holdings Corp.,NYSE,True,True,False
GS,Goldman Sachs Group Inc.,NYSE,True,True,False
MLI,"Mueller Industries, Inc.",NYSE,True,True,False
PBF,PBF ENERGY INC.,NYSE,True,True,False
CB,Chubb Limited,NYSE,True,True,False
MET,"MetLife, Inc.",NYSE,True,True,False
SAP,SAP SE,NYSE,True,True,False
PSA,Public Storage,NYSE,True,True,False
FSLR,"First Solar, Inc. Common Stock",NASDAQ,True,True,False
P,"Everpure, Inc.",NYSE,True,True,False
PCVX,"Vaxcyte, Inc. Common Stock",NASDAQ,True,True,False
PL,Planet Labs PBC,NYSE,True,True,False
POOL,Pool Corporation Common Stock,NASDAQ,True,True,False
UMC,United Microelectronic Corp.,NYSE,True,True,False
VALE,VALE S.A.,NYSE,True,True,False
PEP,"PepsiCo, Inc. Common Stock",NASDAQ,True,True,False
FLR,Fluor Corporation,NYSE,True,True,False
RACE,Ferrari N.V.,NYSE,True,True,False
ITT,ITT Inc.,NYSE,True,True,False
BCS,Barclays PLC,NYSE,True,True,False
TKR,The Timken Company,NYSE,True,True,False
C,Citigroup Inc.,NYSE,True,True,False
RNG,"RINGCENTRAL, INC.",NYSE,True,True,False
ORCL,Oracle Corp,NYSE,True,True,False
MDT,Medtronic plc,NYSE,True,True,False
EQT,EQT CORP,NYSE,True,True,False
NFLX,"Netflix, Inc. Common Stock",NASDAQ,True,True,False
NTR,Nutrien Ltd. Common Shares,NYSE,True,True,False
NYT,New York Times Co.,NYSE,True,True,False
SYY,Sysco Corporation,NYSE,True,True,False
SW,Smurfit WestRock plc,NYSE,True,True,False
MUSA,MURPHY USA INC.,NYSE,True,True,False
ET,Energy Transfer LP Common Units representing limited partner interests,NYSE,True,True,False
SCHH,Schwab U.S. REIT ETF,ARCA,True,True,True
SITE,"SiteOne Landscape Supply, Inc.",NYSE,True,True,False
EMR,Emerson Electric Co.,NYSE,True,True,False
GMED,GLOBUS MEDICAL INC,NYSE,True,True,False
MAGS,Roundhill Magnificent Seven ETF,BATS,True,True,True
PHM,"Pultegroup, Inc.",NYSE,True,True,False
TLT,iShares 20 Year Treasury Bond ETF,NASDAQ,True,True,True
KR,The Kroger Co.,NYSE,True,True,False
NVR,"NVR, Inc.",NYSE,True,True,False
MKL,Markel Group Inc.,NYSE,False,False,False
DXCM,"DexCom, Inc. Common Stock",NASDAQ,True,True,False
MNST,Monster Beverage Corporation,NASDAQ,True,True,False
PRIM,Primoris Services Corporation,NYSE,True,True,False
TTE,TotalEnergies SE,NYSE,False,False,False
VSH,"Vishay Intertechnology, Inc.",NYSE,True,True,False
INTW,GraniteShares ETF Trust GraniteShares 2x Long INTC Daily ETF,NASDAQ,False,False,True
IHI,iShares U.S. Medical Devices ETF,ARCA,False,False,True
AVS,Direxion Shares ETF Trust Direxion Daily AVGO Bear 1X ETF,NASDAQ,False,False,True
WY,Weyerhaeuser Company,NYSE,True,True,False
ILMN,"Illumina, Inc. Common Stock",NASDAQ,True,True,False
JHX,James Hardie Industries plc,NYSE,True,True,False
TXT,"Textron, Inc.",NYSE,True,True,False
XME,State Street SPDR S&P Metals & Mining ETF,ARCA,True,True,True
SNOW,Snowflake Inc.,NYSE,True,True,False
GRMN,Garmin Ltd,NYSE,True,True,False
GRML,Greenland Mines Ltd. Common Stock,NASDAQ,False,False,False
SNDQ,Tradr 2X Short SNDK Daily ETF,BATS,False,False,True
GGLL,Direxion Shares ETF Trust Direxion Daily GOOGL Bull 2X ETF,NASDAQ,False,False,True
GDXU,MicroSectors Gold Miners 3x Leveraged ETN,ARCA,False,False,True
JETS,U.S. Global Jets ETF,ARCA,False,False,True
AAOX,Tradr 2X Long AAOI Daily ETF,BATS,False,False,True
SDS,ProShares UltraShort S&P500,ARCA,False,False,True
ETHU,2x Ether ETF,BATS,False,False,True
ASHR,Xtrackers Harvest CSI 300 China A-Shares ETF,ARCA,False,False,True
KORU,Direxion Daily MSCI South Korea Bull 3X ETF,ARCA,False,False,True
CONL,GraniteShares ETF Trust GraniteShares 2x Long COIN Daily ETF,NASDAQ,False,False,True
XHB,State Street SPDR S&P Homebuilders ETF,ARCA,False,False,True
XE,"X-Energy, Inc. Class A Common Stock",NASDAQ,False,False,False
VXX,iPath Series B S&P 500 VIX Short-Term Futures ETN,BATS,False,False,True
AAPD,Direxion Shares ETF Trust Direxion Daily AAPL Bear 1X ETF,NASDAQ,False,False,True
ARCC,Ares Capital Corporation Common Stock,NASDAQ,False,False,False
AXTX,Tradr 2X Long AXTI Daily ETF,BATS,False,False,True
VEEA,Veea Inc. Common Stock,NASDAQ,False,False,False
USO,"United States Oil Fund, LP",ARCA,False,False,True
UCO,ProShares Ultra Bloomberg Crude Oil,ARCA,False,False,True
TZA,Direxion Daily Small Cap Bear 3x ETF,ARCA,False,False,True
TSLQ,Investment Managers Series Trust II Tradr 2X Short TSLA Daily ETF,NASDAQ,False,False,True
TSLL,Direxion Shares ETF Trust Direxion Daily TSLA Bull 2X ETF,NASDAQ,False,False,True
TSLG,Themes ETF Trust Leverage Shares 2X Long TSLA Daily ETF,NASDAQ,False,False,True
TNA,Direxion Daily Small Cap Bull 3x ETF,ARCA,False,False,True
SSPC,Leverage Shares 2X Short SPCX Daily ETF,BATS,False,False,True
BWET,Breakwave Tanker Shipping ETF,ARCA,False,False,True
SDOW,ProShares UltraPro Short Dow 30,ARCA,False,False,True
SPXU,ProShares UltraPro Short S&P 500,ARCA,False,False,True
SPXS,Direxion Daily S&P 500 Bear 3x ETF,ARCA,False,False,True
SNXX,Tradr 2X Long SNDK Daily ETF,BATS,False,False,True
SPDN,Direxion Daily S&P 500 Bear 1X ETF,ARCA,False,False,True
SPCH,Leverage Shares 2X Long SPCX Daily ETF,BATS,False,False,True
SOXS,Direxion Daily Semiconductor Bear 3X ETF,ARCA,False,False,True
SNDU,T-REX 2X Long SNDK Daily Target ETF,BATS,False,False,True
BLCR,BlackRock ETF Trust iShares Large Cap Core Active ETF,NASDAQ,False,False,True
KRE,State Street SPDR S&P Regional Banking ETF,ARCA,False,False,True
ZSL,ProShares UltraShort Silver,ARCA,False,False,True
RWM,ProShares Short Russell2000,ARCA,False,False,True
RAM,Roundhill T-REX 2X Long DRAM Daily Target ETF,BATS,False,False,True
QID,ProShares UltraShort QQQ,ARCA,False,False,True
AMDL,GraniteShares ETF Trust GraniteShares 2x Long AMD Daily ETF,NASDAQ,False,False,True
MTN,"Vail Resorts, Inc.",NYSE,False,False,False
AEE,Ameren Corporation,NYSE,True,True,False
DDS,Dillards Inc.,NYSE,True,True,False
NEU,NewMarket Corporation,NYSE,True,True,False
FN,Fabrinet,NYSE,True,True,False
ALL,The Allstate Corporation,NYSE,True,True,False
DDOG,"Datadog, Inc. Class A Common Stock",NASDAQ,True,True,False
DOV,Dover Corporation,NYSE,True,True,False
DVA,DaVita Inc.,NYSE,True,True,False
COHR,Coherent Corp.,NYSE,True,True,False
BCE,"BCE, Inc.",NYSE,True,True,False
ALKS,Alkermes plc Ordinary Shares,NASDAQ,True,True,False
OIH,VanEck Oil Services ETF,ARCA,False,False,True
NVDL,GraniteShares ETF Trust GraniteShares 2x Long NVDA Daily ETF,NASDAQ,False,False,True
AAP,ADVANCE AUTO PARTS INC,NYSE,False,False,False
WPM,Wheaton Precious Metals Corp. Common Stock,NYSE,True,True,False
WPC,W.P. Carey Inc. (REIT),NYSE,True,True,False
EPD,Enterprise Products Partners L.P.,NYSE,False,False,False
PHYS,Sprott Physical Gold Trust,ARCA,False,False,False
PSQ,ProShares Short QQQ,ARCA,False,False,True
SQQQ,ProShares UltraPro Short QQQ,NASDAQ,False,False,True
UVXY,ProShares Ultra VIX Short-Term Futures ETF,BATS,False,False,True
MUU,Direxion Shares ETF Trust Direxion Daily MU Bull 2X ETF,NASDAQ,False,False,True
MULL,GraniteShares ETF Trust GraniteShares 2x Long MU Daily ETF,NASDAQ,False,False,True
MSTX,Tidal Trust II Defiance Daily Target 2x Long MSTR ETF,NASDAQ,False,False,True
MSFU,Direxion Shares ETF Trust Direxion Daily MSFT Bull 2X ETF,NASDAQ,False,False,True
AMZD,Direxion Shares ETF Trust Direxion Daily AMZN Bear 1X ETF,NASDAQ,False,False,True
METU,Direxion Shares ETF Trust Direxion Daily META Bull 2X ETF,NASDAQ,False,False,True
BOIL,ProShares Ultra Bloomberg Natural Gas,ARCA,False,False,True
MSTU,T-Rex 2X Long MSTR Daily Target ETF,BATS,False,False,True
WEX,WEX Inc.,NYSE,True,True,False
LABD,Direxion Daily S&P Biotech Bear 3X ETF,ARCA,False,False,True
BR,Broadridge Financial Solutions Inc,NYSE,True,True,False
ASX,"ASE Technology Holding Co., Ltd.",NYSE,True,True,False
CME,CME Group Inc. Class A Common Stock,NASDAQ,True,True,False
CPNG,"Coupang, Inc.",NYSE,True,True,False
RAL,Ralliant Corporation,NYSE,True,True,False
CAVA,"CAVA Group, Inc.",NYSE,True,True,False
CCK,Crown Holdings Inc.,NYSE,True,True,False
IEX,IDEX Corporation,NYSE,True,True,False
COP,ConocoPhillips,NYSE,True,True,False
URI,"United Rentals, Inc.",NYSE,True,True,False
BRO,"Brown & Brown, Inc.",NYSE,True,True,False
GGG,Graco Inc,NYSE,True,True,False
TDG,TransDigm Group Incorporated,NYSE,True,True,False
WFC,Wells Fargo & Co.,NYSE,True,True,False
OC,Owens Corning,NYSE,True,True,False
ICLR,ICON plc Ordinary Shares,NASDAQ,True,True,False
SRE,Sempra,NYSE,True,True,False
FE,FirstEnergy Corp.,NYSE,True,True,False
CAH,"Cardinal Health, Inc.",NYSE,True,True,False
HL,Hecla Mining Company,NYSE,True,True,False
KMI,"Kinder Morgan, Inc.",NYSE,True,True,False
MTCH,"Match Group, Inc. Common Stock",NASDAQ,True,True,False
SPMO,Invesco S&P 500 Momentum ETF,ARCA,True,True,True
SLB,SLB Limited,NYSE,True,True,False
UNF,Unifirst Corp,NYSE,True,True,False
BMNU,T-REX 2X Long BMNR Daily Target ETF,BATS,False,False,True
PPL,PPL Corporation,NYSE,True,True,False
TRU,TransUnion,NYSE,True,True,False
WAB,Wabtec Inc.,NYSE,True,True,False
VMRK,Vivmark Residential,NYSE,True,True,False
STZ,"Constellation Brands, Inc.",NYSE,True,True,False
SUI,"Sun Communities, Inc",NYSE,True,True,False
SRRK,Scholar Rock Holding Corporation Common Stock,NASDAQ,True,True,False
SSNC,"SS&C Technologies Holdings, Inc. Common Stock",NASDAQ,True,True,False
BABA,"Alibaba Group Holding Limited American Depositary Shares, each represents eight Ordinary Shares",NYSE,True,True,False
STLD,"Steel Dynamics, Inc.",NASDAQ,True,True,False
STNG,Scorpio Tankers Inc.,NYSE,True,True,False
STRL,"Sterling Infrastructure, Inc. Common Stock",NASDAQ,True,True,False
STT,State Street Corporation,NYSE,True,True,False
BBJP,JPMorgan BetaBuilders Japan ETF,BATS,True,True,True
BMY,Bristol-Myers Squibb Co.,NYSE,True,True,False
CM,Canadian Imperial Bank of Commerce,NYSE,True,True,False
GKOS,Glaukos Corporation,NYSE,True,True,False
SPGI,S&P Global Inc.,NYSE,True,True,False
TD,Toronto Dominion Bank,NYSE,True,True,False
TDY,Teledyne Technologies Incorporated,NYSE,True,True,False
VFC,V.F. Corporation,NYSE,True,True,False
FRVO,Fervo Energy Company Class A common stock,NASDAQ,True,True,False
VEEV,Veeva Systems Inc.,NYSE,True,True,False
S,"SentinelOne, Inc.",NYSE,True,True,False
SM,SM Energy Company,NYSE,True,True,False
AEO,American Eagle Outfitters,NYSE,True,True,False
DTE,DTE Energy Company,NYSE,True,True,False
CVE,Cenovus Energy Inc.,NYSE,True,True,False
NRG,"NRG Energy, Inc.",NYSE,True,True,False
MRSH,Marsh,NYSE,True,True,False
FXI,iShares China Large-Cap ETF,ARCA,True,True,True
BUD,Anheuser-Busch INBEV SA/NV,NYSE,True,True,False
FLS,Flowserve Corporation,NYSE,True,True,False
LQDA,Liquidia Corporation Common Stock,NASDAQ,True,True,False
RIO,Rio Tinto plc,NYSE,True,True,False
SCHE,Schwab Emerging Markets Equity ETF,ARCA,True,True,True
SNY,Sanofi ADS,NASDAQ,True,True,False
SO,The Southern Company,NYSE,True,True,False
SYK,Stryker Corporation,NYSE,True,True,False
TTMI,"TTM Technologies, Inc. Common Stock",NASDAQ,True,True,False
MS,Morgan Stanley,NYSE,True,True,False
BAP,Credicorp LTD,NYSE,True,True,False
FLEX,Flex Ltd. Ordinary Shares,NASDAQ,True,True,False
CLS,"Celestica, Inc.",NYSE,True,True,False
MRK,"Merck & Co., Inc.",NYSE,True,True,False
ARKG,ARK Genomic Revolution ETF,BATS,True,True,True
CLH,"Clean Harbors, Inc",NYSE,True,True,False
DAL,"Delta Air Lines, Inc.",NYSE,True,True,False
JBHT,"J.B. Hunt Transport Services, Inc. Common Stock",NASDAQ,True,True,False
NUE,Nucor Corporation,NYSE,True,True,False
SPXC,"SPX Technologies, Inc.",NYSE,True,True,False
RJF,"Raymond James Financial, Inc.",NYSE,True,True,False
STM,STMicroelectronics N.V.,NYSE,True,True,False
BITX,2x Bitcoin ETF,BATS,True,True,True
EBAY,eBay Inc. Common Stock,NASDAQ,True,True,False
GDDY,GoDaddy Inc,NYSE,True,True,False
HPE,Hewlett Packard Enterprise Company,NYSE,True,True,False
RCL,Royal Caribbean Group,NYSE,True,True,False
SPG,"Simon Property Group, Inc.",NYSE,True,True,False
BP,BP p.l.c.,NYSE,True,True,False
XPO,"XPO, Inc.",NYSE,True,True,False
VSXY,Victorias Secret & Co.,NYSE,True,True,False
UBS,UBS Group AG,NYSE,True,True,False
ACI,"Albertsons Companies, Inc.",NYSE,True,True,False
VST,Vistra Corp.,NYSE,True,True,False
BAM,Brookfield Asset Management Ltd.,NYSE,True,True,False
CART,Maplebear Inc. Common Stock,NASDAQ,True,True,False
CSGP,"CoStar Group, Inc. Common Stock",NASDAQ,True,True,False
EWC,iShares MSCI Canada ETF,ARCA,True,True,True
OSCR,"Oscar Health, Inc.",NYSE,True,True,False
PPG,"PPG Industries, Inc.",NYSE,True,True,False
RIOT,"Riot Platforms, Inc. Common Stock",NASDAQ,True,True,False
WELL,Welltower Inc.,NYSE,True,True,False
AMD,"Advanced Micro Devices, Inc. Common Stock",NASDAQ,True,True,False
IT,"Gartner, Inc.",NYSE,True,True,False
SU,"Suncor Energy, Inc.",NYSE,True,True,False
H,Hyatt Hotels Corporation,NYSE,True,True,False
SAIA,"Saia, Inc. Common Stock",NASDAQ,True,True,False
FNV,Franco-Nevada Corporation,NYSE,True,True,False
CACI,CACI INTERNATIONAL CLA,NYSE,True,True,False
INSM,Insmed Incorporated Common Stock,NASDAQ,True,True,False
VIK,Viking Holdings Ltd,NYSE,True,True,False
WAT,Waters Corp,NYSE,True,True,False
YUM,"Yum! Brands, Inc.",NYSE,True,True,False
AZN,AstraZeneca PLC,NYSE,True,True,False
VLO,Valero Energy Corporation,NYSE,True,True,False
WHR,Whirlpool Corp.,NYSE,True,True,False
ESTC,Elastic N.V.,NYSE,True,True,False
W,Wayfair Inc.,NYSE,True,True,False
ALB,Albemarle Corporation,NYSE,True,True,False
CPT,Camden Property Trust,NYSE,True,True,False
GE,GE Aerospace,NYSE,True,True,False
LAD,"Lithia Motors, Inc.",NYSE,True,True,False
ONON,On Holding AG,NYSE,True,True,False
TRP,TC Energy Corporation,NYSE,True,True,False
BMO,Bank of Montreal,NYSE,True,True,False
FIG,"Figma, Inc.",NYSE,True,True,False
HPQ,HP Inc.,NYSE,True,True,False
RNR,RenaissanceRe Holdings Ltd.,NYSE,True,True,False
COR,"Cencora, Inc.",NYSE,True,True,False
NOW,"SERVICENOW, INC.",NYSE,True,True,False
FITB,Fifth Third Bancorp,NYSE,True,True,False
AGX,"Argan, Inc",NYSE,True,True,False
AJG,Arthur J. Gallagher & Co.,NYSE,True,True,False
BNS,Bank of Nova Scotia,NYSE,True,True,False
DECK,Deckers Outdoor Corp,NYSE,True,True,False
KMB,Kimberly-Clark Corporation Common Stock,NASDAQ,True,True,False
NOK,Nokia Corporation,NYSE,True,True,False
PG,Procter & Gamble Company,NYSE,True,True,False
WING,Wingstop Inc. Common Stock,NASDAQ,True,True,False
DK,"Delek US Holdings, Inc.",NYSE,True,True,False
M,Macy's Inc.,NYSE,True,True,False
