symbol,first,last,days,med_dollar_vol
A,2016-01-04,2026-10-09,2708,180686545.965
AA,2016-10-06,2026-10-09,2516,166373273.76
AAL,2016-01-04,2026-10-09,2708,421771410.11
AAOI,2016-01-04,2026-10-09,2708,13071858.15
AAON,2016-01-04,2026-10-09,2708,11812880.809999999
AAOX,2026-03-24,2026-10-09,139,130541785.63999999
AAP,2016-01-04,2026-10-09,2708,121052184.16999999
AAPD,2022-08-09,2026-10-09,1047,6719622.000000001
AAPL,2016-01-04,2026-10-09,2708,9477830594.195
ABBV,2016-01-04,2026-10-09,2708,642465022.05
ABNB,2020-12-10,2026-10-09,1464,640367294.6700001
ABT,2016-01-04,2026-10-09,2708,487178762.61
ABVX,2023-10-20,2026-10-09,745,2444258.1500000004
ACGL,2016-01-04,2026-10-09,2708,75548271.4
ACI,2020-06-26,2026-10-09,1580,55533104.019999996
ACM,2016-01-04,2026-10-09,2708,50538799.120000005
ACMR,2017-11-03,2026-10-09,2244,16970261.985
ACN,2016-01-04,2026-10-09,2708,518782617.84
ACWX,2016-01-04,2026-10-09,2708,52246714.24
ADBE,2016-01-04,2026-10-09,2708,1066219669.5450001
ADC,2016-01-04,2026-10-09,2708,31033789.255000003
ADI,2016-01-04,2026-10-09,2708,432920611.095
ADM,2016-01-04,2026-10-09,2708,147855093.38
ADP,2016-01-04,2026-10-09,2708,321613555.30500007
ADSK,2016-01-04,2026-10-09,2708,311858060.32000005
AEE,2016-01-04,2026-10-09,2708,98920360.63499999
AEHR,2016-01-04,2026-10-09,2708,1781674.18
AEIS,2016-01-04,2026-10-09,2708,21164257.96
AEM,2016-01-04,2026-10-09,2708,96717268.83500001
AEO,2016-01-04,2026-10-09,2708,70886919.345
AEP,2016-01-04,2026-10-09,2708,207939790.9
AER,2016-01-04,2026-10-09,2708,72017486.56
AFL,2016-01-04,2026-10-09,2708,154627358.14000002
AFRM,2021-01-13,2026-10-09,1442,302570106.935
AG,2016-01-04,2026-10-09,2708,46597999.51
AGCO,2016-01-04,2026-10-09,2708,54290712.58499999
AGI,2016-01-04,2026-10-09,2708,23401623.61
AGNC,2016-01-04,2026-10-09,2708,53846823.4585
AGQ,2016-01-04,2026-10-09,2708,21275018.42
AGX,2016-01-04,2026-10-09,2708,5092824.3
AHR,2024-02-07,2026-10-09,671,54609634.99
AIG,2016-01-04,2026-10-09,2708,244483562.635
AIR,2016-01-04,2026-10-09,2708,10745963.25
AIRR,2016-01-04,2026-10-09,2708,1192834.305
AIT,2016-01-04,2026-10-09,2708,16868084.945
AIZ,2016-01-04,2026-10-09,2708,53835884.08
AJG,2016-01-04,2026-10-09,2708,125021365.11
AKAM,2016-01-04,2026-10-09,2708,141490774.535
ALAB,2024-03-20,2026-10-09,642,533431203.45
ALB,2016-01-04,2026-10-09,2708,188488749.985
ALC,2019-04-09,2026-10-09,1887,69230815.91
ALGM,2020-10-29,2026-10-09,1493,38607563.910000004
ALGN,2016-01-04,2026-10-09,2708,217901985.85500002
ALHC,2021-03-26,2026-10-09,1392,10628405.719999999
ALK,2016-01-04,2026-10-09,2708,99868692.50999999
ALKS,2016-01-04,2026-10-09,2708,41710883.72
ALL,2016-01-04,2026-10-09,2708,193981439.385
ALLE,2016-01-04,2026-10-09,2708,73352169.195
ALLY,2016-01-04,2026-10-09,2708,100407400.275
ALM,2025-07-14,2026-10-09,314,61019352.435
ALNY,2016-01-04,2026-10-09,2708,105819674.085
ALSN,2016-01-04,2026-10-09,2708,42050145.355000004
ALV,2016-01-04,2026-10-09,2708,49942584.25
AMAT,2016-01-04,2026-10-09,2708,714438259.8599999
AMBA,2016-01-04,2026-10-09,2708,38302736.44
AMCR,2019-06-11,2026-10-09,1844,75429942.41999999
AMD,2016-01-04,2026-10-09,2708,3978919171.87
AMDL,2024-03-18,2026-10-09,644,115577420.54
AME,2016-01-04,2026-10-09,2708,126619885.07999998
AMG,2016-01-04,2026-10-09,2708,49402975.58
AMGN,2016-01-04,2026-10-09,2708,551475321.725
AMH,2016-01-04,2026-10-09,2708,54649495.31
AMKR,2016-01-04,2026-10-09,2708,17866353.997500002
AMP,2016-01-04,2026-10-09,2708,147808589.85000002
AMRZ,2025-06-23,2026-10-09,328,156845492.115
AMT,2016-01-04,2026-10-09,2708,352421500.76
AMZD,2022-09-08,2026-10-09,1026,1173586.23
AMZN,2016-01-04,2026-10-09,2708,7793150761.469999
AN,2016-01-04,2026-10-09,2708,62418214.89
ANET,2016-01-04,2026-10-09,2708,244143086.4
ANF,2016-01-04,2026-10-09,2708,56401223.879999995
AON,2016-01-04,2026-10-09,2708,246816285.68
AOS,2016-01-04,2026-10-09,2708,63255709.83
APA,2016-01-04,2026-10-09,2708,150117385.19
APD,2016-01-04,2026-10-09,2708,235449615.39
APG,2020-04-29,2026-10-09,1621,30281668.479999997
APH,2016-01-04,2026-10-09,2708,168651089.968
APLD,2022-04-13,2026-10-09,1127,46629757.4
APO,2016-01-04,2026-10-09,2708,105904699.57
APP,2021-04-15,2026-10-09,1379,204767566.08
APTV,2017-11-17,2026-10-09,2234,151090462.43
AR,2016-01-04,2026-10-09,2708,95066279.04
ARCC,2016-01-04,2026-10-09,2708,26509653.17
ARE,2016-01-04,2026-10-09,2708,89932282.00999999
ARES,2016-01-04,2026-10-09,2708,37534719.660000004
ARGX,2017-05-18,2026-10-09,2362,63247828.41
ARKG,2016-01-04,2026-10-09,2708,42138743.58
ARKK,2016-01-04,2026-10-09,2708,343020332.625
ARM,2023-09-14,2026-10-09,771,778850407.6
ARMK,2016-01-04,2026-10-09,2708,56467089.16500001
ARQT,2020-01-31,2026-10-09,1682,13255356.7
ARW,2016-01-04,2026-10-09,2708,49682376.205
ARWR,2016-01-04,2026-10-09,2708,30659699.56
AS,2024-02-01,2026-10-09,675,105899886.5
ASAN,2020-09-30,2026-10-09,1514,47826700.04000001
ASHR,2016-01-04,2026-10-09,2708,91700286.32999998
ASML,2016-01-04,2026-10-09,2708,426669817.38
ASO,2020-10-02,2026-10-09,1512,72527167.19999999
ASST,2023-02-03,2026-10-09,924,594682.4
ASTS,2019-11-01,2026-10-09,1743,12717768.600000001
ASX,2016-01-04,2026-10-09,2708,17858610.4545
ATI,2016-01-04,2026-10-09,2708,42634355.315
ATO,2016-01-04,2026-10-09,2708,78263226.555
ATRC,2016-01-04,2026-10-09,2708,11922751.23
AU,2016-01-04,2026-10-09,2708,49702042.230000004
AUGO,2025-07-16,2026-10-09,312,42766227.175000004
AUR,2021-05-10,2026-10-09,1362,23768895.130000003
AVAV,2016-01-04,2026-10-09,2708,19094145.79
AVDE,2019-09-26,2026-10-09,1769,9866084.48
AVDV,2019-09-26,2026-10-09,1769,12897960.68
AVEM,2019-09-19,2026-10-09,1774,13297628.78
AVGO,2016-01-04,2026-10-09,2708,1026778497.55
AVS,2024-10-10,2026-10-09,501,4178859.87
AVT,2016-01-04,2026-10-09,2708,30142279.4
AVTR,2019-05-17,2026-10-09,1860,116318794.99000001
AVUV,2019-09-26,2026-10-09,1769,44140859.04
AVY,2016-01-04,2026-10-09,2708,76107533.59
AWK,2016-01-04,2026-10-09,2708,113895178.75
AXON,2016-01-04,2026-10-09,2708,65802117.16
AXP,2016-01-04,2026-10-09,2708,467616491.1
AXSM,2016-01-04,2026-10-09,2708,29311084.835
AXTA,2016-01-04,2026-10-09,2708,62454432.489999995
AXTI,2016-01-04,2026-10-09,2708,1598841.295
AXTX,2026-04-24,2026-10-09,117,83059836.2
AYI,2016-01-04,2026-10-09,2708,66413798.855000004
AZN,2016-01-04,2026-10-09,2708,243840448.40499997
AZO,2016-01-04,2026-10-09,2708,321180005.25
B,2016-01-04,2026-10-09,2708,264689693.18
BA,2016-01-04,2026-10-09,2708,1366209927.79
BABA,2016-01-04,2026-10-09,2708,2100846280.255
BAC,2016-01-04,2026-10-09,2708,1494003670.3650002
BAH,2016-01-04,2026-10-09,2708,69380556.675
BAI,2024-10-22,2026-10-09,493,44692205.28
BALL,2016-01-04,2026-10-09,2708,119174364.02499999
BAM,2016-01-04,2026-10-09,2708,54739019.620000005
BAP,2016-01-04,2026-10-09,2708,39070027.985
BAX,2016-01-04,2026-10-09,2708,172900023.20499998
BB,2016-01-04,2026-10-09,2708,34084608.095
BBIO,2019-06-27,2026-10-09,1832,39270877.16
BBJP,2018-06-21,2026-10-09,2087,28118452.349999998
BBWI,2021-08-03,2026-10-09,1303,125491692.02000001
BBY,2016-01-04,2026-10-09,2708,179823684.31
BCE,2016-01-04,2026-10-09,2708,36179551.870000005
BCS,2016-01-04,2026-10-09,2708,39824743.8285
BDX,2016-01-04,2026-10-09,2708,224421960.46
BE,2018-07-25,2026-10-09,2064,61964499.935
BEN,2016-01-04,2026-10-09,2708,70270803.855
BG,2016-01-04,2026-10-09,2708,87708395.325
BHP,2016-01-04,2026-10-09,2708,94825150.25
BIDU,2016-01-04,2026-10-09,2708,444044825.03499997
BIIB,2016-01-04,2026-10-09,2708,335322319.025
BIO,2016-01-04,2026-10-09,2708,66188302.195
BITO,2021-10-19,2026-10-09,1249,85313445.33
BITX,2023-06-27,2026-10-09,826,190581581.83499998
BJ,2018-06-28,2026-10-09,2082,98593069.71000001
BKNG,2016-01-04,2026-10-09,2708,815925583.375
BKR,2017-07-05,2026-10-09,2330,180579368.14000002
BLCR,2023-10-26,2026-10-09,741,15661.5
BLDR,2016-01-04,2026-10-09,2708,97371496.56
BLK,2016-01-04,2026-10-09,2708,357252976.87
BMNR,2025-06-05,2026-10-09,339,1012131229.26
BMNU,2025-09-26,2026-10-09,261,170570726.4
BMO,2016-01-04,2026-10-09,2708,38471837.915
BMRN,2016-01-04,2026-10-09,2708,111552598.46000001
BMY,2016-01-04,2026-10-09,2708,518961721.34
BN,2022-12-12,2026-10-09,960,112657078.39000002
BNO,2016-01-04,2026-10-09,2708,10478869.615
BNS,2016-01-04,2026-10-09,2708,46586907.349999994
BNY,2016-01-04,2026-10-09,2708,164710822.42000002
BOIL,2016-01-04,2026-10-09,2708,44433856.0
BP,2016-01-04,2026-10-09,2708,213749057.925
BR,2016-01-04,2026-10-09,2708,79200385.235
BRKR,2016-01-04,2026-10-09,2708,39457861.269999996
BRO,2016-01-04,2026-10-09,2708,60567869.855000004
BROS,2021-09-15,2026-10-09,1273,93090878.03999999
BRX,2016-01-04,2026-10-09,2708,40269851.035
BSX,2016-01-04,2026-10-09,2708,335736566.80999994
BTDR,2021-07-28,2026-10-09,1307,7554046.22
BTG,2016-01-04,2026-10-09,2708,23986519.050499998
BTI,2016-01-04,2026-10-09,2708,78742357.7
BTSG,2024-01-26,2026-10-09,679,43721525.49
BUD,2016-01-04,2026-10-09,2708,111691987.97
BULL,2022-08-18,2026-10-09,1040,538832.0455
BURL,2016-01-04,2026-10-09,2708,163989426.76
BWA,2016-01-04,2026-10-09,2708,72559187.69
BWET,2023-05-03,2026-10-09,863,60980.149999999994
BWXT,2016-01-04,2026-10-09,2708,32299681.23
BX,2016-01-04,2026-10-09,2708,248187349.595
BZ,2021-06-11,2026-10-09,1339,52193930.95
C,2016-01-04,2026-10-09,2708,900240535.925
CACI,2016-01-04,2026-10-09,2708,39577874.205
CAG,2016-01-04,2026-10-09,2708,109426808.61
CAH,2016-01-04,2026-10-09,2708,157250675.51999998
CAI,2016-01-04,2026-10-09,1814,4213439.605
CAKE,2016-01-04,2026-10-09,2708,37311754.53
CARR,2020-04-03,2026-10-09,1638,237367356.135
CART,2016-01-05,2026-10-09,2707,9471.31
CASY,2016-01-04,2026-10-09,2708,54950859.525000006
CAT,2016-01-04,2026-10-09,2708,602116747.44
CAVA,2023-06-15,2026-10-09,833,208766885.2
CB,2016-01-04,2026-10-09,2708,288772746.57500005
CBOE,2016-01-04,2026-10-09,2708,88009263.76499999
CBRE,2016-01-04,2026-10-09,2708,119523944.685
CBRS,2026-05-14,2026-10-09,103,1207974614.0
CCEP,2016-01-04,2026-10-09,2708,63269704.07
CCI,2016-01-04,2026-10-09,2708,223570421.865
CCJ,2016-01-04,2026-10-09,2708,77188500.07499999
CCK,2016-01-04,2026-10-09,2708,80550358.6
CCL,2016-01-04,2026-10-09,2708,396060207.985
CDE,2016-01-04,2026-10-09,2708,29808233.297
CDNS,2016-01-04,2026-10-09,2708,223537642.835
CDW,2016-01-04,2026-10-09,2708,116672105.87
CEG,2022-02-02,2026-10-09,1176,460167028.24
CELH,2017-05-24,2026-10-09,2358,69587216.69999999
CF,2016-01-04,2026-10-09,2708,130965179.98500001
CFG,2016-01-04,2026-10-09,2708,144281222.675
CG,2016-01-04,2026-10-09,2708,51274718.925
CGGR,2022-02-24,2026-10-09,1161,38049676.949999996
CHD,2016-01-04,2026-10-09,2708,118801324.74000001
CHKP,2016-01-04,2026-10-09,2708,119686416.29999998
CHRD,2020-11-20,2026-10-09,1477,60586043.980000004
CHRW,2016-01-04,2026-10-09,2708,104624917.33500001
CHTR,2016-01-04,2026-10-09,2708,488681283.77
CHWY,2019-06-14,2026-10-09,1841,171902226.3
CHYM,2025-06-12,2026-10-09,334,82110754.41
CI,2016-01-04,2026-10-09,2708,367748352.1
CIBR,2016-01-04,2026-10-09,2708,16898027.155
CIEN,2016-01-04,2026-10-09,2708,83210697.30000001
CIFR,2020-12-07,2026-10-09,1467,12858427.899999999
CINF,2016-01-04,2026-10-09,2708,59895023.785
CL,2016-01-04,2026-10-09,2708,289418704.09000003
CLF,2016-01-04,2026-10-09,2708,132257267.61000001
CLH,2016-01-04,2026-10-09,2708,34021944.535
CLS,2016-01-04,2026-10-09,2708,5045459.49
CLSK,2020-01-24,2026-10-09,1687,59500374.64
CLX,2016-01-04,2026-10-09,2708,153987493.22500002
CM,2016-01-04,2026-10-09,2708,34034016.94
CMCSA,2016-01-04,2026-10-09,2708,657842153.5600001
CME,2016-01-04,2026-10-09,2708,258056017.055
CMG,2016-01-04,2026-10-09,2708,446734349.53499997
CMI,2016-01-04,2026-10-09,2708,203578843.79000002
CMS,2016-01-04,2026-10-09,2708,106066255.465
CNC,2016-01-04,2026-10-09,2708,229285601.03000003
CNH,2016-01-04,2026-10-09,2708,34453006.480000004
CNI,2016-01-04,2026-10-09,2708,94427782.36
CNM,2021-07-23,2026-10-09,1310,67285620.27
CNP,2016-01-04,2026-10-09,2708,110478882.435
CNQ,2016-01-04,2026-10-09,2708,83301218.00999999
COF,2016-01-04,2026-10-09,2708,275286136.475
COHR,2016-01-04,2026-10-09,2708,65663765.05499999
COIN,2021-04-14,2026-10-09,1380,1434252727.3200002
COKE,2016-01-04,2026-10-09,2708,15810030.100000001
COMP,2021-04-01,2026-10-09,1388,19907034.84
CONL,2022-08-09,2026-10-09,1047,90623612.3
COO,2016-01-04,2026-10-09,2708,103579312.02000001
COP,2016-01-04,2026-10-09,2708,445337814.095
COPX,2016-01-04,2026-10-09,2708,7739843.8549999995
COR,2016-01-04,2026-10-09,2708,155365972.41
CORO,2024-12-04,2026-10-09,463,95891.4
CORT,2016-01-04,2026-10-09,2708,17826638.545
CORZ,2021-04-08,2026-10-09,1384,16800827.09
COST,2016-01-04,2026-10-09,2708,863646617.985
CP,2016-01-04,2026-10-09,2708,127989156.41
CPAY,2016-01-04,2026-10-09,2708,140818579.98
CPB,2016-01-04,2026-10-09,2708,94074839.86500001
CPNG,2021-03-11,2026-10-09,1403,177283970.64000002
CPRT,2016-01-04,2026-10-09,2708,142494670.64
CPT,2016-01-04,2026-10-09,2708,64957138.5
CRBG,2022-09-15,2026-10-09,1021,80596553.35
CRCL,2025-06-05,2026-10-09,339,1212837331.12
CRDO,2022-01-27,2026-10-09,1180,56658914.06
CRH,2016-01-04,2026-10-09,2708,23505398.22
CRL,2016-01-04,2026-10-09,2708,84002457.19999999
CRM,2016-01-04,2026-10-09,2708,1104156478.62
CROX,2016-01-04,2026-10-09,2708,84661294.8
CRS,2016-01-04,2026-10-09,2708,16114995.049999999
CRUS,2016-01-04,2026-10-09,2708,46403750.41500001
CRWD,2019-06-12,2026-10-09,1843,791525878.88
CRWV,2025-03-28,2026-10-09,386,2294567725.0950003
CSCO,2016-01-04,2026-10-09,2708,868582910.24
CSGP,2016-01-04,2026-10-09,2708,142490967.59
CSL,2016-01-04,2026-10-09,2708,64123513.455
CSX,2016-01-04,2026-10-09,2708,364742509.91999996
CTAS,2016-01-04,2026-10-09,2708,160123728.76
CTSH,2016-01-04,2026-10-09,2708,238301963.95
CTVA,2019-06-03,2026-10-09,1850,175902584.375
CUBE,2016-01-04,2026-10-09,2708,43349084.875
CVE,2016-01-04,2026-10-09,2708,65959380.761999995
CVNA,2017-04-28,2026-10-09,2376,291622629.5
CVS,2016-01-04,2026-10-09,2708,468749189.4
CVX,2016-01-04,2026-10-09,2708,863133305.16
CW,2016-01-04,2026-10-09,2708,32079768.72
CYTK,2016-01-04,2026-10-09,2708,23114733.85
D,2016-01-04,2026-10-09,2708,211111112.2
DAL,2016-01-04,2026-10-09,2708,412072474.14
DAR,2016-01-04,2026-10-09,2708,57332001.87
DASH,2020-12-09,2026-10-09,1465,477533853.50000006
DAVE,2021-04-26,2026-10-09,1372,4543316.380000001
DBMF,2019-05-08,2026-10-09,1867,4839369.569999999
DBX,2018-03-23,2026-10-09,2149,89555566.46000001
DD,2016-01-04,2026-10-09,2708,109810178.46000001
DDOG,2019-09-19,2026-10-09,1774,427643185.62
DDS,2016-01-04,2026-10-09,2708,33828367.065
DE,2016-01-04,2026-10-09,2708,432919663.8
DECK,2016-01-04,2026-10-09,2708,111567509.28
DELL,2018-12-28,2026-10-09,1956,231442760.14
DG,2016-01-04,2026-10-09,2708,291555619.57
DGX,2016-01-04,2026-10-09,2708,117709333.14000002
DHI,2016-01-04,2026-10-09,2708,243291663.25
DHR,2016-01-04,2026-10-09,2708,472243193.8
DIA,2016-01-04,2026-10-09,2708,1019974700.8050001
DINO,2016-01-04,2026-10-09,2708,82222335.205
DIS,2016-01-04,2026-10-09,2708,1016363187.995
DK,2016-01-04,2026-10-09,2708,26217823.82
DKNG,2019-07-25,2026-10-09,1813,339232819.16
DKS,2016-01-04,2026-10-09,2708,119827652.555
DLR,2016-01-04,2026-10-09,2708,184283033.07
DLTR,2016-01-04,2026-10-09,2708,262630266.89
DOC,2016-01-04,2026-10-09,2708,69210532.4
DOCN,2021-03-24,2026-10-09,1394,58101043.435
DOCU,2018-04-27,2026-10-09,2125,200476836.04999998
DOV,2016-01-04,2026-10-09,2708,113252890.92
DPZ,2016-01-04,2026-10-09,2708,197226609.435
DRAM,2016-01-04,2026-10-09,504,199529.55
DRI,2016-01-04,2026-10-09,2708,149236927.365
DT,2019-08-01,2026-10-09,1808,116068978.545
DTE,2016-01-04,2026-10-09,2708,102968479.72999999
DTM,2021-07-01,2026-10-09,1325,39936868.64
DUK,2016-01-04,2026-10-09,2708,252863921.64
DUOL,2021-07-28,2026-10-09,1307,109826306.39999999
DVA,2016-01-04,2026-10-09,2708,92801147.47
DVN,2016-01-04,2026-10-09,2708,231174885.885
DXCM,2016-01-04,2026-10-09,2708,248235482.245
DY,2016-01-04,2026-10-09,2708,38096574.06
EAT,2016-01-04,2026-10-09,2708,53793234.885
EBAY,2016-01-04,2026-10-09,2708,313356528.98
ECHO,2016-01-04,2026-10-09,2708,12430253.68
ECL,2016-01-04,2026-10-09,2708,196795973.47
ED,2016-01-04,2026-10-09,2708,140778642.60500002
EDV,2016-01-04,2026-10-09,2708,20256811.064999998
EEM,2016-01-04,2026-10-09,2708,1673888880.53
EFA,2016-01-04,2026-10-09,2708,1187959826.19
EFG,2016-01-04,2026-10-09,2708,38334355.28
EFV,2016-01-04,2026-10-09,2708,64403102.425
EFX,2016-01-04,2026-10-09,2708,147861850.41000003
EG,2016-01-04,2026-10-09,2708,76446183.05
EGO,2016-01-04,2026-10-09,2708,19260791.835
EGP,2016-01-04,2026-10-09,2708,28238745.955
EHC,2016-01-04,2026-10-09,2708,38905695.4
EIX,2016-01-04,2026-10-09,2708,108757411.655
EL,2016-01-04,2026-10-09,2708,275161271.3
ELAN,2018-09-20,2026-10-09,2024,89123842.03
ELF,2016-09-22,2026-10-09,2526,19948586.39
ELS,2016-01-04,2026-10-09,2708,51804505.76
ELV,2016-01-04,2026-10-09,2708,403408933.69
EME,2016-01-04,2026-10-09,2708,35563416.535
EMR,2016-01-04,2026-10-09,2708,227134299.59499997
EMXC,2017-07-26,2026-10-09,2315,15657278.290000001
ENB,2016-01-04,2026-10-09,2708,99562200.725
ENPH,2016-01-04,2026-10-09,2708,224733622.935
ENS,2016-01-04,2026-10-09,2708,19584068.905
ENTG,2016-01-04,2026-10-09,2708,91278939.42
EOG,2016-01-04,2026-10-09,2708,302508270.845
EPAM,2016-01-04,2026-10-09,2708,90973391.59
EPD,2016-01-04,2026-10-09,2708,91257004.725
EQH,2018-05-10,2026-10-09,2116,78252662.38499999
EQIX,2016-01-04,2026-10-09,2708,281407486.08000004
EQNR,2016-01-04,2026-10-09,2708,44929055.29000001
EQT,2016-01-04,2026-10-09,2708,164264544.84
EQX,2019-09-16,2026-10-09,1777,13734786.8
ERY,2016-01-04,2026-10-09,2708,11838076.485
ES,2016-01-04,2026-10-09,2708,108898853.85
ESI,2016-01-04,2026-10-09,2708,27840193.880000003
ESS,2016-01-04,2026-10-09,2708,86377816.205
ESTC,2018-10-05,2026-10-09,2013,103687529.31
ET,2016-01-04,2026-10-09,2708,113089120.014
ETHA,2024-07-23,2026-10-09,557,410659735.91999996
ETHU,2024-06-04,2026-10-09,590,142081643.1
ETN,2016-01-04,2026-10-09,2708,258239294.16999996
ETR,2016-01-04,2026-10-09,2708,120328717.86
ETSY,2016-01-04,2026-10-09,2708,193984303.63
EVR,2016-01-04,2026-10-09,2708,40950048.9
EVRG,2018-06-05,2026-10-09,2099,94734857.18
EW,2016-01-04,2026-10-09,2708,249383904.24
EWBC,2016-01-04,2026-10-09,2708,50008115.465
EWC,2016-01-04,2026-10-09,2708,65274462.36
EWJ,2016-01-04,2026-10-09,2708,342022438.28
EWT,2016-01-04,2026-10-09,2708,116842407.07
EWY,2016-01-04,2026-10-09,2708,195730983.76
EWZ,2016-01-04,2026-10-09,2708,580301842.665
EXC,2016-01-04,2026-10-09,2708,176954428.2
EXE,2016-01-04,2026-10-09,2708,116038552.84
EXEL,2016-01-04,2026-10-09,2708,60015609.730000004
EXPD,2016-01-04,2026-10-09,2708,107405700.25
EXPE,2016-01-04,2026-10-09,2708,271953527.695
EXR,2016-01-04,2026-10-09,2708,100466326.17
F,2016-01-04,2026-10-09,2708,445889551.75450003
FANG,2016-01-04,2026-10-09,2708,189774374.68
FAST,2016-01-04,2026-10-09,2708,154033997.4
FBTC,2024-01-11,2026-10-09,689,317991861.06
FCEL,2016-01-04,2026-10-09,2708,13390876.5
FCNCA,2016-01-04,2026-10-09,2708,42201596.24
FCX,2016-01-04,2026-10-09,2708,412107186.64
FDS,2016-01-04,2026-10-09,2708,82095632.84
FDX,2016-01-04,2026-10-09,2708,309344166.13
FDXF,2026-06-01,2026-10-09,92,190758233.52
FE,2016-01-04,2026-10-09,2708,120369628.235
FER,2024-05-09,2026-10-09,607,11566724.0
FERG,2021-03-08,2026-10-09,1406,184189187.11
FFIV,2016-01-04,2026-10-09,2708,104706767.68
FHN,2016-01-04,2026-10-09,2708,62308347.235
FICO,2016-01-04,2026-10-09,2708,98897561.015
FIG,2025-07-31,2026-10-09,301,345173860.07
FIGR,2025-09-11,2026-10-09,272,125358050.505
FIS,2016-01-04,2026-10-09,2708,245725964.39
FISV,2016-01-04,2026-10-09,2708,346565867.185
FITB,2016-01-04,2026-10-09,2708,140441654.57
FIVE,2016-01-04,2026-10-09,2708,115291069.92
FIX,2016-01-04,2026-10-09,2708,16116709.39
FLEX,2016-01-04,2026-10-09,2708,55025050.775
FLR,2016-01-04,2026-10-09,2708,59494605.455
FLS,2016-01-04,2026-10-09,2708,43443252.879999995
FLUT,2024-01-29,2026-10-09,678,345646394.01
FN,2016-01-04,2026-10-09,2708,23195735.924999997
FND,2017-04-27,2026-10-09,2377,93576336.75
FNDF,2016-01-04,2026-10-09,2708,18468765.815
FNF,2016-01-04,2026-10-09,2708,48245611.370000005
FNV,2016-01-04,2026-10-09,2708,67344624.4
FORM,2016-01-04,2026-10-09,2708,14121478.07
FOXA,2016-01-04,2026-10-09,2708,163956379.195
FPS,2026-02-05,2026-10-09,171,203081685.7
FRO,2016-01-04,2026-10-09,2708,10954619.3835
FROG,2020-09-16,2026-10-09,1524,31783425.994999997
FRT,2016-01-04,2026-10-09,2708,47914380.425
FRVO,2026-05-13,2026-10-09,104,81153843.005
FSLR,2016-01-04,2026-10-09,2708,180668029.185
FSLY,2019-05-17,2026-10-09,1860,48908962.24
FTAI,2016-01-04,2026-10-09,2708,6821564.25
FTI,2017-01-17,2026-10-09,2447,72044716.03999999
FTNT,2016-01-04,2026-10-09,2708,236523320.27000004
FTV,2016-07-05,2026-10-09,2582,94256731.155
FUTU,2019-03-08,2026-10-09,1909,117279234.5
FWONK,2016-04-18,2026-10-09,2636,53118958.795
FXI,2016-01-04,2026-10-09,2708,851130742.4200001
GAP,2016-01-04,2026-10-09,2708,110250728.08000001
GBTC,2024-01-11,2026-10-09,689,199284153.92
GD,2016-01-04,2026-10-09,2708,232991967.055
GDDY,2016-01-04,2026-10-09,2708,107345877.595
GDX,2016-01-04,2026-10-09,2708,954586487.635
GDXJ,2016-05-02,2026-10-09,2626,364726565.35
GDXU,2020-12-03,2026-10-09,1469,21259909.68
GE,2016-01-04,2026-10-09,2708,544601053.4200001
GEHC,2022-12-15,2026-10-09,957,220180318.49999997
GEN,2016-01-04,2026-10-09,2708,92644263.1825
GEV,2024-04-02,2026-10-09,634,1426132375.2849998
GFI,2016-01-04,2026-10-09,2708,40676408.4665
GFL,2020-03-03,2026-10-09,1661,39809316.5
GFS,2021-10-28,2026-10-09,1242,91467265.595
GGG,2016-01-04,2026-10-09,2708,40132841.97
GGLL,2022-09-07,2026-10-09,1027,15329090.91
GH,2018-10-04,2026-10-09,2014,73867402.12
GILD,2016-01-04,2026-10-09,2708,495950360.655
GIS,2016-01-04,2026-10-09,2708,201107430.84499997
GKOS,2016-01-04,2026-10-09,2708,29074155.200000003
GLD,2016-01-04,2026-10-09,2708,1340570645.78
GLDM,2018-06-26,2026-10-09,2084,59147531.275000006
GLPI,2016-01-04,2026-10-09,2708,37121373.075
GLW,2016-01-04,2026-10-09,2708,154163805.445
GLXY,2025-05-16,2026-10-09,352,154985580.77999997
GM,2016-01-04,2026-10-09,2708,478187862.03
GMAB,2019-07-18,2026-10-09,1818,19672272.435
GME,2016-01-04,2026-10-09,2708,74424019.972
GMED,2016-01-04,2026-10-09,2708,38522118.05
GNRC,2016-01-04,2026-10-09,2708,102889983.69999999
GOOG,2016-01-04,2026-10-09,2708,2602831589.4
GOOGL,2016-01-04,2026-10-09,2708,3175524430.1099997
GOOGM,2026-06-08,2026-10-09,87,71530199.4
GPC,2016-01-04,2026-10-09,2708,88858862.205
GPN,2016-01-04,2026-10-09,2708,194820960.29000002
GRAL,2024-06-12,2026-10-09,584,38024884.45
GRML,2022-04-29,2026-10-09,1116,75047.625
GRMN,2016-01-04,2026-10-09,2708,82831529.93
GS,2016-01-04,2026-10-09,2708,731972820.97
GSK,2016-01-04,2026-10-09,2708,112270335.74000001
GTLB,2021-10-14,2026-10-09,1252,107823182.205
GWRE,2016-01-04,2026-10-09,2708,59064710.775000006
GWW,2016-01-04,2026-10-09,2708,159813088.615
H,2016-01-04,2026-10-09,2708,62821704.75
HAL,2016-01-04,2026-10-09,2708,284320077.065
HALO,2016-01-04,2026-10-09,2708,36128713.035
HAS,2016-01-04,2026-10-09,2708,81724457.42
HBAN,2016-01-04,2026-10-09,2708,132793182.936
HBM,2016-01-04,2026-10-09,2708,6805751.232
HCA,2016-01-04,2026-10-09,2708,284631413.22
HD,2016-01-04,2026-10-09,2708,940523725.05
HDB,2016-01-04,2026-10-09,2708,91301603.98
HEI,2016-01-04,2026-10-09,2708,49687988.504999995
HIG,2016-01-04,2026-10-09,2708,120837320.93
HII,2016-01-04,2026-10-09,2708,68045563.675
HIMS,2019-09-13,2026-10-09,1778,23335473.939999998
HL,2016-01-04,2026-10-09,2708,37051911.128000006
HLI,2016-01-04,2026-10-09,2708,22935748.715
HLN,2022-07-22,2026-10-09,1059,56103424.532000005
HLT,2016-01-04,2026-10-09,2708,257740992.27999997
HNGE,2025-05-22,2026-10-09,348,59571118.745000005
HON,2016-01-04,2026-10-09,2708,244385816.84
HONA,2026-06-15,2026-10-09,82,546299989.685
HOOD,2021-07-29,2026-10-09,1306,309215697.99
HPE,2016-01-04,2026-10-09,2708,163953017.24
HPQ,2016-01-04,2026-10-09,2708,189438113.425
HRI,2016-01-04,2026-10-09,2708,21750704.575000003
HRL,2016-01-04,2026-10-09,2708,80549568.27
HSBC,2016-01-04,2026-10-09,2708,57317469.05499999
HSIC,2016-01-04,2026-10-09,2708,84679688.43
HST,2016-01-04,2026-10-09,2708,105429566.74000001
HSY,2016-01-04,2026-10-09,2708,165979246.405
HTFL,2025-08-08,2026-10-09,295,28404807.759999998
HUBB,2016-01-04,2026-10-09,2708,54263621.88
HUBS,2016-01-04,2026-10-09,2708,171119524.6
HUM,2016-01-04,2026-10-09,2708,346571331.225
HUT,2021-06-15,2026-10-09,1337,54615182.0
HWM,2020-04-01,2026-10-09,1640,143930157.03999996
IAG,2016-01-04,2026-10-09,2708,22139715.75
IAU,2016-01-04,2026-10-09,2708,228935244.195
IAUM,2021-06-29,2026-10-09,1327,21431641.66
IBB,2016-01-04,2026-10-09,2708,275277137.365
IBIT,2024-01-11,2026-10-09,689,1962883741.4999998
IBKR,2016-01-04,2026-10-09,2708,52117199.54
IBM,2016-01-04,2026-10-09,2708,541229199.5899999
IBN,2016-01-04,2026-10-09,2708,96794444.34
IBRX,2016-01-04,2026-10-09,2708,7406220.205
ICE,2016-01-04,2026-10-09,2708,261695963.98000002
ICLN,2016-01-04,2026-10-09,2708,29362990.73
ICLR,2016-01-04,2026-10-09,2708,74079181.475
IDEV,2017-03-23,2026-10-09,2401,20496036.599999998
IDXX,2016-01-04,2026-10-09,2708,186670564.08
IEFA,2016-01-04,2026-10-09,2708,460014961.43500006
IEMG,2016-01-04,2026-10-09,2708,511108765.33
IEX,2016-01-04,2026-10-09,2708,71004693.03999999
IFF,2016-01-04,2026-10-09,2708,113172862.72999999
IGLB,2016-01-04,2026-10-09,2708,15951335.259999998
IGV,2016-01-04,2026-10-09,2708,218300440.9
IHI,2016-01-04,2026-10-09,2708,40737424.875
IJH,2016-01-04,2026-10-09,2708,271469479.15
IJR,2016-01-04,2026-10-09,2708,317178327.74
ILMN,2016-01-04,2026-10-09,2708,256527473.60000002
INCY,2016-01-04,2026-10-09,2708,124517029.715
INFQ,2025-07-07,2026-10-09,319,58975199.160000004
INFY,2016-01-04,2026-10-09,2708,111707570.255
INIO,2026-06-04,2026-10-09,89,110901581.46999998
INOD,2016-01-04,2026-10-09,2708,234780.0
INSM,2016-01-04,2026-10-09,2708,25980511.9
INTC,2016-01-04,2026-10-09,2708,1314519827.58
INTU,2016-01-04,2026-10-09,2708,546850822.375
INTW,2025-02-13,2026-10-09,416,41821362.827999994
INVH,2017-02-01,2026-10-09,2436,89366878.73
IONQ,2021-01-04,2026-10-09,1449,77327492.58
IONS,2016-01-04,2026-10-09,2708,56011790.765
IOT,2021-12-15,2026-10-09,1209,103474400.04
IOVA,2016-01-04,2026-10-09,2708,28671149.97
IP,2016-01-04,2026-10-09,2708,113011129.105
IQV,2016-01-04,2026-10-09,2708,194855912.45999998
IR,2017-05-12,2026-10-09,2366,120002514.875
IREN,2021-11-17,2026-10-09,1228,64041171.05
IRM,2016-01-04,2026-10-09,2708,67466566.725
ISRG,2016-01-04,2026-10-09,2708,462553913.915
IT,2016-01-04,2026-10-09,2708,117298450.8
ITA,2016-01-04,2026-10-09,2708,39822359.72
ITB,2016-01-04,2026-10-09,2708,143374249.245
ITT,2016-01-04,2026-10-09,2708,35812744.56
ITUB,2016-01-04,2026-10-09,2708,96675348.1085
ITW,2016-01-04,2026-10-09,2708,202734876.21
IVW,2016-01-04,2026-10-09,2708,125042332.84
IVZ,2016-01-04,2026-10-09,2708,71467790.69500001
IWF,2016-01-04,2026-10-09,2708,327593659.58
IWM,2016-01-04,2026-10-09,2708,4476393044.285
IWN,2016-01-04,2026-10-09,2708,139313310.445
IWO,2016-01-04,2026-10-09,2708,112231364.75999999
IWP,2016-01-04,2026-10-09,2708,60313869.870000005
IWR,2016-01-04,2026-10-09,2708,79911157.37
IXUS,2016-01-04,2026-10-09,2708,69788281.165
IYR,2016-01-04,2026-10-09,2708,522366809.47
IYW,2016-01-04,2026-10-09,2708,42843985.045
J,2016-01-04,2026-10-09,2708,61746159.69
JAZZ,2016-01-04,2026-10-09,2708,80349252.53999999
JBHT,2016-01-04,2026-10-09,2708,110199423.47999999
JBL,2016-01-04,2026-10-09,2708,63261818.055
JCI,2016-01-04,2026-10-09,2708,224777722.385
JD,2016-01-04,2026-10-09,2708,386934864.67
JEF,2016-01-04,2026-10-09,2708,40611682.665
JETS,2016-01-04,2026-10-09,2708,46608645.04000001
JHX,2016-01-04,2026-10-09,2708,854814.34
JKHY,2016-01-04,2026-10-09,2708,71985758.87
JLL,2016-01-04,2026-10-09,2708,56778624.91
JNJ,2016-01-04,2026-10-09,2708,985295361.9300001
JOBY,2020-11-09,2026-10-09,1486,32051758.615
JPM,2016-01-04,2026-10-09,2708,1442385050.3500001
JXN,2021-09-20,2026-10-09,1270,41289721.980000004
KBE,2016-01-04,2026-10-09,2708,86748528.365
KBWB,2016-01-04,2026-10-09,2708,26942171.765
KDP,2016-01-04,2026-10-09,2708,151352120.41
KEY,2016-01-04,2026-10-09,2708,148708838.28
KEYS,2016-01-04,2026-10-09,2708,139655774.67
KGC,2016-01-04,2026-10-09,2708,70900222.563
KGS,2023-06-29,2026-10-09,824,29121944.965
KHC,2016-01-04,2026-10-09,2708,209989709.42000002
KIM,2016-01-04,2026-10-09,2708,67792239.53
KKR,2016-01-04,2026-10-09,2708,131955558.35
KLAC,2016-01-04,2026-10-09,2708,349108348.8
KMB,2016-01-04,2026-10-09,2708,207060303.61
KMI,2016-01-04,2026-10-09,2708,207096713.24
KMX,2016-01-04,2026-10-09,2708,131880460.05
KNX,2016-01-04,2026-10-09,2708,82277932.325
KO,2016-01-04,2026-10-09,2708,686378931.09
KOD,2018-10-04,2026-10-09,2014,6038149.4925
KORU,2016-01-04,2026-10-09,2708,1758264.1800000002
KR,2016-01-04,2026-10-09,2708,252959168.925
KRE,2016-01-04,2026-10-09,2708,421162765.67999995
KRMN,2025-02-13,2026-10-09,416,100111852.865
KTOS,2016-01-04,2026-10-09,2708,17730216.224999998
KVUE,2023-05-04,2026-10-09,862,324140206.69
KVYO,2023-09-20,2026-10-09,767,51649488.0
KWEB,2016-01-04,2026-10-09,2708,230318132.235
L,2016-01-04,2026-10-09,2708,52288202.695
LABD,2016-01-04,2026-10-09,2708,60784391.775000006
LAD,2016-01-04,2026-10-09,2708,55642282.29
LDOS,2016-01-04,2026-10-09,2708,81021329.41
LECO,2016-01-04,2026-10-09,2708,35802649.815
LEN,2016-01-04,2026-10-09,2708,188204619.015
LEU,2016-01-04,2026-10-09,2708,2536124.52
LH,2016-01-04,2026-10-09,2708,119026153.56
LHX,2016-01-04,2026-10-09,2708,196724964.64499998
LII,2016-01-04,2026-10-09,2708,80350714.94
LIN,2018-10-31,2026-10-09,1995,577349734.8
LITE,2016-01-04,2026-10-09,2708,83741364.08
LLY,2016-01-04,2026-10-09,2708,746416819.9649999
LMT,2016-01-04,2026-10-09,2708,432351141.565
LNG,2016-01-04,2026-10-09,2708,164398862.305
LNT,2016-01-04,2026-10-09,2708,64672896.325
LOW,2016-01-04,2026-10-09,2708,524592570.53999996
LPLA,2016-01-04,2026-10-09,2708,80777056.96000001
LQDA,2018-07-26,2026-10-09,2063,3311684.72
LRCX,2016-01-04,2026-10-09,2708,625043696.8
LSCC,2016-01-04,2026-10-09,2708,57004083.18
LTH,2021-10-07,2026-10-09,1257,18034905.2
LULU,2016-01-04,2026-10-09,2708,391164567.31
LUNR,2021-11-17,2026-10-09,1228,13799326.89
LUV,2016-01-04,2026-10-09,2708,255844422.45000002
LVS,2016-01-04,2026-10-09,2708,221708006.14
LYB,2016-01-04,2026-10-09,2708,153905448.865
LYFT,2019-03-29,2026-10-09,1894,220764868.73999998
LYV,2016-01-04,2026-10-09,2708,135278128.565
M,2016-01-04,2026-10-09,2708,150721844.57
MA,2016-01-04,2026-10-09,2708,1010566137.165
MAA,2016-01-04,2026-10-09,2708,75280453.715
MAGS,2023-04-11,2026-10-09,879,76745452.03
MANH,2016-01-04,2026-10-09,2708,47398319.54000001
MAR,2016-01-04,2026-10-09,2708,302380740.91999996
MARA,2017-10-30,2026-10-09,2248,281467203.67499995
MAS,2016-01-04,2026-10-09,2708,112194839.16999999
MAT,2016-01-04,2026-10-09,2708,63334867.32000001
MCD,2016-01-04,2026-10-09,2708,658494051.29
MCHP,2016-01-04,2026-10-09,2708,291121415.69
MCK,2016-01-04,2026-10-09,2708,294256426.3249999
MCO,2016-01-04,2026-10-09,2708,210002450.06
MDB,2017-10-19,2026-10-09,2255,313812662.25
MDGL,2016-01-04,2026-10-09,2708,24391640.695
MDLN,2025-12-17,2026-10-09,204,246588238.875
MDLZ,2016-01-04,2026-10-09,2708,371762989.85
MDT,2016-01-04,2026-10-09,2708,458412564.3
MDY,2016-01-04,2026-10-09,2708,370501769.28999996
MEDP,2016-08-11,2026-10-09,2555,42840660.28
MELI,2016-01-04,2026-10-09,2708,471568682.61
MET,2016-01-04,2026-10-09,2708,232854102.3
META,2016-01-04,2026-10-09,2708,5017138866.03
METU,2024-06-05,2026-10-09,589,34927526.4
MGK,2016-01-04,2026-10-09,2708,49320847.3
MGM,2016-01-04,2026-10-09,2708,188330153.01
MGY,2017-06-29,2026-10-09,2333,28818018.24
MHK,2016-01-04,2026-10-09,2708,95105087.685
MKC,2016-01-04,2026-10-09,2708,104923835.275
MKL,2016-01-04,2026-10-09,2708,54248944.70999999
MKSI,2016-01-04,2026-10-09,2708,58725698.195
MLI,2016-01-04,2026-10-09,2708,11313722.88
MLM,2016-01-04,2026-10-09,2708,155384534.495
MMM,2016-01-04,2026-10-09,2708,314961632.92999995
MNDY,2021-06-10,2026-10-09,1340,113845149.07
MNST,2016-01-04,2026-10-09,2708,220615361.48000002
MO,2016-01-04,2026-10-09,2708,284857172.25
MOD,2016-01-04,2026-10-09,2708,4918888.8
MOH,2016-01-04,2026-10-09,2708,108428842.125
MOS,2016-01-04,2026-10-09,2708,124005163.46000001
MP,2020-06-22,2026-10-09,1584,78649914.655
MPC,2016-01-04,2026-10-09,2708,330960462.17
MPWR,2016-01-04,2026-10-09,2708,139738076.1
MRK,2016-01-04,2026-10-09,2708,733266687.0150001
MRNA,2018-12-07,2026-10-09,1970,442702495.53499997
MRSH,2016-01-04,2026-10-09,2708,231470646.17
MRVL,2016-01-04,2026-10-09,2708,398363165.02000004
MS,2016-01-04,2026-10-09,2708,531201921.355
MSCI,2016-01-04,2026-10-09,2708,168898150.10000002
MSFT,2016-01-04,2026-10-09,2708,6459652664.72
MSFU,2022-09-07,2026-10-09,1027,11269223.4
MSGS,2016-01-04,2026-10-09,2708,30681244.6
MSI,2016-01-04,2026-10-09,2708,167050869.135
MSTR,2016-01-04,2026-10-09,2708,127621416.1
MSTU,2024-09-18,2026-10-09,517,251387705.1
MSTX,2016-01-04,2026-10-09,2708,0.0
MTB,2016-01-04,2026-10-09,2708,126988257.33499998
MTCH,2016-01-04,2026-10-09,2708,129799701.86000001
MTD,2016-01-04,2026-10-09,2708,136093862.62
MTDR,2016-01-04,2026-10-09,2708,50251340.58
MTN,2016-01-04,2026-10-09,2708,67616735.195
MTSI,2016-01-04,2026-10-09,2708,27175877.955
MTUM,2016-01-04,2026-10-09,2708,99728613.32
MTZ,2016-01-04,2026-10-09,2708,55080075.77499999
MU,2016-01-04,2026-10-09,2708,1321153400.2
MULL,2024-11-12,2026-10-09,478,15843668.462499999
MUSA,2016-01-04,2026-10-09,2708,47711574.185
MUU,2024-10-10,2026-10-09,501,47950487.44
MXL,2016-01-04,2026-10-09,2708,16986328.0
NAVN,2025-10-30,2026-10-09,237,46343572.32
NBIS,2016-01-04,2026-10-09,2665,76746185.10000001
NBIX,2016-01-04,2026-10-09,2708,79009697.17
NCLH,2016-01-04,2026-10-09,2708,211210623.875
NDAQ,2016-01-04,2026-10-09,2708,110945583.78
NDSN,2016-01-04,2026-10-09,2708,42689682.91
NEE,2016-01-04,2026-10-09,2708,491431216.48
NEM,2016-01-04,2026-10-09,2708,319486203.83500004
NET,2019-09-13,2026-10-09,1778,310021981.115
NEU,2016-01-04,2026-10-09,2708,15437010.71
NFLX,2016-01-04,2026-10-09,2708,2275383503.75
NI,2016-01-04,2026-10-09,2708,83337420.73500001
NKE,2016-01-04,2026-10-09,2708,673678140.36
NKTR,2016-01-04,2026-10-09,2708,21105302.79
NLY,2016-01-04,2026-10-09,2708,49563876.675
NNN,2016-01-04,2026-10-09,2708,37717378.705
NOC,2016-01-04,2026-10-09,2708,305038998.1
NOK,2016-01-04,2026-10-09,2708,86348008.0815
NOW,2016-01-04,2026-10-09,2708,634569270.775
NRG,2016-01-04,2026-10-09,2708,116309702.65
NSC,2016-01-04,2026-10-09,2708,258702526.56
NTAP,2016-01-04,2026-10-09,2708,131232093.03
NTNX,2016-09-30,2026-10-09,2520,88396246.02
NTR,2018-01-02,2026-10-09,2205,92650914.88
NTRA,2016-01-04,2026-10-09,2708,48249635.625
NTRS,2016-01-04,2026-10-09,2708,91358511.94
NTSK,2025-09-18,2026-10-09,267,44845856.98
NU,2021-12-09,2026-10-09,1213,313415087.04
NUE,2016-01-04,2026-10-09,2708,181451206.79000002
NUGT,2016-01-04,2026-10-09,2708,140777179.28
NVDA,2016-01-04,2026-10-09,2708,6394982234.5
NVDL,2022-12-13,2026-10-09,959,664618966.2
NVMI,2016-01-04,2026-10-09,2708,8416113.225000001
NVO,2016-01-04,2026-10-09,2708,110642858.88
NVR,2016-01-04,2026-10-09,2708,105875546.275
NVS,2016-01-04,2026-10-09,2708,144816735.67000002
NVT,2018-05-01,2026-10-09,2123,39027372.6
NVTS,2021-01-25,2026-10-09,1435,11621347.25
NWSA,2016-01-04,2026-10-09,2708,47178497.16500001
NXPI,2016-01-04,2026-10-09,2708,403269952.42499995
NXT,2023-02-09,2026-10-09,920,125583349.09
NYT,2016-01-04,2026-10-09,2708,49064308.55
O,2016-01-04,2026-10-09,2708,165340321.63
OC,2016-01-04,2026-10-09,2708,82682438.67
ODFL,2016-01-04,2026-10-09,2708,168026751.62
OHI,2016-01-04,2026-10-09,2708,43927374.975
OIH,2016-05-02,2026-10-09,2626,129814471.035
OKE,2016-01-04,2026-10-09,2708,124325311.585
OKLO,2021-07-08,2026-10-09,1321,9332814.11
OKTA,2017-04-07,2026-10-09,2390,212927851.9
OLLI,2016-01-04,2026-10-09,2708,69560499.00999999
OMC,2016-01-04,2026-10-09,2708,120123387.60499999
ON,2016-01-04,2026-10-09,2708,257984079.9925
ONB,2016-01-04,2026-10-09,2708,18925345.68
ONC,2016-02-03,2026-10-09,2687,46855285.589999996
ONDS,2020-12-04,2026-10-09,1468,2399570.5784
ONON,2021-09-15,2026-10-09,1273,138489934.77
ONTO,2016-01-04,2026-10-09,2708,17206842.895000003
ORA,2016-01-04,2026-10-09,2708,23427176.18
ORCL,2016-01-04,2026-10-09,2708,727198665.7850001
ORLY,2016-01-04,2026-10-09,2708,316349984.625
OSCR,2021-03-03,2026-10-09,1409,33463436.5
OTIS,2020-04-03,2026-10-09,1638,178964057.8
OVV,2016-01-04,2026-10-09,2708,103359255.79500002
OWL,2018-08-23,2026-10-09,2043,27131233.92
OXY,2016-01-04,2026-10-09,2708,413149579.175
P,2016-01-04,2026-10-09,2708,86632597.13499999
PAAS,2016-01-04,2026-10-09,2708,50337566.349999994
PANW,2016-01-04,2026-10-09,2708,476192898.54999995
PATH,2021-04-21,2026-10-09,1375,142616717.76
PAYC,2016-01-04,2026-10-09,2708,116721621.89999999
PAYX,2016-01-04,2026-10-09,2708,159394457.9
PBF,2016-01-04,2026-10-09,2708,60777040.32
PBR,2016-01-04,2026-10-09,2708,110334679.49
PCAR,2016-01-04,2026-10-09,2708,146122703.755
PCG,2016-01-04,2026-10-09,2708,205058840.15
PCOR,2021-05-20,2026-10-09,1354,72386135.555
PCTY,2016-01-04,2026-10-09,2708,49855895.595
PCVX,2020-06-12,2026-10-09,1590,32226782.245
PDBC,2016-01-04,2026-10-09,2708,24403798.054
PDD,2018-07-26,2026-10-09,2063,632918662.04
PEG,2016-01-04,2026-10-09,2708,135179049.87
PEP,2016-01-04,2026-10-09,2708,647803870.5250001
PFE,2016-01-04,2026-10-09,2708,764903510.04
PFG,2016-01-04,2026-10-09,2708,72122472.4
PFGC,2016-01-04,2026-10-09,2708,48472757.515
PG,2016-01-04,2026-10-09,2708,865525557.05
PGR,2016-01-04,2026-10-09,2708,252235912.185
PH,2016-01-04,2026-10-09,2708,221259235.75
PHM,2016-01-04,2026-10-09,2708,143795428.41000003
PHYS,2016-01-04,2026-10-09,2708,19965226.939999998
PINS,2019-04-18,2026-10-09,1880,306890756.84000003
PKG,2016-01-04,2026-10-09,2708,80532702.53
PL,2021-04-26,2026-10-09,1372,9439284.08
PLD,2016-01-04,2026-10-09,2708,273449391.825
PLNT,2016-01-04,2026-10-09,2708,75741036.24000001
PLTR,2020-09-30,2026-10-09,1514,1322841223.005
PM,2016-01-04,2026-10-09,2708,377777323.59
PNC,2016-01-04,2026-10-09,2708,264591521.39499998
PNFP,2016-01-04,2026-10-09,2708,29500424.8
PNR,2016-01-04,2026-10-09,2708,72256744.0
PNW,2016-01-04,2026-10-09,2708,60979192.425
PODD,2016-01-04,2026-10-09,2708,103705652.425
POOL,2016-01-04,2026-10-09,2708,90493616.72999999
PPG,2016-01-04,2026-10-09,2708,161858943.79
PPL,2016-01-04,2026-10-09,2708,124575565.58
PR,2016-04-15,2026-10-09,2637,43394710.212
PRAX,2020-10-16,2026-10-09,1502,7443294.6
PRIM,2016-01-04,2026-10-09,2708,7817943.14
PRU,2016-01-04,2026-10-09,2708,148249680.2
PSA,2016-01-04,2026-10-09,2708,178085501.27
PSKY,2025-08-07,2026-10-05,292,101300631.055
PSLV,2016-01-04,2026-10-09,2708,17157769.61
PSQ,2016-01-04,2026-10-09,2708,88233342.0
PSX,2016-01-04,2026-10-09,2708,239396025.08499998
PTC,2016-01-04,2026-10-09,2708,90765574.31
PTGX,2016-08-11,2026-10-09,2555,9940930.27
PURR,2025-12-03,2026-10-09,214,44687435.230000004
PWR,2016-01-04,2026-10-09,2708,102580090.275
PYPL,2016-01-04,2026-10-09,2708,817305708.76
Q,2025-11-03,2026-10-09,235,221996732.10000002
QBTS,2020-12-11,2026-10-09,1463,3882112.01
QCOM,2016-01-04,2026-10-09,2708,907434382.3050001
QID,2016-01-04,2026-10-09,2708,125093859.225
QLD,2016-01-04,2026-10-09,2708,194703858.25
QLYS,2016-01-04,2026-10-09,2708,36830708.9
QNT,2026-06-04,2026-10-09,89,89194938.48
QQQ,2016-01-04,2026-10-09,2708,12327796104.8
QQQI,2024-01-30,2026-10-09,677,69213344.8
QQQM,2020-10-13,2026-10-09,1505,199868736.6
QRVO,2016-01-04,2026-10-02,2703,125435050.78
QSR,2016-01-04,2026-10-09,2708,77570591.92
QURE,2016-01-04,2026-10-09,2708,11372868.125
QXO,2017-04-19,2026-10-09,2383,84470.52
RACE,2016-01-04,2026-10-09,2708,70638851.81
RAL,2025-06-30,2026-10-09,323,67951120.8
RAM,2021-07-09,2026-10-09,504,182967.92475
RBA,2016-01-04,2026-10-09,2708,26021503.535000004
RBC,2016-01-04,2026-10-09,2708,22164254.325
RBLX,2021-03-10,2026-10-09,1404,497671115.165
RBRK,2024-04-25,2026-10-09,617,174615160.0
RCL,2016-01-04,2026-10-09,2708,272431802.655
RDDT,2024-03-21,2026-10-09,641,731357249.3
RDW,2021-01-14,2026-10-09,1441,2426677.12
REG,2016-01-04,2026-10-09,2708,53475285.075
REGN,2016-01-04,2026-10-09,2708,427729465.575
REXR,2016-01-04,2026-10-09,2708,41386046.714999996
RF,2016-01-04,2026-10-09,2708,145039431.375
RGEN,2016-01-04,2026-10-09,2708,65049767.205
RGLD,2016-01-04,2026-10-09,2708,50143152.03
RGTI,2021-04-22,2026-10-09,1374,5971825.92
RH,2016-01-04,2026-10-09,2708,156772232.04
RIG,2016-01-04,2026-10-09,2708,108617889.975
RIO,2016-01-04,2026-10-09,2708,119731758.62
RIOT,2016-01-04,2026-10-09,2708,93748464.24000001
RIVN,2021-11-10,2026-10-09,1233,475026446.7
RJF,2016-01-04,2026-10-09,2708,88625918.03
RKLB,2020-11-24,2026-10-09,1475,33891126.66
RKT,2020-08-06,2026-10-09,1552,59397257.68
RL,2016-01-04,2026-10-09,2708,109439955.89500001
RMBS,2016-01-04,2026-10-09,2708,17567543.33
RMD,2016-01-04,2026-10-09,2708,116426347.105
RNG,2016-01-04,2026-10-09,2708,58315005.09
RNR,2016-01-04,2026-10-09,2708,57282263.64
ROIV,2020-12-08,2026-10-09,1466,38604404.150000006
ROK,2016-01-04,2026-10-09,2708,170871765.83
ROKU,2017-09-28,2026-10-09,2270,503140193.52
ROL,2016-01-04,2026-10-09,2708,50227269.045
ROP,2016-01-04,2026-10-09,2708,193233082.85500002
ROST,2016-01-04,2026-10-09,2708,241776419.45499998
RPRX,2020-06-16,2026-10-09,1588,77278171.72
RRC,2016-01-04,2026-10-09,2708,93642749.97
RRX,2016-01-04,2026-10-09,2708,35776598.655
RS,2016-01-04,2026-10-09,2708,55677937.739999995
RSG,2016-01-04,2026-10-09,2708,127891303.705
RTX,2016-01-04,2026-10-09,2708,478286740.885
RVMD,2020-02-13,2026-10-09,1673,29925777.44
RVTY,2016-01-04,2026-10-09,2708,81096356.88
RWM,2016-01-04,2026-10-09,2708,35040222.980000004
RY,2016-01-04,2026-10-09,2708,63845568.82000001
S,2021-06-30,2026-10-09,1326,100070248.58
SAIA,2016-01-04,2026-10-09,2708,47992481.345
SAIL,2017-11-17,2026-10-09,2234,25531171.975
SAN,2016-01-04,2026-10-09,2708,15527437.283999998
SANM,2016-01-04,2026-10-09,2708,18328491.729999997
SAP,2016-01-04,2026-10-09,2708,99270435.63
SBAC,2016-01-04,2026-10-09,2708,160114076.755
SBUX,2016-01-04,2026-10-09,2708,607555220.79
SCCO,2016-01-04,2026-10-09,2708,47976297.88
SCHA,2016-01-04,2026-10-09,2708,33445735.130000003
SCHE,2016-01-04,2026-10-09,2708,29077524.825000003
SCHF,2016-01-04,2026-10-09,2708,91574471.94
SCHG,2016-01-04,2026-10-09,2708,58698633.26
SCHH,2016-01-04,2026-10-09,2708,32252851.955000006
SCHW,2016-01-04,2026-10-09,2708,434431509.135
SCO,2016-01-04,2026-10-09,2708,43179896.400000006
SCZ,2016-01-04,2026-10-09,2708,56081855.81999999
SDOW,2019-05-24,2026-10-09,1855,129405180.84
SDS,2016-01-04,2026-10-09,2708,172588911.285
SE,2016-01-04,2026-10-09,2708,279787866.275
SEDG,2016-01-04,2026-10-09,2708,105426986.83
SEI,2017-05-12,2026-10-09,2366,3533691.915
SF,2016-01-04,2026-10-09,2708,29918444.16
SFM,2016-01-04,2026-10-09,2708,56756578.545
SGI,2016-01-04,2026-10-09,2708,68198114.45
SGOL,2016-01-04,2026-10-09,2708,22743406.435000002
SHEL,2022-02-01,2026-10-09,1177,266716319.76
SHLD,2016-01-04,2026-10-09,2708,821511.0700000001
SHOP,2016-01-04,2026-10-09,2708,721290627.78
SHW,2016-01-04,2026-10-09,2708,333517167.81
SIG,2016-01-04,2026-10-09,2708,60641719.295
SILJ,2016-01-04,2026-10-09,2708,10023845.083999999
SIMO,2016-01-04,2026-10-09,2708,17947370.64
SIRI,2016-01-04,2026-10-09,2708,95890533.53999999
SITE,2016-05-12,2026-10-09,2618,36868602.44
SITM,2019-11-21,2026-10-09,1729,30929579.46
SJM,2016-01-04,2026-10-09,2708,106672438.07500002
SKHY,2026-07-10,2026-10-09,65,3684511912.9
SLB,2016-01-04,2026-10-09,2708,416378572.15
SLV,2016-01-04,2026-10-09,2708,347253259.51
SM,2016-01-04,2026-10-09,2708,57128509.825
SMCI,2016-01-04,2026-10-09,2708,13950597.195
SMH,2016-01-04,2026-10-09,2708,811515893.36
SMMT,2016-01-04,2026-10-09,2708,564001.8
SMR,2020-12-09,2026-10-09,1465,11794422.379999999
SMTC,2016-01-04,2026-10-09,2708,28313204.799999997
SN,2016-01-04,2026-10-09,2708,9576372.925999999
SNA,2016-01-04,2026-10-09,2708,73358058.945
SNAP,2017-03-02,2026-10-09,2416,340849345.995
SNDK,2025-02-13,2026-10-09,416,2815025981.94
SNDQ,2026-04-23,2026-10-09,118,314559237.0
SNDU,2026-03-12,2026-10-09,147,100246691.61
SNOW,2020-09-16,2026-10-09,1524,898960167.905
SNPS,2016-01-04,2026-10-09,2708,236038729.39499998
SNX,2016-01-04,2026-10-09,2708,36031487.614999995
SNXX,2026-01-27,2026-10-09,178,839818525.436
SNY,2016-01-04,2026-10-09,2708,69213963.28
SO,2016-01-04,2026-10-09,2708,246432092.315
SOFI,2020-11-30,2026-10-09,1472,401744688.78
SOLS,2025-10-20,2026-10-09,245,146157773.06
SOUN,2022-04-28,2026-10-09,1117,110060848.71
SOXL,2016-01-04,2026-10-09,2708,529493010.86249995
SOXQ,2021-06-11,2026-10-09,1339,5682584.220000001
SOXS,2016-01-04,2026-10-09,2708,86031007.60499999
SOXX,2016-01-04,2026-10-09,2708,299418445.62
SPCH,2026-06-15,2026-10-09,82,234572687.48000002
SPCX,2026-06-12,2026-10-09,83,11957752770.6
SPDN,2016-06-08,2026-10-09,2600,12021513.39
SPDW,2016-01-04,2026-10-09,2708,52772799.06
SPG,2016-01-04,2026-10-09,2708,199498626.85999998
SPGI,2016-01-04,2026-10-09,2708,396929715.49
SPMD,2016-01-04,2026-10-09,2708,25794281.020000003
SPMO,2016-01-06,2026-10-09,2706,660968.4299999999
SPOT,2018-04-03,2026-10-09,2143,334832051.40000004
SPSM,2016-01-04,2026-10-09,2708,17869051.61
SPTL,2016-01-04,2026-10-09,2708,59902415.8
SPXC,2016-01-04,2026-10-09,2708,11773743.565000001
SPXL,2016-01-04,2026-10-09,2708,440815083.6
SPXS,2017-05-01,2026-10-09,2375,207631535.23
SPXU,2016-01-04,2026-10-09,2708,178992213.86
SPY,2016-01-04,2026-10-09,2708,26110710396.095
SPYG,2016-01-04,2026-10-09,2708,88640263.58000001
SQQQ,2016-01-04,2026-10-09,2708,777738991.515
SRE,2016-01-04,2026-10-09,2708,180697611.24
SRRK,2018-05-24,2026-10-09,2106,5124970.324999999
SSNC,2016-01-04,2026-10-09,2708,72278486.02
SSO,2016-01-04,2026-10-09,2708,198161725.39200002
SSPC,2026-06-15,2026-10-09,82,197504710.95499998
STE,2016-01-04,2026-10-09,2708,81577795.55
STLD,2016-01-04,2026-10-09,2708,111699951.76
STM,2016-01-04,2026-10-09,2708,94267358.83500001
STNG,2016-01-04,2026-10-09,2708,23793341.894999996
STRL,2016-01-04,2026-10-09,2708,4539229.455
STT,2016-01-04,2026-10-09,2708,154854919.25
STX,2016-01-04,2026-10-09,2708,152645527.28
STZ,2016-01-04,2026-10-09,2708,245166187.875
SU,2016-01-04,2026-10-09,2708,109200201.46499999
SUI,2016-01-04,2026-10-09,2708,66286021.22
SUNB,2026-03-02,2026-10-09,155,214119951.44
SW,2016-01-04,2026-10-09,2708,85441485.455
SWK,2016-01-04,2026-10-09,2708,131982224.75
SWKS,2016-01-04,2026-10-09,2708,189209697.265
SYF,2016-01-04,2026-10-09,2708,176890494.125
SYK,2016-01-04,2026-10-09,2708,287036010.16999996
SYNA,2016-01-04,2026-10-09,2708,38419907.295
SYRE,2016-04-07,2026-10-09,2643,1081167.75
SYY,2016-01-04,2026-10-09,2708,171304744.32999998
T,2016-01-04,2026-10-09,2708,574271208.1949999
TAP,2016-01-04,2026-10-09,2708,95327950.25
TCOM,2016-01-04,2026-10-09,2708,162035429.76999998
TD,2016-01-04,2026-10-09,2708,76385279.515
TDG,2016-01-04,2026-10-09,2708,150393071.04500002
TDY,2016-01-04,2026-10-09,2708,80668760.49000001
TEAM,2016-01-04,2026-10-09,2708,266565251.20499998
TECK,2016-01-04,2026-10-09,2708,101602345.0885
TECL,2016-01-04,2026-10-09,2708,79303498.45
TEL,2016-01-04,2026-10-09,2708,174604711.555
TEM,2024-06-14,2026-10-09,582,326779902.75
TENB,2018-07-26,2026-10-09,2063,34795158.230000004
TER,2016-01-04,2026-10-09,2708,160830966.64499998
TEVA,2026-09-14,2026-10-09,20,220037572.52999997
TFC,2016-01-04,2026-10-09,2708,225183462.69
TFX,2016-01-04,2026-10-09,2708,74421552.72
TGT,2016-01-04,2026-10-09,2708,469621186.475
TGTX,2016-01-04,2026-10-09,2708,30945550.02
THC,2016-01-04,2026-10-09,2708,67930413.88499999
TJX,2016-01-04,2026-10-09,2708,387509661.77
TKO,2016-01-04,2026-10-09,2708,52188827.17999999
TKR,2016-01-04,2026-10-09,2708,33059172.870000005
TLN,2024-07-10,2026-10-09,566,239696391.4
TLT,2016-01-04,2026-10-09,2708,1659939615.5100002
TMF,2016-01-04,2026-10-09,2708,36175150.45
TMO,2016-01-04,2026-10-09,2708,629322869.1600001
TMUS,2016-01-04,2026-10-09,2708,520204920.41999996
TNA,2016-01-04,2026-10-09,2708,368331619.375
TOL,2016-01-04,2026-10-09,2708,90118095.5
TOST,2021-09-22,2026-10-09,1268,164501002.12
TPG,2022-01-13,2026-10-09,1189,33912055.6
TPL,2016-01-04,2026-10-09,2708,26836343.28
TPR,2016-01-04,2026-10-09,2708,122631218.55499999
TQQQ,2016-01-04,2026-10-09,2708,3032410016.04
TRGP,2016-01-04,2026-10-09,2708,89923210.57
TRI,2016-01-04,2026-10-09,2708,39252155.06
TRMB,2016-01-04,2026-10-09,2708,61671486.495000005
TROW,2016-01-04,2026-10-09,2708,125460434.97
TRP,2019-05-09,2026-10-09,1866,73849346.82
TRU,2016-01-04,2026-10-09,2708,97450955.0
TRV,2016-01-04,2026-10-09,2708,207397994.235
TSCO,2016-01-04,2026-10-09,2708,177212598.45000002
TSEM,2016-01-04,2026-10-09,2708,15189863.440000001
TSLA,2016-01-04,2026-10-09,2708,15157667369.525002
TSLG,2024-12-13,2026-10-09,456,97513211.586
TSLL,2022-08-09,2026-10-09,1047,486495928.1
TSLQ,2022-07-14,2026-10-09,1065,111763562.02
TSM,2016-01-04,2026-10-09,2708,718506836.48
TSN,2016-01-04,2026-10-09,2708,146371424.04
TT,2016-01-04,2026-10-09,2708,195473356.26
TTAN,2024-12-12,2026-10-09,457,79587101.25999999
TTD,2016-09-21,2026-10-09,2527,303771152.09999996
TTE,2016-01-04,2026-10-09,2708,73963895.83500001
TTMI,2016-01-04,2026-10-09,2708,13563112.09
TTWO,2016-01-04,2026-10-09,2708,216664925.45
TVTX,2016-01-04,2026-10-09,2708,11225320.445
TW,2019-04-04,2026-10-09,1890,66720271.92
TWLO,2016-06-23,2026-10-09,2589,282311424.57
TWST,2018-10-31,2026-10-09,1995,35364493.36
TXG,2019-09-12,2026-10-09,1779,51802119.62
TXN,2016-01-04,2026-10-09,2708,693073508.7550001
TXRH,2016-01-04,2026-10-09,2708,68640217.53999999
TXT,2016-01-04,2026-10-09,2708,85539867.92
TYL,2016-01-04,2026-10-09,2708,82258758.635
TZA,2016-01-04,2026-10-09,2708,231245064.36
U,2020-09-18,2026-10-09,1522,297378306.65999997
UAL,2016-01-04,2026-10-09,2708,388351541.07
UBER,2019-05-10,2026-10-09,1865,1033137851.98
UBS,2016-01-04,2026-10-09,2708,38620443.3695
UCO,2016-01-04,2026-10-09,2708,75008474.8
UDOW,2016-01-04,2026-10-09,2708,137221980.28
UDR,2016-01-04,2026-10-09,2708,67053576.095
UGL,2016-01-04,2026-10-09,2708,6306955.359999999
UHS,2016-01-04,2026-10-09,2708,94451546.035
UL,2016-01-04,2026-10-09,2708,73314058.675
ULTA,2016-01-04,2026-10-09,2708,273157416.73
UMC,2016-01-04,2026-10-09,2708,31644916.615000002
UNF,2016-01-04,2026-10-09,2708,13313433.54
UNG,2016-01-04,2026-10-09,2708,88474118.82
UNH,2016-01-04,2026-10-09,2708,1184227724.5700002
UNM,2016-01-04,2026-10-09,2708,55936173.760000005
UNP,2016-01-04,2026-10-09,2708,518881213.05499995
UPRO,2016-01-04,2026-10-09,2708,302608707.65999997
UPS,2016-01-04,2026-10-09,2708,384929169.73
UPST,2020-12-16,2026-10-09,1460,230249108.71
URA,2016-01-04,2026-10-09,2708,13641468.57
URI,2016-01-04,2026-10-09,2708,230334773.31
USAR,2023-07-17,2026-10-09,813,4992886.8
USB,2016-01-04,2026-10-09,2708,290239061.58
USFD,2016-05-26,2026-10-09,2608,74038574.1
USO,2016-01-04,2026-10-09,2708,282703166.4
UTHR,2016-01-04,2026-10-09,2708,79030434.3
UVXY,2016-01-04,2026-10-09,2708,389737702.5
V,2016-01-04,2026-10-09,2708,1460383911.915
VAL,2016-01-04,2026-10-09,2708,55795626.59
VALE,2016-01-04,2026-10-09,2708,213803046.703
VB,2016-01-04,2026-10-09,2708,109576936.66499999
VCLT,2016-01-04,2026-10-09,2708,55899815.885
VDE,2016-01-04,2026-10-09,2708,40369581.135000005
VEA,2016-01-04,2026-10-09,2708,385910784.075
VEEA,2021-05-06,2026-10-09,1364,43528.015
VEEV,2016-01-04,2026-10-09,2708,179992396.865
VEU,2016-01-04,2026-10-09,2708,115615360.22500001
VFC,2016-01-04,2026-10-09,2708,130298300.4
VFH,2016-01-04,2026-10-09,2708,36134410.06
VFLO,2023-06-22,2026-10-09,829,24620195.21
VG,2016-01-04,2026-10-09,2708,22227673.835
VGK,2016-01-04,2026-10-09,2708,174113802.0
VGLT,2016-01-04,2026-10-09,2708,49222051.715
VGT,2016-01-04,2026-10-09,2708,169658360.64
VIAV,2016-01-04,2026-10-09,2708,23467354.975
VICI,2018-02-01,2026-10-09,2184,127361856.53999999
VICR,2016-01-04,2026-10-09,2708,10541851.84
VIK,2024-05-01,2026-10-09,613,136932232.72
VKTX,2016-01-04,2026-10-09,2708,10785957.66
VLO,2016-01-04,2026-10-09,2708,305037117.565
VLTO,2023-10-02,2026-10-09,759,135557366.14
VLUE,2016-01-04,2026-10-09,2708,34948035.69
VLY,2016-01-04,2026-10-09,2708,22474721.762000002
VMC,2016-01-04,2026-10-09,2708,152007549.365
VMRK,2016-01-04,2026-10-09,2708,107652266.805
VNQ,2016-01-04,2026-10-09,2708,317235240.765
VO,2016-01-04,2026-10-09,2708,109548671.16
VONG,2016-01-04,2026-10-09,2708,27266725.7
VOOG,2016-01-04,2026-10-09,2708,24744135.599999998
VOYA,2016-01-04,2026-10-09,2708,62467939.935
VRSK,2016-01-04,2026-10-09,2708,148877181.505
VRSN,2016-01-04,2026-10-09,2708,120555186.59
VRT,2018-07-30,2026-10-09,2061,75755577.0
VRTX,2016-01-04,2026-10-09,2708,378232482.745
VSAT,2016-01-04,2026-10-09,2708,25022464.37
VSH,2016-01-04,2026-10-09,2708,20369398.95
VST,2017-05-10,2026-10-09,2368,104238380.07499999
VSXY,2021-08-03,2026-10-09,1303,61993317.63999999
VT,2016-01-04,2026-10-09,2708,134227516.91
VTR,2016-01-04,2026-10-09,2708,106144306.22
VTRS,2020-11-12,2026-10-09,1483,95301990.784
VTWO,2016-01-04,2026-10-09,2708,53127410.635000005
VUG,2016-01-04,2026-10-09,2708,203965517.49
VWO,2016-01-04,2026-10-09,2708,410936781.745
VXUS,2016-01-04,2026-10-09,2708,126642528.81
VXX,2018-01-18,2026-10-09,2194,261527385.3
VZ,2016-01-04,2026-10-09,2708,617740836.77
W,2016-01-04,2026-10-09,2708,206881227.97
WAB,2016-01-04,2026-10-09,2708,96247886.69999999
WAT,2016-01-04,2026-10-09,2708,121651974.08
WBD,2022-04-11,2026-10-05,1125,330575648.12
WCC,2016-01-04,2026-10-09,2708,46602158.269999996
WCN,2016-01-04,2026-10-09,2708,94084444.995
WDAY,2016-01-04,2026-10-09,2708,360611384.275
WDC,2016-01-04,2026-10-09,2708,186062662.69
WEC,2016-01-04,2026-10-09,2708,117478213.86
WELL,2016-01-04,2026-10-09,2708,165734886.44
WEX,2016-01-04,2026-10-09,2708,58218064.54
WFC,2016-01-04,2026-10-09,2708,925837108.1899999
WHR,2016-01-04,2026-10-09,2708,94792704.85
WING,2016-01-04,2026-10-09,2708,60533913.49
WM,2016-01-04,2026-10-09,2708,218086419.905
WMB,2016-01-04,2026-10-09,2708,185611890.63
WMS,2016-01-04,2026-10-09,2708,37761651.84
WMT,2016-01-04,2026-10-09,2708,883548748.9200001
WPC,2016-01-04,2026-10-09,2708,47355945.989999995
WPM,2016-01-04,2026-10-09,2708,83435855.02
WRB,2016-01-04,2026-10-09,2708,52931476.395
WSM,2016-01-04,2026-10-09,2708,118069557.59
WSO,2016-01-04,2026-10-09,2708,48814637.705
WST,2016-01-04,2026-10-09,2708,110086793.97999999
WTRG,2016-01-04,2026-10-09,2708,38815461.394999996
WTW,2016-01-05,2026-10-09,2707,129558463.02
WULF,2016-01-05,2026-10-09,2707,258651.90000000002
WWD,2016-01-04,2026-10-09,2708,34872720.6
WY,2016-01-04,2026-10-09,2708,104436877.6
WYNN,2016-01-04,2026-10-09,2708,230560887.435
XBI,2016-01-04,2026-10-09,2708,632808169.29
XE,2016-12-30,2026-10-09,288,7913.5
XEL,2016-01-04,2026-10-09,2708,166816037.075
XENE,2016-01-04,2026-10-09,2708,4435095.66
XHB,2016-01-04,2026-10-09,2708,138863469.8
XLB,2016-01-04,2026-10-09,2708,369904170.64
XLC,2018-06-19,2026-10-09,2089,313824345.3
XLE,2016-01-04,2026-10-09,2708,1072820398.1200001
XLF,2016-01-04,2026-10-09,2708,1458631632.75
XLI,2016-01-04,2026-10-09,2708,898649754.5699999
XLK,2016-01-04,2026-10-09,2708,966542945.005
XLP,2016-01-04,2026-10-09,2708,691491055.065
XLRE,2016-01-04,2026-10-09,2708,150433963.75
XLU,2016-01-04,2026-10-09,2708,739936473.91
XLV,2016-01-04,2026-10-09,2708,953707520.4849999
XLY,2016-01-04,2026-10-09,2708,624770278.04
XME,2016-01-04,2026-10-09,2708,118544131.125
XOM,2016-01-04,2026-10-09,2708,1193608534.2649999
XOP,2016-01-04,2026-10-09,2708,494072824.505
XP,2019-12-11,2026-10-09,1716,76906851.705
XPO,2016-01-04,2026-10-09,2708,76734352.835
XRT,2016-01-04,2026-10-09,2708,260028804.58
XYL,2016-01-04,2026-10-09,2708,96792813.79499999
XYZ,2016-01-04,2026-10-09,2708,594396107.19
YUM,2016-01-04,2026-10-09,2708,192160828.39000002
Z,2016-01-04,2026-10-09,2708,132724395.16499999
ZBH,2016-01-04,2026-10-09,2708,157461503.565
ZBRA,2016-01-04,2026-10-09,2708,101743854.6
ZETA,2021-06-10,2026-10-09,1340,19253766.36
ZION,2016-01-04,2026-10-09,2708,76693293.775
ZM,2019-04-18,2026-10-09,1880,303212431.185
ZS,2018-03-16,2026-10-09,2154,311890100.665
ZSL,2016-01-04,2026-10-09,2708,5188420.800000001
ZTS,2016-01-04,2026-10-09,2708,281289388.76
