bar,signal,kind,n_days,rho_ROD,p_ROD,rho_o2c,sign_acc_ROD,base_rate_up_ROD,ROD_top3,ROD_bot3,ROD_top3_med,ROD_bot3_med,wf_acc_regime,wf_acc_RODclass,wf_share_months_gt_third,wf_folds,rho_absROD,p_absROD
1000,S1_brd_fo,dir,426,0.0651,0.1799,0.4893,0.5094,0.5258,0.1071,-0.047,0.1278,0.0109,0.4971,0.3471,0.5294,17.0,,
1000,S2_brd_vwap,dir,426,0.0709,0.1441,0.4212,0.5283,0.5258,0.102,-0.0521,0.1034,-0.0096,0.45,0.3471,0.5294,17.0,,
1000,S3_med_fo,dir,426,0.0662,0.1724,0.4957,0.5071,0.5258,0.1111,-0.0638,0.1212,0.0,0.4941,0.3529,0.5882,17.0,,
1000,S4_spy_fo,dir,426,0.0771,0.1118,0.3576,0.5399,0.5258,0.064,-0.0224,0.1166,0.0124,0.4235,0.3441,0.4706,17.0,,
1000,S5_qqq_fo,dir,426,0.088,0.0695,0.2306,0.5189,0.5258,0.0751,-0.0217,0.1173,0.004,0.3559,0.3735,0.5294,17.0,,
1000,S6_iwm_fo,dir,426,0.0334,0.492,0.4133,0.5376,0.5258,0.0563,-0.0569,0.0762,-0.0017,0.4588,0.3294,0.4706,17.0,,
1000,S7_spy_z,dir,426,0.0443,0.3612,0.2964,0.5117,0.5258,0.0412,-0.015,0.0533,0.0023,0.4,0.3235,0.4118,17.0,,
1000,S8_spy_vwslope,dir,0,,,,,,,,,,,,,,,
1000,S9_spy_gap,dir,426,0.0089,0.8554,-0.0222,0.5188,0.5258,0.0034,0.0603,0.0802,0.0144,0.35,0.3676,0.5294,17.0,,
1000,S10_med_gap,dir,426,-0.002,0.9678,-0.0175,0.4952,0.5258,-0.0283,0.0375,0.0533,0.0109,0.35,0.3324,0.5294,17.0,,
1000,S11_prior_o2c,dir,424,-0.0355,0.4661,-0.0474,0.4809,0.5283,-0.0076,0.0994,0.0458,0.1034,0.3647,0.3765,0.6471,17.0,,
1000,S12_gap_disp,magnitude,426,0.0359,0.4605,,,,,,,,,,,,0.094,0.0525
1000,S13_spy_atrpct,magnitude,426,0.0668,0.1686,,,,,,,,,,,,0.2274,0.0
1000,S14_spy_orw,magnitude,426,0.1133,0.0193,,,,,,,,,,,,0.0971,0.0452
1000,S15_med_rvol,magnitude,426,-0.0123,0.8005,,,,,,,,,,,,0.1363,0.0048
1000,S16_sect_disp,magnitude,426,-0.0275,0.572,,,,,,,,,,,,0.0773,0.111
1030,S1_brd_fo,dir,426,0.0132,0.7866,0.5624,0.5,0.5282,0.0498,0.0402,0.0777,0.0336,0.5706,0.3176,0.4118,17.0,,
1030,S2_brd_vwap,dir,426,-0.0007,0.989,0.4442,0.5035,0.5282,-0.042,0.0195,0.0716,0.0164,0.5235,0.3471,0.4118,17.0,,
1030,S3_med_fo,dir,426,0.0145,0.7647,0.571,0.5012,0.5282,0.0619,0.0335,0.0716,0.0519,0.5559,0.3206,0.4706,17.0,,
1030,S4_spy_fo,dir,426,0.0704,0.1471,0.4483,0.5423,0.5282,0.0491,0.016,0.101,0.0103,0.4794,0.3559,0.6471,17.0,,
1030,S5_qqq_fo,dir,426,0.0771,0.112,0.3089,0.5283,0.5282,0.1027,0.0041,0.1154,0.0119,0.3912,0.3941,0.5882,17.0,,
1030,S6_iwm_fo,dir,426,0.0234,0.6304,0.5127,0.5047,0.5282,0.0338,-0.0123,0.0763,0.0336,0.5206,0.3118,0.4706,17.0,,
1030,S7_spy_z,dir,426,0.0038,0.9378,0.3581,0.5188,0.5282,-0.018,0.0607,0.0885,0.0412,0.4529,0.3294,0.3529,17.0,,
1030,S8_spy_vwslope,dir,426,0.0565,0.2442,0.401,0.5493,0.5282,-0.0206,-0.0454,0.1038,-0.0449,0.4794,0.3618,0.7059,17.0,,
1030,S9_spy_gap,dir,426,0.0297,0.5406,-0.0222,0.5305,0.5282,-0.0047,0.076,0.0799,-0.0388,0.35,0.3824,0.6471,17.0,,
1030,S10_med_gap,dir,426,0.0295,0.5434,-0.0169,0.5131,0.5282,-0.0454,0.0319,0.0497,-0.0581,0.35,0.3324,0.5294,17.0,,
1030,S11_prior_o2c,dir,424,-0.0661,0.174,-0.0474,0.4737,0.5283,-0.0347,0.1072,0.0056,0.0804,0.3647,0.3471,0.4706,17.0,,
1030,S12_gap_disp,magnitude,426,-0.0035,0.9431,,,,,,,,,,,,0.1126,0.0201
1030,S13_spy_atrpct,magnitude,426,0.0215,0.658,,,,,,,,,,,,0.2175,0.0
1030,S14_spy_orw,magnitude,426,0.0901,0.0631,,,,,,,,,,,,0.125,0.0098
1030,S15_med_rvol,magnitude,426,0.008,0.8695,,,,,,,,,,,,0.0013,0.9791
1030,S16_sect_disp,magnitude,426,0.0366,0.4516,,,,,,,,,,,,0.0715,0.1408
